# vtk DataFile Version 3.0
Laplace equation solution
ASCII
DATASET STRUCTURED_POINTS
DIMENSIONS 256 256 1
ORIGIN 0 0 0
SPACING 0.00392157 0.00392157 1
POINT_DATA 65536
SCALARS u double 1
LOOKUP_TABLE default
0
0
0
0
0
0
0
0
0
0
0
0
0
0
0
0
0
0
0
0
0
0
0
0
0
0
0
0
0
0
0
0
0
0
0
0
0
0
0
0
0
0
0
0
0
0
0
0
0
0
0
0
0
0
0
0
0
0
0
0
0
0
0
0
0
0
0
0
0
0
0
0
0
0
0
0
0
0
0
0
0
0
0
0
0
0
0
0
0
0
0
0
0
0
0
0
0
0
0
0
0
0
0
0
0
0
0
0
0
0
0
0
0
0
0
0
0
0
0
0
0
0
0
0
0
0
0
0
0
0
0
0
0
0
0
0
0
0
0
0
0
0
0
0
0
0
0
0
0
0
0
0
0
0
0
0
0
0
0
0
0
0
0
0
0
0
0
0
0
0
0
0
0
0
0
0
0
0
0
0
0
0
0
0
0
0
0
0
0
0
0
0
0
0
0
0
0
0
0
0
0
0
0
0
0
0
0
0
0
0
0
0
0
0
0
0
0
0
0
0
0
0
0
0
0
0
0
0
0
0
0
0
0
0
0
0
0
0
0
0
0
0
0
0
0
0
0
0
0
0
0
0
0
0
0
0
0
0.00060679
0.00121321
0.0018189
0.00242348
0.00302659
0.00362786
0.00422693
0.00482343
0.00541701
0.00600729
0.00659393
0.00717657
0.00775485
0.00832842
0.00889693
0.00946005
0.0100174
0.0105687
0.0111136
0.0116517
0.0121828
0.0127064
0.0132224
0.0137303
0.0142299
0.0147208
0.0152028
0.0156756
0.0161388
0.0165923
0.0170357
0.0174687
0.0178912
0.0183027
0.0187032
0.0190923
0.0194698
0.0198355
0.0201892
0.0205306
0.0208595
0.0211758
0.0214792
0.0217696
0.0220468
0.0223105
0.0225608
0.0227973
0.02302
0.0232287
0.0234233
0.0236037
0.0237698
0.0239214
0.0240586
0.0241811
0.0242889
0.024382
0.0244603
0.0245237
0.0245722
0.0246059
0.0246246
0.0246283
0.0246171
0.0245909
0.0245498
0.0244938
0.024423
0.0243373
0.0242368
0.0241216
0.0239918
0.0238474
0.0236886
0.0235153
0.0233278
0.0231261
0.0229104
0.0226808
0.0224374
0.0221803
0.0219098
0.021626
0.0213291
0.0210193
0.0206966
0.0203614
0.0200139
0.0196542
0.0192825
0.0188992
0.0185044
0.0180983
0.0176813
0.0172535
0.0168153
0.0163668
0.0159084
0.0154404
0.0149629
0.0144764
0.0139811
0.0134773
0.0129654
0.0124455
0.0119181
0.0113835
0.010842
0.0102938
0.00973947
0.00917919
0.00861333
0.00804224
0.00746627
0.00688577
0.00630109
0.00571258
0.00512061
0.00452552
0.00392769
0.00332747
0.00272524
0.00212135
0.00151617
0.000910069
0.000303418
-0.000303418
-0.000910069
-0.00151617
-0.00212135
-0.00272524
-0.00332747
-0.00392769
-0.00452552
-0.00512061
-0.00571258
-0.00630109
-0.00688577
-0.00746627
-0.00804224
-0.00861333
-0.00917919
-0.00973947
-0.0102938
-0.010842
-0.0113835
-0.0119181
-0.0124455
-0.0129654
-0.0134773
-0.0139811
-0.0144764
-0.0149629
-0.0154404
-0.0159084
-0.0163668
-0.0168153
-0.0172535
-0.0176813
-0.0180983
-0.0185044
-0.0188992
-0.0192825
-0.0196542
-0.0200139
-0.0203614
-0.0206966
-0.0210193
-0.0213291
-0.021626
-0.0219098
-0.0221803
-0.0224374
-0.0226808
-0.0229104
-0.0231261
-0.0233278
-0.0235153
-0.0236886
-0.0238474
-0.0239918
-0.0241216
-0.0242368
-0.0243373
-0.024423
-0.0244938
-0.0245498
-0.0245909
-0.0246171
-0.0246283
-0.0246246
-0.0246059
-0.0245722
-0.0245237
-0.0244603
-0.024382
-0.0242889
-0.0241811
-0.0240586
-0.0239214
-0.0237698
-0.0236037
-0.0234233
-0.0232287
-0.02302
-0.0227973
-0.0225608
-0.0223105
-0.0220468
-0.0217696
-0.0214792
-0.0211758
-0.0208595
-0.0205306
-0.0201892
-0.0198355
-0.0194698
-0.0190923
-0.0187032
-0.0183027
-0.0178912
-0.0174687
-0.0170357
-0.0165923
-0.0161388
-0.0156756
-0.0152028
-0.0147208
-0.0142299
-0.0137303
-0.0132224
-0.0127064
-0.0121828
-0.0116517
-0.0111136
-0.0105687
-0.0100174
-0.00946005
-0.00889693
-0.00832842
-0.00775485
-0.00717657
-0.00659393
-0.00600729
-0.00541701
-0.00482343
-0.00422693
-0.00362786
-0.00302659
-0.00242348
-0.0018189
-0.00121321
-0.00060679
0
0
0.00121321
0.00242569
0.00363669
0.00484548
0.00605133
0.00725351
0.00845129
0.00964393
0.0108307
0.0120109
0.0131839
0.0143488
0.015505
0.0166518
0.0177885
0.0189144
0.0200288
0.021131
0.0222204
0.0232963
0.0243581
0.0254051
0.0264367
0.0274522
0.0284511
0.0294326
0.0303964
0.0313416
0.0322679
0.0331745
0.034061
0.0349268
0.0357714
0.0365944
0.037395
0.038173
0.0389278
0.039659
0.0403661
0.0410487
0.0417064
0.0423387
0.0429454
0.043526
0.0440801
0.0446075
0.0451078
0.0455808
0.046026
0.0464433
0.0468325
0.0471931
0.0475252
0.0478284
0.0481025
0.0483475
0.0485631
0.0487492
0.0489057
0.0490325
0.0491296
0.0491968
0.0492342
0.0492416
0.0492192
0.0491669
0.0490848
0.0489728
0.0488311
0.0486598
0.0484589
0.0482286
0.0479691
0.0476804
0.0473628
0.0470164
0.0466414
0.0462382
0.0458069
0.0453477
0.0448611
0.0443472
0.0438064
0.043239
0.0426453
0.0420258
0.0413807
0.0407105
0.0400156
0.0392964
0.0385534
0.0377869
0.0369975
0.0361856
0.0353518
0.0344965
0.0336203
0.0327237
0.0318072
0.0308713
0.0299168
0.0289441
0.0279538
0.0269465
0.0259229
0.0248835
0.023829
0.0227601
0.0216774
0.0205814
0.019473
0.0183528
0.0172214
0.0160796
0.014928
0.0137674
0.0125984
0.0114217
0.0102381
0.0090483
0.007853
0.00665293
0.00544882
0.00424141
0.00303142
0.00181959
0.000606652
-0.000606652
-0.00181959
-0.00303142
-0.00424141
-0.00544882
-0.00665293
-0.007853
-0.0090483
-0.0102381
-0.0114217
-0.0125984
-0.0137674
-0.014928
-0.0160796
-0.0172214
-0.0183528
-0.019473
-0.0205814
-0.0216774
-0.0227601
-0.023829
-0.0248835
-0.0259229
-0.0269465
-0.0279538
-0.0289441
-0.0299168
-0.0308713
-0.0318072
-0.0327237
-0.0336203
-0.0344965
-0.0353518
-0.0361856
-0.0369975
-0.0377869
-0.0385534
-0.0392964
-0.0400156
-0.0407105
-0.0413807
-0.0420258
-0.0426453
-0.043239
-0.0438064
-0.0443472
-0.0448611
-0.0453477
-0.0458069
-0.0462382
-0.0466414
-0.0470164
-0.0473628
-0.0476804
-0.0479691
-0.0482286
-0.0484589
-0.0486598
-0.0488311
-0.0489728
-0.0490848
-0.0491669
-0.0492192
-0.0492416
-0.0492342
-0.0491968
-0.0491296
-0.0490325
-0.0489057
-0.0487492
-0.0485631
-0.0483475
-0.0481025
-0.0478284
-0.0475252
-0.0471931
-0.0468325
-0.0464433
-0.046026
-0.0455808
-0.0451078
-0.0446075
-0.0440801
-0.043526
-0.0429454
-0.0423387
-0.0417064
-0.0410487
-0.0403661
-0.039659
-0.0389278
-0.038173
-0.037395
-0.0365944
-0.0357714
-0.0349268
-0.034061
-0.0331745
-0.0322679
-0.0313416
-0.0303964
-0.0294326
-0.0284511
-0.0274522
-0.0264367
-0.0254051
-0.0243581
-0.0232963
-0.0222204
-0.021131
-0.0200288
-0.0189144
-0.0177885
-0.0166518
-0.015505
-0.0143488
-0.0131839
-0.0120109
-0.0108307
-0.00964393
-0.00845129
-0.00725351
-0.00605133
-0.00484548
-0.00363669
-0.00242569
-0.00121321
0
0
0.0018189
0.00363669
0.00545227
0.00726455
0.00907241
0.0108748
0.0126705
0.0144586
0.0162379
0.0180073
0.0197658
0.0215123
0.0232457
0.024965
0.0266692
0.0283572
0.0300279
0.0316805
0.0333138
0.0349268
0.0365187
0.0380884
0.039635
0.0411575
0.042655
0.0441266
0.0455715
0.0469886
0.0483773
0.0497366
0.0510657
0.0523637
0.05363
0.0548638
0.0560642
0.0572306
0.0583622
0.0594584
0.0605185
0.0615419
0.0625279
0.063476
0.0643855
0.0652559
0.0660867
0.0668774
0.0676275
0.0683366
0.0690041
0.0696298
0.0702131
0.0707539
0.0712517
0.0717062
0.0721173
0.0724845
0.0728077
0.0730867
0.0733214
0.0735115
0.0736571
0.0737578
0.0738139
0.0738251
0.0737915
0.073713
0.0735899
0.073422
0.0732096
0.0729528
0.0726516
0.0723064
0.0719172
0.0714844
0.0710082
0.0704889
0.0699268
0.0693222
0.0686755
0.0679872
0.0672576
0.0664871
0.0656763
0.0648256
0.0639356
0.0630067
0.0620396
0.0610349
0.059993
0.0589148
0.0578008
0.0566517
0.0554682
0.054251
0.0530009
0.0517186
0.0504049
0.0490607
0.0476866
0.0462836
0.0448525
0.0433941
0.0419094
0.0403993
0.0388646
0.0373064
0.0357255
0.0341229
0.0324996
0.0308565
0.0291948
0.0275153
0.0258191
0.0241072
0.0223807
0.0206406
0.018888
0.0171239
0.0153494
0.0135656
0.0117735
0.00997434
0.0081691
0.00635889
0.00454482
0.002728
0.000909517
-0.000909517
-0.002728
-0.00454482
-0.00635889
-0.0081691
-0.00997434
-0.0117735
-0.0135656
-0.0153494
-0.0171239
-0.018888
-0.0206406
-0.0223807
-0.0241072
-0.0258191
-0.0275153
-0.0291948
-0.0308565
-0.0324996
-0.0341229
-0.0357255
-0.0373064
-0.0388646
-0.0403993
-0.0419094
-0.0433941
-0.0448525
-0.0462836
-0.0476866
-0.0490607
-0.0504049
-0.0517186
-0.0530009
-0.054251
-0.0554682
-0.0566517
-0.0578008
-0.0589148
-0.059993
-0.0610349
-0.0620396
-0.0630067
-0.0639356
-0.0648256
-0.0656763
-0.0664871
-0.0672576
-0.0679872
-0.0686755
-0.0693222
-0.0699268
-0.0704889
-0.0710082
-0.0714844
-0.0719172
-0.0723064
-0.0726516
-0.0729528
-0.0732096
-0.073422
-0.0735899
-0.073713
-0.0737915
-0.0738251
-0.0738139
-0.0737578
-0.0736571
-0.0735115
-0.0733214
-0.0730867
-0.0728077
-0.0724845
-0.0721173
-0.0717062
-0.0712517
-0.0707539
-0.0702131
-0.0696298
-0.0690041
-0.0683366
-0.0676275
-0.0668774
-0.0660867
-0.0652559
-0.0643855
-0.063476
-0.0625279
-0.0615419
-0.0605185
-0.0594584
-0.0583622
-0.0572306
-0.0560642
-0.0548638
-0.05363
-0.0523637
-0.0510657
-0.0497366
-0.0483773
-0.0469886
-0.0455715
-0.0441266
-0.042655
-0.0411575
-0.039635
-0.0380884
-0.0365187
-0.0349268
-0.0333138
-0.0316805
-0.0300279
-0.0283572
-0.0266692
-0.024965
-0.0232457
-0.0215123
-0.0197658
-0.0180073
-0.0162379
-0.0144586
-0.0126705
-0.0108748
-0.00907241
-0.00726455
-0.00545227
-0.00363669
-0.0018189
0
0
0.00242348
0.00484548
0.00726455
0.0096792
0.012088
0.0144894
0.0168821
0.0192644
0.0216351
0.0239927
0.0263357
0.0286627
0.0309723
0.0332631
0.0355337
0.0377828
0.0400089
0.0422107
0.0443869
0.0465361
0.0486571
0.0507485
0.0528092
0.0548378
0.056833
0.0587938
0.0607189
0.0626071
0.0644574
0.0662684
0.0680393
0.0697689
0.071456
0.0730999
0.0746993
0.0762534
0.0777612
0.0792217
0.0806342
0.0819978
0.0833115
0.0845747
0.0857865
0.0869463
0.0880532
0.0891067
0.0901062
0.0910509
0.0919403
0.0927739
0.0935512
0.0942717
0.094935
0.0955406
0.0960882
0.0965775
0.0970082
0.09738
0.0976926
0.0979459
0.0981398
0.0982741
0.0983488
0.0983637
0.0983189
0.0982144
0.0980503
0.0978267
0.0975437
0.0972014
0.0968002
0.0963402
0.0958217
0.095245
0.0946105
0.0939186
0.0931696
0.0923641
0.0915025
0.0905854
0.0896133
0.0885867
0.0875064
0.086373
0.0851871
0.0839495
0.0826609
0.0813222
0.0799341
0.0784974
0.0770131
0.0754821
0.0739052
0.0722834
0.0706178
0.0689093
0.067159
0.0653679
0.0635371
0.0616677
0.0597609
0.0578178
0.0558396
0.0538276
0.0517828
0.0497066
0.0476002
0.0454649
0.0433021
0.0411129
0.0388988
0.036661
0.034401
0.0321202
0.0298198
0.0275013
0.0251661
0.0228157
0.0204513
0.0180746
0.0156869
0.0132897
0.0108844
0.00847251
0.00605547
0.00363475
0.00121183
-0.00121183
-0.00363475
-0.00605547
-0.00847251
-0.0108844
-0.0132897
-0.0156869
-0.0180746
-0.0204513
-0.0228157
-0.0251661
-0.0275013
-0.0298198
-0.0321202
-0.034401
-0.036661
-0.0388988
-0.0411129
-0.0433021
-0.0454649
-0.0476002
-0.0497066
-0.0517828
-0.0538276
-0.0558396
-0.0578178
-0.0597609
-0.0616677
-0.0635371
-0.0653679
-0.067159
-0.0689093
-0.0706178
-0.0722834
-0.0739052
-0.0754821
-0.0770131
-0.0784974
-0.0799341
-0.0813222
-0.0826609
-0.0839495
-0.0851871
-0.086373
-0.0875064
-0.0885867
-0.0896133
-0.0905854
-0.0915025
-0.0923641
-0.0931696
-0.0939186
-0.0946105
-0.095245
-0.0958217
-0.0963402
-0.0968002
-0.0972014
-0.0975437
-0.0978267
-0.0980503
-0.0982144
-0.0983189
-0.0983637
-0.0983488
-0.0982741
-0.0981398
-0.0979459
-0.0976926
-0.09738
-0.0970082
-0.0965775
-0.0960882
-0.0955406
-0.094935
-0.0942717
-0.0935512
-0.0927739
-0.0919403
-0.0910509
-0.0901062
-0.0891067
-0.0880532
-0.0869463
-0.0857865
-0.0845747
-0.0833115
-0.0819978
-0.0806342
-0.0792217
-0.0777612
-0.0762534
-0.0746993
-0.0730999
-0.071456
-0.0697689
-0.0680393
-0.0662684
-0.0644574
-0.0626071
-0.0607189
-0.0587938
-0.056833
-0.0548378
-0.0528092
-0.0507485
-0.0486571
-0.0465361
-0.0443869
-0.0422107
-0.0400089
-0.0377828
-0.0355337
-0.0332631
-0.0309723
-0.0286627
-0.0263357
-0.0239927
-0.0216351
-0.0192644
-0.0168821
-0.0144894
-0.012088
-0.0096792
-0.00726455
-0.00484548
-0.00242348
0
0
0.00302659
0.00605133
0.00907241
0.012088
0.0150962
0.0180953
0.0210833
0.0240586
0.0270193
0.0299636
0.0328896
0.0357958
0.0386801
0.041541
0.0443767
0.0471854
0.0499655
0.0527153
0.055433
0.0581171
0.060766
0.0633779
0.0659513
0.0684848
0.0709766
0.0734253
0.0758295
0.0781876
0.0804983
0.0827601
0.0849716
0.0871316
0.0892387
0.0912916
0.093289
0.0952299
0.0971129
0.098937
0.100701
0.102404
0.104045
0.105622
0.107135
0.108584
0.109966
0.111282
0.11253
0.11371
0.114821
0.115862
0.116832
0.117732
0.118561
0.119317
0.120001
0.120612
0.12115
0.121614
0.122005
0.122321
0.122563
0.122731
0.122824
0.122843
0.122787
0.122656
0.122451
0.122172
0.121819
0.121391
0.12089
0.120316
0.119668
0.118948
0.118155
0.117291
0.116356
0.11535
0.114274
0.113129
0.111915
0.110633
0.109283
0.107868
0.106387
0.104841
0.103232
0.10156
0.0998265
0.0980324
0.0961787
0.0942666
0.0922973
0.090272
0.0881918
0.0860582
0.0838722
0.0816354
0.079349
0.0770144
0.0746331
0.0722064
0.069736
0.0672231
0.0646695
0.0620766
0.0594461
0.0567794
0.0540783
0.0513443
0.0485792
0.0457846
0.0429621
0.0401136
0.0372408
0.0343453
0.031429
0.0284936
0.0255409
0.0225727
0.0195908
0.016597
0.0135931
0.010581
0.00756245
0.0045393
0.00151341
-0.00151341
-0.0045393
-0.00756245
-0.010581
-0.0135931
-0.016597
-0.0195908
-0.0225727
-0.0255409
-0.0284936
-0.031429
-0.0343453
-0.0372408
-0.0401136
-0.0429621
-0.0457846
-0.0485792
-0.0513443
-0.0540783
-0.0567794
-0.0594461
-0.0620766
-0.0646695
-0.0672231
-0.069736
-0.0722064
-0.0746331
-0.0770144
-0.079349
-0.0816354
-0.0838722
-0.0860582
-0.0881918
-0.090272
-0.0922973
-0.0942666
-0.0961787
-0.0980324
-0.0998265
-0.10156
-0.103232
-0.104841
-0.106387
-0.107868
-0.109283
-0.110633
-0.111915
-0.113129
-0.114274
-0.11535
-0.116356
-0.117291
-0.118155
-0.118948
-0.119668
-0.120316
-0.12089
-0.121391
-0.121819
-0.122172
-0.122451
-0.122656
-0.122787
-0.122843
-0.122824
-0.122731
-0.122563
-0.122321
-0.122005
-0.121614
-0.12115
-0.120612
-0.120001
-0.119317
-0.118561
-0.117732
-0.116832
-0.115862
-0.114821
-0.11371
-0.11253
-0.111282
-0.109966
-0.108584
-0.107135
-0.105622
-0.104045
-0.102404
-0.100701
-0.098937
-0.0971129
-0.0952299
-0.093289
-0.0912916
-0.0892387
-0.0871316
-0.0849716
-0.0827601
-0.0804983
-0.0781876
-0.0758295
-0.0734253
-0.0709766
-0.0684848
-0.0659513
-0.0633779
-0.060766
-0.0581171
-0.055433
-0.0527153
-0.0499655
-0.0471854
-0.0443767
-0.041541
-0.0386801
-0.0357958
-0.0328896
-0.0299636
-0.0270193
-0.0240586
-0.0210833
-0.0180953
-0.0150962
-0.012088
-0.00907241
-0.00605133
-0.00302659
0
0
0.00362786
0.00725351
0.0108748
0.0144894
0.0180953
0.0216901
0.0252718
0.0288382
0.032387
0.0359162
0.0394236
0.0429071
0.0463645
0.0497937
0.0531927
0.0565595
0.0598919
0.0631879
0.0664456
0.0696629
0.0728379
0.0759688
0.0790535
0.0820902
0.085077
0.0880123
0.090894
0.0937207
0.0964904
0.0992015
0.101852
0.104441
0.106967
0.109428
0.111822
0.114149
0.116406
0.118592
0.120707
0.122748
0.124714
0.126605
0.128419
0.130155
0.131813
0.13339
0.134886
0.1363
0.137631
0.138879
0.140043
0.141121
0.142114
0.143021
0.143841
0.144573
0.145218
0.145774
0.146242
0.146622
0.146912
0.147113
0.147225
0.147247
0.14718
0.147023
0.146778
0.146443
0.146019
0.145507
0.144906
0.144218
0.143442
0.142578
0.141629
0.140593
0.139472
0.138266
0.136976
0.135603
0.134148
0.132611
0.130994
0.129297
0.127522
0.125669
0.12374
0.121736
0.119658
0.117508
0.115286
0.112994
0.110633
0.108206
0.105712
0.103155
0.100535
0.0978534
0.0951127
0.0923144
0.0894599
0.0865512
0.0835899
0.0805779
0.077517
0.074409
0.0712558
0.0680594
0.0648216
0.0615445
0.0582301
0.0548803
0.0514971
0.0480827
0.0446391
0.0411685
0.0376728
0.0341542
0.0306149
0.0270571
0.0234828
0.0198942
0.0162936
0.0126831
0.00906483
0.0054411
0.00181407
-0.00181407
-0.0054411
-0.00906483
-0.0126831
-0.0162936
-0.0198942
-0.0234828
-0.0270571
-0.0306149
-0.0341542
-0.0376728
-0.0411685
-0.0446391
-0.0480827
-0.0514971
-0.0548803
-0.0582301
-0.0615445
-0.0648216
-0.0680594
-0.0712558
-0.074409
-0.077517
-0.0805779
-0.0835899
-0.0865512
-0.0894599
-0.0923144
-0.0951127
-0.0978534
-0.100535
-0.103155
-0.105712
-0.108206
-0.110633
-0.112994
-0.115286
-0.117508
-0.119658
-0.121736
-0.12374
-0.125669
-0.127522
-0.129297
-0.130994
-0.132611
-0.134148
-0.135603
-0.136976
-0.138266
-0.139472
-0.140593
-0.141629
-0.142578
-0.143442
-0.144218
-0.144906
-0.145507
-0.146019
-0.146443
-0.146778
-0.147023
-0.14718
-0.147247
-0.147225
-0.147113
-0.146912
-0.146622
-0.146242
-0.145774
-0.145218
-0.144573
-0.143841
-0.143021
-0.142114
-0.141121
-0.140043
-0.138879
-0.137631
-0.1363
-0.134886
-0.13339
-0.131813
-0.130155
-0.128419
-0.126605
-0.124714
-0.122748
-0.120707
-0.118592
-0.116406
-0.114149
-0.111822
-0.109428
-0.106967
-0.104441
-0.101852
-0.0992015
-0.0964904
-0.0937207
-0.090894
-0.0880123
-0.085077
-0.0820902
-0.0790535
-0.0759688
-0.0728379
-0.0696629
-0.0664456
-0.0631879
-0.0598919
-0.0565595
-0.0531927
-0.0497937
-0.0463645
-0.0429071
-0.0394236
-0.0359162
-0.032387
-0.0288382
-0.0252718
-0.0216901
-0.0180953
-0.0144894
-0.0108748
-0.00725351
-0.00362786
0
0
0.00422693
0.00845129
0.0126705
0.0168821
0.0210833
0.0252718
0.029445
0.0336003
0.0377351
0.0418471
0.0459336
0.0499923
0.0540206
0.0580162
0.0619765
0.0658991
0.0697818
0.0736221
0.0774177
0.0811664
0.0848657
0.0885135
0.0921076
0.0956457
0.0991258
0.102546
0.105903
0.109197
0.112424
0.115583
0.118671
0.121688
0.124631
0.127498
0.130287
0.132998
0.135628
0.138175
0.140639
0.143017
0.145308
0.147512
0.149625
0.151648
0.153579
0.155416
0.157159
0.158807
0.160358
0.161812
0.163168
0.164425
0.165582
0.166638
0.167593
0.168447
0.169198
0.169846
0.170391
0.170833
0.171171
0.171406
0.171536
0.171562
0.171484
0.171302
0.171015
0.170625
0.170132
0.169535
0.168835
0.168033
0.167128
0.166122
0.165016
0.163809
0.162503
0.161098
0.159595
0.157995
0.1563
0.154509
0.152625
0.150648
0.14858
0.146421
0.144174
0.141839
0.139418
0.136912
0.134323
0.131653
0.128902
0.126074
0.123169
0.120189
0.117136
0.114012
0.110819
0.107558
0.104232
0.100843
0.0973932
0.0938838
0.0903174
0.0866962
0.0830223
0.0792981
0.0755257
0.0717074
0.0678456
0.0639427
0.0600009
0.0560227
0.0520104
0.0479666
0.0438937
0.0397941
0.0356704
0.031525
0.0273605
0.0231793
0.0189841
0.0147774
0.0105617
0.00633959
0.00211362
-0.00211362
-0.00633959
-0.0105617
-0.0147774
-0.0189841
-0.0231793
-0.0273605
-0.031525
-0.0356704
-0.0397941
-0.0438937
-0.0479666
-0.0520104
-0.0560227
-0.0600009
-0.0639427
-0.0678456
-0.0717074
-0.0755257
-0.0792981
-0.0830223
-0.0866962
-0.0903174
-0.0938838
-0.0973932
-0.100843
-0.104232
-0.107558
-0.110819
-0.114012
-0.117136
-0.120189
-0.123169
-0.126074
-0.128902
-0.131653
-0.134323
-0.136912
-0.139418
-0.141839
-0.144174
-0.146421
-0.14858
-0.150648
-0.152625
-0.154509
-0.1563
-0.157995
-0.159595
-0.161098
-0.162503
-0.163809
-0.165016
-0.166122
-0.167128
-0.168033
-0.168835
-0.169535
-0.170132
-0.170625
-0.171015
-0.171302
-0.171484
-0.171562
-0.171536
-0.171406
-0.171171
-0.170833
-0.170391
-0.169846
-0.169198
-0.168447
-0.167593
-0.166638
-0.165582
-0.164425
-0.163168
-0.161812
-0.160358
-0.158807
-0.157159
-0.155416
-0.153579
-0.151648
-0.149625
-0.147512
-0.145308
-0.143017
-0.140639
-0.138175
-0.135628
-0.132998
-0.130287
-0.127498
-0.124631
-0.121688
-0.118671
-0.115583
-0.112424
-0.109197
-0.105903
-0.102546
-0.0991258
-0.0956457
-0.0921076
-0.0885135
-0.0848657
-0.0811664
-0.0774177
-0.0736221
-0.0697818
-0.0658991
-0.0619765
-0.0580162
-0.0540206
-0.0499923
-0.0459336
-0.0418471
-0.0377351
-0.0336003
-0.029445
-0.0252718
-0.0210833
-0.0168821
-0.0126705
-0.00845129
-0.00422693
0
0
0.00482343
0.00964393
0.0144586
0.0192644
0.0240586
0.0288382
0.0336003
0.0383419
0.0430603
0.0477525
0.0524158
0.0570472
0.061644
0.0662034
0.0707226
0.0751988
0.0796294
0.0840117
0.0883429
0.0926205
0.0968419
0.101005
0.105106
0.109143
0.113114
0.117017
0.120848
0.124607
0.128289
0.131894
0.135418
0.138861
0.142219
0.14549
0.148674
0.151767
0.154768
0.157675
0.160486
0.1632
0.165814
0.168328
0.17074
0.173049
0.175252
0.177349
0.179338
0.181218
0.182988
0.184647
0.186194
0.187628
0.188948
0.190154
0.191244
0.192218
0.193075
0.193815
0.194437
0.194941
0.195327
0.195594
0.195743
0.195773
0.195684
0.195476
0.195149
0.194704
0.194141
0.193459
0.192661
0.191745
0.190713
0.189566
0.188303
0.186926
0.185435
0.183832
0.182117
0.180292
0.178357
0.176314
0.174163
0.171908
0.169547
0.167084
0.16452
0.161855
0.159092
0.156233
0.153279
0.150231
0.147093
0.143865
0.14055
0.13715
0.133666
0.130101
0.126457
0.122737
0.118942
0.115074
0.111137
0.107133
0.103063
0.0989307
0.0947384
0.0904886
0.0861838
0.0818268
0.07742
0.0729662
0.0684682
0.0639286
0.0593501
0.0547357
0.050088
0.0454099
0.0407042
0.0359738
0.0312216
0.0264504
0.0216632
0.0168628
0.0120522
0.00723423
0.0024119
-0.0024119
-0.00723423
-0.0120522
-0.0168628
-0.0216632
-0.0264504
-0.0312216
-0.0359738
-0.0407042
-0.0454099
-0.050088
-0.0547357
-0.0593501
-0.0639286
-0.0684682
-0.0729662
-0.07742
-0.0818268
-0.0861838
-0.0904886
-0.0947384
-0.0989307
-0.103063
-0.107133
-0.111137
-0.115074
-0.118942
-0.122737
-0.126457
-0.130101
-0.133666
-0.13715
-0.14055
-0.143865
-0.147093
-0.150231
-0.153279
-0.156233
-0.159092
-0.161855
-0.16452
-0.167084
-0.169547
-0.171908
-0.174163
-0.176314
-0.178357
-0.180292
-0.182117
-0.183832
-0.185435
-0.186926
-0.188303
-0.189566
-0.190713
-0.191745
-0.192661
-0.193459
-0.194141
-0.194704
-0.195149
-0.195476
-0.195684
-0.195773
-0.195743
-0.195594
-0.195327
-0.194941
-0.194437
-0.193815
-0.193075
-0.192218
-0.191244
-0.190154
-0.188948
-0.187628
-0.186194
-0.184647
-0.182988
-0.181218
-0.179338
-0.177349
-0.175252
-0.173049
-0.17074
-0.168328
-0.165814
-0.1632
-0.160486
-0.157675
-0.154768
-0.151767
-0.148674
-0.14549
-0.142219
-0.138861
-0.135418
-0.131894
-0.128289
-0.124607
-0.120848
-0.117017
-0.113114
-0.109143
-0.105106
-0.101005
-0.0968419
-0.0926205
-0.0883429
-0.0840117
-0.0796294
-0.0751988
-0.0707226
-0.0662034
-0.061644
-0.0570472
-0.0524158
-0.0477525
-0.0430603
-0.0383419
-0.0336003
-0.0288382
-0.0240586
-0.0192644
-0.0144586
-0.00964393
-0.00482343
0
0
0.00541701
0.0108307
0.0162379
0.0216351
0.0270193
0.032387
0.0377351
0.0430603
0.0483593
0.053629
0.0588661
0.0640675
0.06923
0.0743504
0.0794258
0.0844528
0.0894287
0.0943502
0.0992145
0.104018
0.108759
0.113434
0.11804
0.122575
0.127034
0.131417
0.13572
0.139941
0.144076
0.148125
0.152083
0.155949
0.15972
0.163394
0.166969
0.170443
0.173813
0.177078
0.180235
0.183283
0.18622
0.189043
0.191752
0.194344
0.196818
0.199173
0.201407
0.203519
0.205507
0.20737
0.209108
0.210718
0.212201
0.213554
0.214778
0.215872
0.216835
0.217666
0.218365
0.218931
0.219364
0.219664
0.219831
0.219865
0.219764
0.219531
0.219164
0.218664
0.218032
0.217267
0.21637
0.215342
0.214183
0.212894
0.211475
0.209929
0.208255
0.206454
0.204528
0.202478
0.200305
0.198011
0.195596
0.193063
0.190412
0.187646
0.184765
0.181773
0.17867
0.175459
0.172141
0.168719
0.165194
0.161569
0.157846
0.154028
0.150115
0.146112
0.142019
0.137841
0.133579
0.129236
0.124814
0.120316
0.115746
0.111105
0.106397
0.101624
0.0967897
0.0918964
0.0869474
0.0819455
0.0768939
0.0717957
0.0666538
0.0614715
0.0562518
0.050998
0.0457133
0.0404008
0.0350637
0.0297054
0.0243291
0.0189379
0.0135353
0.00812448
0.00270871
-0.00270871
-0.00812448
-0.0135353
-0.0189379
-0.0243291
-0.0297054
-0.0350637
-0.0404008
-0.0457133
-0.050998
-0.0562518
-0.0614715
-0.0666538
-0.0717957
-0.0768939
-0.0819455
-0.0869474
-0.0918964
-0.0967897
-0.101624
-0.106397
-0.111105
-0.115746
-0.120316
-0.124814
-0.129236
-0.133579
-0.137841
-0.142019
-0.146112
-0.150115
-0.154028
-0.157846
-0.161569
-0.165194
-0.168719
-0.172141
-0.175459
-0.17867
-0.181773
-0.184765
-0.187646
-0.190412
-0.193063
-0.195596
-0.198011
-0.200305
-0.202478
-0.204528
-0.206454
-0.208255
-0.209929
-0.211475
-0.212894
-0.214183
-0.215342
-0.21637
-0.217267
-0.218032
-0.218664
-0.219164
-0.219531
-0.219764
-0.219865
-0.219831
-0.219664
-0.219364
-0.218931
-0.218365
-0.217666
-0.216835
-0.215872
-0.214778
-0.213554
-0.212201
-0.210718
-0.209108
-0.20737
-0.205507
-0.203519
-0.201407
-0.199173
-0.196818
-0.194344
-0.191752
-0.189043
-0.18622
-0.183283
-0.180235
-0.177078
-0.173813
-0.170443
-0.166969
-0.163394
-0.15972
-0.155949
-0.152083
-0.148125
-0.144076
-0.139941
-0.13572
-0.131417
-0.127034
-0.122575
-0.11804
-0.113434
-0.108759
-0.104018
-0.0992145
-0.0943502
-0.0894287
-0.0844528
-0.0794258
-0.0743504
-0.06923
-0.0640675
-0.0588661
-0.053629
-0.0483593
-0.0430603
-0.0377351
-0.032387
-0.0270193
-0.0216351
-0.0162379
-0.0108307
-0.00541701
0
0
0.00600729
0.0120109
0.0180073
0.0239927
0.0299636
0.0359162
0.0418471
0.0477525
0.053629
0.0594729
0.0652807
0.0710489
0.0767739
0.0824523
0.0880807
0.0936556
0.0991736
0.104631
0.110026
0.115353
0.120611
0.125795
0.130903
0.135931
0.140877
0.145738
0.150509
0.15519
0.159776
0.164266
0.168655
0.172942
0.177125
0.181199
0.185164
0.189016
0.192754
0.196374
0.199875
0.203255
0.206512
0.209643
0.212647
0.215522
0.218266
0.220877
0.223354
0.225696
0.227901
0.229967
0.231894
0.23368
0.235324
0.236825
0.238183
0.239395
0.240463
0.241385
0.24216
0.242788
0.243268
0.243601
0.243786
0.243823
0.243712
0.243453
0.243046
0.242492
0.24179
0.240942
0.239947
0.238807
0.237522
0.236092
0.23452
0.232805
0.230948
0.228951
0.226816
0.224542
0.222133
0.219588
0.21691
0.2141
0.211161
0.208093
0.204899
0.201581
0.19814
0.194579
0.190899
0.187104
0.183195
0.179176
0.175047
0.170812
0.166473
0.162033
0.157495
0.152861
0.148135
0.143318
0.138415
0.133427
0.128359
0.123212
0.117991
0.112698
0.107337
0.10191
0.0964219
0.090875
0.085273
0.0796192
0.073917
0.06817
0.0623815
0.0565552
0.0506946
0.0448032
0.0388846
0.0329424
0.0269802
0.0210016
0.0150103
0.0090098
0.00300387
-0.00300387
-0.0090098
-0.0150103
-0.0210016
-0.0269802
-0.0329424
-0.0388846
-0.0448032
-0.0506946
-0.0565552
-0.0623815
-0.06817
-0.073917
-0.0796192
-0.085273
-0.090875
-0.0964219
-0.10191
-0.107337
-0.112698
-0.117991
-0.123212
-0.128359
-0.133427
-0.138415
-0.143318
-0.148135
-0.152861
-0.157495
-0.162033
-0.166473
-0.170812
-0.175047
-0.179176
-0.183195
-0.187104
-0.190899
-0.194579
-0.19814
-0.201581
-0.204899
-0.208093
-0.211161
-0.2141
-0.21691
-0.219588
-0.222133
-0.224542
-0.226816
-0.228951
-0.230948
-0.232805
-0.23452
-0.236092
-0.237522
-0.238807
-0.239947
-0.240942
-0.24179
-0.242492
-0.243046
-0.243453
-0.243712
-0.243823
-0.243786
-0.243601
-0.243268
-0.242788
-0.24216
-0.241385
-0.240463
-0.239395
-0.238183
-0.236825
-0.235324
-0.23368
-0.231894
-0.229967
-0.227901
-0.225696
-0.223354
-0.220877
-0.218266
-0.215522
-0.212647
-0.209643
-0.206512
-0.203255
-0.199875
-0.196374
-0.192754
-0.189016
-0.185164
-0.181199
-0.177125
-0.172942
-0.168655
-0.164266
-0.159776
-0.15519
-0.150509
-0.145738
-0.140877
-0.135931
-0.130903
-0.125795
-0.120611
-0.115353
-0.110026
-0.104631
-0.0991736
-0.0936556
-0.0880807
-0.0824523
-0.0767739
-0.0710489
-0.0652807
-0.0594729
-0.053629
-0.0477525
-0.0418471
-0.0359162
-0.0299636
-0.0239927
-0.0180073
-0.0120109
-0.00600729
0
0
0.00659393
0.0131839
0.0197658
0.0263357
0.0328896
0.0394236
0.0459336
0.0524158
0.0588661
0.0652807
0.0716557
0.0779871
0.0842712
0.0905042
0.0966822
0.102801
0.108858
0.114849
0.12077
0.126618
0.132389
0.138079
0.143686
0.149206
0.154635
0.15997
0.165207
0.170345
0.175379
0.180307
0.185125
0.189831
0.194422
0.198894
0.203246
0.207474
0.211577
0.215551
0.219394
0.223104
0.226679
0.230116
0.233413
0.236568
0.23958
0.242447
0.245166
0.247736
0.250156
0.252424
0.254539
0.2565
0.258304
0.259952
0.261442
0.262774
0.263945
0.264957
0.265808
0.266497
0.267024
0.26739
0.267593
0.267633
0.267512
0.267227
0.266781
0.266172
0.265402
0.264471
0.263379
0.262128
0.260717
0.259148
0.257422
0.255539
0.253501
0.251309
0.248965
0.24647
0.243825
0.241032
0.238092
0.235008
0.231782
0.228414
0.224908
0.221266
0.217489
0.21358
0.209542
0.205376
0.201085
0.196673
0.192141
0.187492
0.18273
0.177857
0.172875
0.167789
0.162601
0.157314
0.151932
0.146457
0.140894
0.135244
0.129513
0.123704
0.117819
0.111862
0.105838
0.0997494
0.0936003
0.0873943
0.0811353
0.0748271
0.0684734
0.0620781
0.0556452
0.0491784
0.0426819
0.0361594
0.0296149
0.0230525
0.0164761
0.00988964
0.00329722
-0.00329722
-0.00988964
-0.0164761
-0.0230525
-0.0296149
-0.0361594
-0.0426819
-0.0491784
-0.0556452
-0.0620781
-0.0684734
-0.0748271
-0.0811353
-0.0873943
-0.0936003
-0.0997494
-0.105838
-0.111862
-0.117819
-0.123704
-0.129513
-0.135244
-0.140894
-0.146457
-0.151932
-0.157314
-0.162601
-0.167789
-0.172875
-0.177857
-0.18273
-0.187492
-0.192141
-0.196673
-0.201085
-0.205376
-0.209542
-0.21358
-0.217489
-0.221266
-0.224908
-0.228414
-0.231782
-0.235008
-0.238092
-0.241032
-0.243825
-0.24647
-0.248965
-0.251309
-0.253501
-0.255539
-0.257422
-0.259148
-0.260717
-0.262128
-0.263379
-0.264471
-0.265402
-0.266172
-0.266781
-0.267227
-0.267512
-0.267633
-0.267593
-0.26739
-0.267024
-0.266497
-0.265808
-0.264957
-0.263945
-0.262774
-0.261442
-0.259952
-0.258304
-0.2565
-0.254539
-0.252424
-0.250156
-0.247736
-0.245166
-0.242447
-0.23958
-0.236568
-0.233413
-0.230116
-0.226679
-0.223104
-0.219394
-0.215551
-0.211577
-0.207474
-0.203246
-0.198894
-0.194422
-0.189831
-0.185125
-0.180307
-0.175379
-0.170345
-0.165207
-0.15997
-0.154635
-0.149206
-0.143686
-0.138079
-0.132389
-0.126618
-0.12077
-0.114849
-0.108858
-0.102801
-0.0966822
-0.0905042
-0.0842712
-0.0779871
-0.0716557
-0.0652807
-0.0588661
-0.0524158
-0.0459336
-0.0394236
-0.0328896
-0.0263357
-0.0197658
-0.0131839
-0.00659393
0
0
0.00717657
0.0143488
0.0215123
0.0286627
0.0357958
0.0429071
0.0499923
0.0570472
0.0640675
0.0710489
0.0779871
0.084878
0.0917174
0.0985011
0.105225
0.111885
0.118477
0.124997
0.131441
0.137806
0.144087
0.15028
0.156382
0.162389
0.168298
0.174104
0.179805
0.185397
0.190876
0.196239
0.201483
0.206604
0.211601
0.216468
0.221205
0.225807
0.230272
0.234597
0.23878
0.242817
0.246708
0.250448
0.254037
0.257471
0.260749
0.263869
0.266829
0.269626
0.27226
0.274729
0.27703
0.279164
0.281128
0.282921
0.284543
0.285992
0.287267
0.288368
0.289294
0.290044
0.290618
0.291016
0.291237
0.291281
0.291149
0.290839
0.290353
0.289691
0.288853
0.28784
0.286651
0.285289
0.283754
0.282046
0.280167
0.278118
0.2759
0.273515
0.270964
0.268248
0.265369
0.262329
0.25913
0.255774
0.252262
0.248597
0.244781
0.240817
0.236706
0.232452
0.228057
0.223523
0.218853
0.214051
0.209118
0.204059
0.198876
0.193572
0.18815
0.182615
0.176968
0.171214
0.165356
0.159398
0.153343
0.147195
0.140957
0.134634
0.128229
0.121746
0.11519
0.108563
0.101871
0.0951165
0.0883044
0.0814388
0.0745237
0.0675633
0.060562
0.0535238
0.0464532
0.0393544
0.0322317
0.0250894
0.0179319
0.0107635
0.00358856
-0.00358856
-0.0107635
-0.0179319
-0.0250894
-0.0322317
-0.0393544
-0.0464532
-0.0535238
-0.060562
-0.0675633
-0.0745237
-0.0814388
-0.0883044
-0.0951165
-0.101871
-0.108563
-0.11519
-0.121746
-0.128229
-0.134634
-0.140957
-0.147195
-0.153343
-0.159398
-0.165356
-0.171214
-0.176968
-0.182615
-0.18815
-0.193572
-0.198876
-0.204059
-0.209118
-0.214051
-0.218853
-0.223523
-0.228057
-0.232452
-0.236706
-0.240817
-0.244781
-0.248597
-0.252262
-0.255774
-0.25913
-0.262329
-0.265369
-0.268248
-0.270964
-0.273515
-0.2759
-0.278118
-0.280167
-0.282046
-0.283754
-0.285289
-0.286651
-0.28784
-0.288853
-0.289691
-0.290353
-0.290839
-0.291149
-0.291281
-0.291237
-0.291016
-0.290618
-0.290044
-0.289294
-0.288368
-0.287267
-0.285992
-0.284543
-0.282921
-0.281128
-0.279164
-0.27703
-0.274729
-0.27226
-0.269626
-0.266829
-0.263869
-0.260749
-0.257471
-0.254037
-0.250448
-0.246708
-0.242817
-0.23878
-0.234597
-0.230272
-0.225807
-0.221205
-0.216468
-0.211601
-0.206604
-0.201483
-0.196239
-0.190876
-0.185397
-0.179805
-0.174104
-0.168298
-0.162389
-0.156382
-0.15028
-0.144087
-0.137806
-0.131441
-0.124997
-0.118477
-0.111885
-0.105225
-0.0985011
-0.0917174
-0.084878
-0.0779871
-0.0710489
-0.0640675
-0.0570472
-0.0499923
-0.0429071
-0.0357958
-0.0286627
-0.0215123
-0.0143488
-0.00717657
0
0
0.00775485
0.015505
0.0232457
0.0309723
0.0386801
0.0463645
0.0540206
0.061644
0.06923
0.0767739
0.0842712
0.0917174
0.0991079
0.106438
0.113704
0.120901
0.128024
0.135069
0.142033
0.14891
0.155697
0.16239
0.168983
0.175475
0.181859
0.188133
0.194294
0.200336
0.206256
0.212051
0.217718
0.223252
0.228651
0.233911
0.239029
0.244002
0.248827
0.2535
0.25802
0.262383
0.266587
0.270629
0.274507
0.278218
0.28176
0.285131
0.288329
0.291352
0.294198
0.296866
0.299353
0.301659
0.303781
0.305719
0.307471
0.309037
0.310415
0.311605
0.312605
0.313416
0.314036
0.314466
0.314705
0.314752
0.314609
0.314275
0.31375
0.313034
0.312129
0.311033
0.30975
0.308278
0.306618
0.304773
0.302743
0.300529
0.298132
0.295555
0.292798
0.289863
0.286752
0.283467
0.28001
0.276384
0.272589
0.268629
0.264505
0.260222
0.25578
0.251183
0.246433
0.241534
0.236488
0.231299
0.225969
0.220502
0.214901
0.20917
0.203311
0.19733
0.191228
0.18501
0.17868
0.172242
0.165699
0.159055
0.152315
0.145483
0.138562
0.131557
0.124472
0.117311
0.110079
0.102781
0.0954199
0.088001
0.0805287
0.0730075
0.065442
0.0578367
0.0501964
0.0425255
0.0348289
0.0271111
0.0193768
0.0116308
0.00387772
-0.00387772
-0.0116308
-0.0193768
-0.0271111
-0.0348289
-0.0425255
-0.0501964
-0.0578367
-0.065442
-0.0730075
-0.0805287
-0.088001
-0.0954199
-0.102781
-0.110079
-0.117311
-0.124472
-0.131557
-0.138562
-0.145483
-0.152315
-0.159055
-0.165699
-0.172242
-0.17868
-0.18501
-0.191228
-0.19733
-0.203311
-0.20917
-0.214901
-0.220502
-0.225969
-0.231299
-0.236488
-0.241534
-0.246433
-0.251183
-0.25578
-0.260222
-0.264505
-0.268629
-0.272589
-0.276384
-0.28001
-0.283467
-0.286752
-0.289863
-0.292798
-0.295555
-0.298132
-0.300529
-0.302743
-0.304773
-0.306618
-0.308278
-0.30975
-0.311033
-0.312129
-0.313034
-0.31375
-0.314275
-0.314609
-0.314752
-0.314705
-0.314466
-0.314036
-0.313416
-0.312605
-0.311605
-0.310415
-0.309037
-0.307471
-0.305719
-0.303781
-0.301659
-0.299353
-0.296866
-0.294198
-0.291352
-0.288329
-0.285131
-0.28176
-0.278218
-0.274507
-0.270629
-0.266587
-0.262383
-0.25802
-0.2535
-0.248827
-0.244002
-0.239029
-0.233911
-0.228651
-0.223252
-0.217718
-0.212051
-0.206256
-0.200336
-0.194294
-0.188133
-0.181859
-0.175475
-0.168983
-0.16239
-0.155697
-0.14891
-0.142033
-0.135069
-0.128024
-0.120901
-0.113704
-0.106438
-0.0991079
-0.0917174
-0.0842712
-0.0767739
-0.06923
-0.061644
-0.0540206
-0.0463645
-0.0386801
-0.0309723
-0.0232457
-0.015505
-0.00775485
0
0
0.00832842
0.0166518
0.024965
0.0332631
0.041541
0.0497937
0.0580162
0.0662034
0.0743504
0.0824523
0.0905042
0.0985011
0.106438
0.114311
0.122114
0.129843
0.137493
0.145059
0.152538
0.159924
0.167213
0.1744
0.181482
0.188453
0.19531
0.202048
0.208664
0.215153
0.221511
0.227735
0.233821
0.239765
0.245563
0.251212
0.256708
0.262049
0.267231
0.27225
0.277104
0.28179
0.286305
0.290646
0.29481
0.298796
0.3026
0.30622
0.309655
0.312902
0.315958
0.318823
0.321494
0.32397
0.32625
0.328331
0.330213
0.331894
0.333374
0.334652
0.335726
0.336597
0.337263
0.337725
0.337981
0.338033
0.337879
0.33752
0.336956
0.336187
0.335215
0.334038
0.332659
0.331079
0.329297
0.327315
0.325135
0.322757
0.320183
0.317415
0.314454
0.311302
0.307961
0.304433
0.300721
0.296826
0.29275
0.288497
0.284069
0.279468
0.274698
0.269761
0.26466
0.259398
0.253979
0.248406
0.242682
0.236811
0.230796
0.22464
0.218349
0.211925
0.205372
0.198694
0.191896
0.184982
0.177955
0.17082
0.163581
0.156243
0.14881
0.141287
0.133678
0.125988
0.118221
0.110383
0.102477
0.0945098
0.0864848
0.0784073
0.0702822
0.0621145
0.053909
0.0456708
0.0374049
0.0291163
0.02081
0.012491
0.00416452
-0.00416452
-0.012491
-0.02081
-0.0291163
-0.0374049
-0.0456708
-0.053909
-0.0621145
-0.0702822
-0.0784073
-0.0864848
-0.0945098
-0.102477
-0.110383
-0.118221
-0.125988
-0.133678
-0.141287
-0.14881
-0.156243
-0.163581
-0.17082
-0.177955
-0.184982
-0.191896
-0.198694
-0.205372
-0.211925
-0.218349
-0.22464
-0.230796
-0.236811
-0.242682
-0.248406
-0.253979
-0.259398
-0.26466
-0.269761
-0.274698
-0.279468
-0.284069
-0.288497
-0.29275
-0.296826
-0.300721
-0.304433
-0.307961
-0.311302
-0.314454
-0.317415
-0.320183
-0.322757
-0.325135
-0.327315
-0.329297
-0.331079
-0.332659
-0.334038
-0.335215
-0.336187
-0.336956
-0.33752
-0.337879
-0.338033
-0.337981
-0.337725
-0.337263
-0.336597
-0.335726
-0.334652
-0.333374
-0.331894
-0.330213
-0.328331
-0.32625
-0.32397
-0.321494
-0.318823
-0.315958
-0.312902
-0.309655
-0.30622
-0.3026
-0.298796
-0.29481
-0.290646
-0.286305
-0.28179
-0.277104
-0.27225
-0.267231
-0.262049
-0.256708
-0.251212
-0.245563
-0.239765
-0.233821
-0.227735
-0.221511
-0.215153
-0.208664
-0.202048
-0.19531
-0.188453
-0.181482
-0.1744
-0.167213
-0.159924
-0.152538
-0.145059
-0.137493
-0.129843
-0.122114
-0.114311
-0.106438
-0.0985011
-0.0905042
-0.0824523
-0.0743504
-0.0662034
-0.0580162
-0.0497937
-0.041541
-0.0332631
-0.024965
-0.0166518
-0.00832842
0
0
0.00889693
0.0177885
0.0266692
0.0355337
0.0443767
0.0531927
0.0619765
0.0707226
0.0794257
0.0880807
0.0966822
0.105225
0.113704
0.122114
0.130449
0.138706
0.146878
0.154962
0.162951
0.170841
0.178627
0.186305
0.19387
0.201317
0.208642
0.215841
0.222908
0.22984
0.236632
0.243281
0.249782
0.256132
0.262325
0.26836
0.274232
0.279937
0.285472
0.290834
0.29602
0.301026
0.305849
0.310486
0.314935
0.319192
0.323256
0.327124
0.330793
0.334261
0.337526
0.340586
0.34344
0.346085
0.34852
0.350743
0.352754
0.35455
0.356131
0.357496
0.358644
0.359574
0.360285
0.360779
0.361053
0.361107
0.360943
0.360559
0.359957
0.359136
0.358097
0.356841
0.355368
0.353679
0.351775
0.349658
0.347329
0.344789
0.342039
0.339082
0.335919
0.332552
0.328983
0.325215
0.321249
0.317088
0.312734
0.308191
0.30346
0.298545
0.293449
0.288175
0.282726
0.277106
0.271317
0.265363
0.259248
0.252976
0.24655
0.239975
0.233254
0.226391
0.219391
0.212258
0.204995
0.197609
0.190102
0.18248
0.174747
0.166908
0.158968
0.150931
0.142803
0.134588
0.126291
0.117918
0.109473
0.100961
0.0923885
0.0837596
0.0750799
0.0663546
0.057589
0.0487884
0.0399583
0.0311038
0.0222305
0.0133437
0.0044488
-0.0044488
-0.0133437
-0.0222305
-0.0311038
-0.0399583
-0.0487884
-0.057589
-0.0663546
-0.0750799
-0.0837596
-0.0923885
-0.100961
-0.109473
-0.117918
-0.126291
-0.134588
-0.142803
-0.150931
-0.158968
-0.166908
-0.174747
-0.18248
-0.190102
-0.197609
-0.204995
-0.212258
-0.219391
-0.226391
-0.233254
-0.239975
-0.24655
-0.252976
-0.259248
-0.265363
-0.271317
-0.277106
-0.282726
-0.288175
-0.293449
-0.298545
-0.30346
-0.308191
-0.312734
-0.317088
-0.321249
-0.325215
-0.328983
-0.332552
-0.335919
-0.339082
-0.342039
-0.344789
-0.347329
-0.349658
-0.351775
-0.353679
-0.355368
-0.356841
-0.358097
-0.359136
-0.359957
-0.360559
-0.360943
-0.361107
-0.361053
-0.360779
-0.360285
-0.359574
-0.358644
-0.357496
-0.356131
-0.35455
-0.352754
-0.350743
-0.34852
-0.346085
-0.34344
-0.340586
-0.337526
-0.334261
-0.330793
-0.327124
-0.323256
-0.319192
-0.314935
-0.310486
-0.305849
-0.301026
-0.29602
-0.290834
-0.285472
-0.279937
-0.274232
-0.26836
-0.262325
-0.256132
-0.249782
-0.243281
-0.236632
-0.22984
-0.222908
-0.215841
-0.208642
-0.201317
-0.19387
-0.186305
-0.178627
-0.170841
-0.162951
-0.154962
-0.146878
-0.138706
-0.130449
-0.122114
-0.113704
-0.105225
-0.0966822
-0.0880807
-0.0794257
-0.0707226
-0.0619765
-0.0531927
-0.0443767
-0.0355337
-0.0266692
-0.0177885
-0.00889693
0
0
0.00946005
0.0189143
0.0283572
0.0377828
0.0471854
0.0565595
0.0658991
0.0751988
0.0844528
0.0936556
0.102801
0.111885
0.120901
0.129843
0.138706
0.147485
0.156175
0.16477
0.173264
0.181654
0.189933
0.198097
0.206141
0.214059
0.221848
0.229502
0.237016
0.244387
0.251609
0.258679
0.265592
0.272343
0.278929
0.285345
0.291589
0.297655
0.303541
0.309242
0.314756
0.320078
0.325207
0.330137
0.334868
0.339395
0.343716
0.347828
0.35173
0.355417
0.358889
0.362143
0.365177
0.36799
0.370579
0.372943
0.375081
0.376991
0.378672
0.380123
0.381343
0.382332
0.383089
0.383613
0.383905
0.383963
0.383788
0.38338
0.38274
0.381867
0.380762
0.379426
0.37786
0.376064
0.37404
0.371789
0.369312
0.366611
0.363688
0.360544
0.35718
0.3536
0.349806
0.345798
0.341581
0.337157
0.332528
0.327697
0.322667
0.317441
0.312023
0.306415
0.300621
0.294644
0.288489
0.282159
0.275657
0.268988
0.262155
0.255164
0.248017
0.24072
0.233277
0.225692
0.21797
0.210116
0.202134
0.19403
0.185808
0.177473
0.16903
0.160484
0.151841
0.143106
0.134285
0.125381
0.116402
0.107351
0.098236
0.089061
0.0798319
0.0705543
0.0612339
0.0518764
0.0424873
0.0330725
0.0236376
0.0141883
0.00473038
-0.00473038
-0.0141883
-0.0236376
-0.0330725
-0.0424873
-0.0518764
-0.0612339
-0.0705543
-0.0798319
-0.089061
-0.098236
-0.107351
-0.116402
-0.125381
-0.134285
-0.143106
-0.151841
-0.160484
-0.16903
-0.177473
-0.185808
-0.19403
-0.202134
-0.210116
-0.21797
-0.225692
-0.233277
-0.24072
-0.248017
-0.255164
-0.262155
-0.268988
-0.275657
-0.282159
-0.288489
-0.294644
-0.300621
-0.306415
-0.312023
-0.317441
-0.322667
-0.327697
-0.332528
-0.337157
-0.341581
-0.345798
-0.349806
-0.3536
-0.35718
-0.360544
-0.363688
-0.366611
-0.369312
-0.371789
-0.37404
-0.376064
-0.37786
-0.379426
-0.380762
-0.381867
-0.38274
-0.38338
-0.383788
-0.383963
-0.383905
-0.383613
-0.383089
-0.382332
-0.381343
-0.380123
-0.378672
-0.376991
-0.375081
-0.372943
-0.370579
-0.36799
-0.365177
-0.362143
-0.358889
-0.355417
-0.35173
-0.347828
-0.343716
-0.339395
-0.334868
-0.330137
-0.325207
-0.320078
-0.314756
-0.309242
-0.303541
-0.297655
-0.291589
-0.285345
-0.278929
-0.272343
-0.265592
-0.258679
-0.251609
-0.244387
-0.237016
-0.229502
-0.221848
-0.214059
-0.206141
-0.198097
-0.189933
-0.181654
-0.173264
-0.16477
-0.156175
-0.147485
-0.138706
-0.129843
-0.120901
-0.111885
-0.102801
-0.0936556
-0.0844528
-0.0751988
-0.0658991
-0.0565595
-0.0471854
-0.0377828
-0.0283572
-0.0189143
-0.00946005
0
0
0.0100174
0.0200288
0.0300279
0.0400089
0.0499655
0.0598918
0.0697818
0.0796294
0.0894287
0.0991736
0.108858
0.118477
0.128024
0.137493
0.146878
0.156175
0.165376
0.174477
0.183473
0.192357
0.201124
0.209769
0.218286
0.226671
0.234919
0.243024
0.250981
0.258786
0.266434
0.27392
0.28124
0.288389
0.295363
0.302158
0.308769
0.315193
0.321425
0.327462
0.333301
0.338937
0.344367
0.349589
0.354598
0.359392
0.363967
0.368322
0.372453
0.376358
0.380034
0.38348
0.386693
0.389671
0.392413
0.394916
0.39718
0.399202
0.400982
0.402519
0.403811
0.404859
0.40566
0.406215
0.406524
0.406585
0.4064
0.405968
0.40529
0.404366
0.403196
0.401781
0.400123
0.398221
0.396078
0.393694
0.391072
0.388212
0.385116
0.381786
0.378225
0.374434
0.370415
0.366172
0.361707
0.357022
0.35212
0.347004
0.341678
0.336144
0.330407
0.324468
0.318333
0.312004
0.305486
0.298783
0.291898
0.284836
0.277601
0.270197
0.26263
0.254903
0.247021
0.238989
0.230813
0.222496
0.214044
0.205462
0.196755
0.187929
0.178989
0.16994
0.160788
0.151538
0.142196
0.132768
0.12326
0.113676
0.104024
0.0943083
0.0845355
0.0747113
0.0648418
0.0549329
0.0449906
0.0350211
0.0250302
0.0150242
0.00500909
-0.00500909
-0.0150242
-0.0250302
-0.0350211
-0.0449906
-0.0549329
-0.0648418
-0.0747113
-0.0845355
-0.0943083
-0.104024
-0.113676
-0.12326
-0.132768
-0.142196
-0.151538
-0.160788
-0.16994
-0.178989
-0.187929
-0.196755
-0.205462
-0.214044
-0.222496
-0.230813
-0.238989
-0.247021
-0.254903
-0.26263
-0.270197
-0.277601
-0.284836
-0.291898
-0.298783
-0.305486
-0.312004
-0.318333
-0.324468
-0.330407
-0.336144
-0.341678
-0.347004
-0.35212
-0.357022
-0.361707
-0.366172
-0.370415
-0.374434
-0.378225
-0.381786
-0.385116
-0.388212
-0.391072
-0.393694
-0.396078
-0.398221
-0.400123
-0.401781
-0.403196
-0.404366
-0.40529
-0.405968
-0.4064
-0.406585
-0.406524
-0.406215
-0.40566
-0.404859
-0.403811
-0.402519
-0.400982
-0.399202
-0.39718
-0.394916
-0.392413
-0.389671
-0.386693
-0.38348
-0.380034
-0.376358
-0.372453
-0.368322
-0.363967
-0.359392
-0.354598
-0.349589
-0.344367
-0.338937
-0.333301
-0.327462
-0.321425
-0.315193
-0.308769
-0.302158
-0.295363
-0.288389
-0.28124
-0.27392
-0.266434
-0.258786
-0.250981
-0.243024
-0.234919
-0.226671
-0.218286
-0.209769
-0.201124
-0.192357
-0.183473
-0.174477
-0.165376
-0.156175
-0.146878
-0.137493
-0.128024
-0.118477
-0.108858
-0.0991736
-0.0894287
-0.0796294
-0.0697818
-0.0598918
-0.0499655
-0.0400089
-0.0300279
-0.0200288
-0.0100174
0
0
0.0105687
0.021131
0.0316805
0.0422107
0.0527153
0.0631879
0.0736221
0.0840117
0.0943502
0.104631
0.114849
0.124997
0.135069
0.145059
0.154962
0.16477
0.174477
0.184079
0.19357
0.202943
0.212192
0.221313
0.230299
0.239146
0.247847
0.256398
0.264793
0.273028
0.281097
0.288995
0.296717
0.30426
0.311618
0.318786
0.325761
0.332539
0.339114
0.345484
0.351643
0.35759
0.363319
0.368828
0.374112
0.37917
0.383997
0.388592
0.39295
0.39707
0.400949
0.404584
0.407974
0.411116
0.414008
0.41665
0.419038
0.421172
0.42305
0.424671
0.426034
0.427139
0.427985
0.42857
0.428896
0.428961
0.428766
0.42831
0.427594
0.426619
0.425385
0.423892
0.422143
0.420137
0.417875
0.415361
0.412594
0.409576
0.40631
0.402797
0.39904
0.39504
0.390801
0.386324
0.381613
0.37667
0.371498
0.366101
0.360482
0.354643
0.34859
0.342325
0.335852
0.329175
0.322298
0.315226
0.307962
0.300511
0.292878
0.285067
0.277083
0.268931
0.260615
0.252142
0.243515
0.23474
0.225823
0.216769
0.207583
0.198271
0.188839
0.179292
0.169636
0.159878
0.150022
0.140075
0.130043
0.119932
0.109749
0.0994984
0.0891877
0.0788229
0.0684102
0.057956
0.0474666
0.0369484
0.0264077
0.0158511
0.00528475
-0.00528475
-0.0158511
-0.0264077
-0.0369484
-0.0474666
-0.057956
-0.0684102
-0.0788229
-0.0891877
-0.0994984
-0.109749
-0.119932
-0.130043
-0.140075
-0.150022
-0.159878
-0.169636
-0.179292
-0.188839
-0.198271
-0.207583
-0.216769
-0.225823
-0.23474
-0.243515
-0.252142
-0.260615
-0.268931
-0.277083
-0.285067
-0.292878
-0.300511
-0.307962
-0.315226
-0.322298
-0.329175
-0.335852
-0.342325
-0.34859
-0.354643
-0.360482
-0.366101
-0.371498
-0.37667
-0.381613
-0.386324
-0.390801
-0.39504
-0.39904
-0.402797
-0.40631
-0.409576
-0.412594
-0.415361
-0.417875
-0.420137
-0.422143
-0.423892
-0.425385
-0.426619
-0.427594
-0.42831
-0.428766
-0.428961
-0.428896
-0.42857
-0.427985
-0.427139
-0.426034
-0.424671
-0.42305
-0.421172
-0.419038
-0.41665
-0.414008
-0.411116
-0.407974
-0.404584
-0.400949
-0.39707
-0.39295
-0.388592
-0.383997
-0.37917
-0.374112
-0.368828
-0.363319
-0.35759
-0.351643
-0.345484
-0.339114
-0.332539
-0.325761
-0.318786
-0.311618
-0.30426
-0.296717
-0.288995
-0.281097
-0.273028
-0.264793
-0.256398
-0.247847
-0.239146
-0.230299
-0.221313
-0.212192
-0.202943
-0.19357
-0.184079
-0.174477
-0.16477
-0.154962
-0.145059
-0.135069
-0.124997
-0.114849
-0.104631
-0.0943502
-0.0840117
-0.0736221
-0.0631879
-0.0527153
-0.0422107
-0.0316805
-0.021131
-0.0105687
0
0
0.0111136
0.0222204
0.0333137
0.0443869
0.055433
0.0664456
0.0774177
0.0883429
0.0992144
0.110026
0.12077
0.131441
0.142033
0.152538
0.162951
0.173264
0.183473
0.19357
0.203549
0.213405
0.223132
0.232723
0.242172
0.251475
0.260625
0.269617
0.278445
0.287104
0.295589
0.303894
0.312015
0.319946
0.327683
0.335221
0.342556
0.349683
0.356597
0.363295
0.369772
0.376025
0.38205
0.387843
0.3934
0.398718
0.403795
0.408626
0.413209
0.417541
0.42162
0.425443
0.429007
0.432311
0.435353
0.43813
0.440641
0.442885
0.44486
0.446565
0.447999
0.449161
0.45005
0.450665
0.451008
0.451076
0.450871
0.450392
0.449639
0.448614
0.447316
0.445746
0.443906
0.441797
0.439419
0.436775
0.433865
0.430692
0.427257
0.423563
0.419612
0.415406
0.410948
0.406241
0.401287
0.396089
0.390651
0.384975
0.379066
0.372927
0.366562
0.359973
0.353167
0.346146
0.338914
0.331477
0.323839
0.316004
0.307978
0.299764
0.291368
0.282796
0.274052
0.265141
0.256069
0.246842
0.237466
0.227944
0.218285
0.208493
0.198575
0.188536
0.178382
0.16812
0.157756
0.147297
0.136748
0.126115
0.115407
0.104628
0.0937858
0.0828866
0.0719371
0.0609439
0.0499137
0.0388533
0.0277692
0.0166683
0.00555721
-0.00555721
-0.0166683
-0.0277692
-0.0388533
-0.0499137
-0.0609439
-0.0719371
-0.0828866
-0.0937858
-0.104628
-0.115407
-0.126115
-0.136748
-0.147297
-0.157756
-0.16812
-0.178382
-0.188536
-0.198575
-0.208493
-0.218285
-0.227944
-0.237466
-0.246842
-0.256069
-0.265141
-0.274052
-0.282796
-0.291368
-0.299764
-0.307978
-0.316004
-0.323839
-0.331477
-0.338914
-0.346146
-0.353167
-0.359973
-0.366562
-0.372927
-0.379066
-0.384975
-0.390651
-0.396089
-0.401287
-0.406241
-0.410948
-0.415406
-0.419612
-0.423563
-0.427257
-0.430692
-0.433865
-0.436775
-0.439419
-0.441797
-0.443906
-0.445746
-0.447316
-0.448614
-0.449639
-0.450392
-0.450871
-0.451076
-0.451008
-0.450665
-0.45005
-0.449161
-0.447999
-0.446565
-0.44486
-0.442885
-0.440641
-0.43813
-0.435353
-0.432311
-0.429007
-0.425443
-0.42162
-0.417541
-0.413209
-0.408626
-0.403795
-0.398718
-0.3934
-0.387843
-0.38205
-0.376025
-0.369772
-0.363295
-0.356597
-0.349683
-0.342556
-0.335221
-0.327683
-0.319946
-0.312015
-0.303894
-0.295589
-0.287104
-0.278445
-0.269617
-0.260625
-0.251475
-0.242172
-0.232723
-0.223132
-0.213405
-0.203549
-0.19357
-0.183473
-0.173264
-0.162951
-0.152538
-0.142033
-0.131441
-0.12077
-0.110026
-0.0992144
-0.0883429
-0.0774177
-0.0664456
-0.055433
-0.0443869
-0.0333137
-0.0222204
-0.0111136
0
0
0.0116517
0.0232963
0.0349268
0.0465361
0.0581171
0.0696629
0.0811663
0.0926205
0.104018
0.115353
0.126618
0.137806
0.14891
0.159924
0.170841
0.181654
0.192357
0.202943
0.213405
0.223738
0.233936
0.243991
0.253898
0.263652
0.273245
0.282672
0.291927
0.301006
0.309901
0.318609
0.327123
0.335438
0.34355
0.351453
0.359143
0.366615
0.373864
0.380886
0.387677
0.394233
0.400549
0.406622
0.412448
0.418024
0.423346
0.428412
0.433217
0.437759
0.442035
0.446043
0.44978
0.453244
0.456433
0.459345
0.461977
0.46433
0.4664
0.468188
0.469691
0.470909
0.471841
0.472487
0.472846
0.472918
0.472702
0.4722
0.471411
0.470336
0.468975
0.46733
0.465401
0.463189
0.460696
0.457923
0.454873
0.451546
0.447945
0.444073
0.43993
0.435521
0.430847
0.425911
0.420717
0.415268
0.409566
0.403616
0.397421
0.390985
0.384311
0.377404
0.370267
0.362906
0.355325
0.347528
0.33952
0.331305
0.32289
0.314279
0.305477
0.296489
0.287321
0.277979
0.268468
0.258795
0.248964
0.238982
0.228855
0.218588
0.20819
0.197665
0.187019
0.176261
0.165395
0.154429
0.143369
0.132222
0.120995
0.109694
0.098327
0.0869
0.0754203
0.0638949
0.0523306
0.0407346
0.0291138
0.0174753
0.00582629
-0.00582629
-0.0174753
-0.0291138
-0.0407346
-0.0523306
-0.0638949
-0.0754203
-0.0869
-0.098327
-0.109694
-0.120995
-0.132222
-0.143369
-0.154429
-0.165395
-0.176261
-0.187019
-0.197665
-0.20819
-0.218588
-0.228855
-0.238982
-0.248964
-0.258795
-0.268468
-0.277979
-0.287321
-0.296489
-0.305477
-0.314279
-0.32289
-0.331305
-0.33952
-0.347528
-0.355325
-0.362906
-0.370267
-0.377404
-0.384311
-0.390985
-0.397421
-0.403616
-0.409566
-0.415268
-0.420717
-0.425911
-0.430847
-0.435521
-0.43993
-0.444073
-0.447945
-0.451546
-0.454873
-0.457923
-0.460696
-0.463189
-0.465401
-0.46733
-0.468975
-0.470336
-0.471411
-0.4722
-0.472702
-0.472918
-0.472846
-0.472487
-0.471841
-0.470909
-0.469691
-0.468188
-0.4664
-0.46433
-0.461977
-0.459345
-0.456433
-0.453244
-0.44978
-0.446043
-0.442035
-0.437759
-0.433217
-0.428412
-0.423346
-0.418024
-0.412448
-0.406622
-0.400549
-0.394233
-0.387677
-0.380886
-0.373864
-0.366615
-0.359143
-0.351453
-0.34355
-0.335438
-0.327123
-0.318609
-0.309901
-0.301006
-0.291927
-0.282672
-0.273245
-0.263652
-0.253898
-0.243991
-0.233936
-0.223738
-0.213405
-0.202943
-0.192357
-0.181654
-0.170841
-0.159924
-0.14891
-0.137806
-0.126618
-0.115353
-0.104018
-0.0926205
-0.0811663
-0.0696629
-0.0581171
-0.0465361
-0.0349268
-0.0232963
-0.0116517
0
0
0.0121828
0.0243581
0.0365187
0.0486571
0.0607659
0.0728379
0.0848657
0.0968419
0.108759
0.120611
0.132389
0.144087
0.155697
0.167213
0.178627
0.189933
0.201124
0.212192
0.223132
0.233936
0.244598
0.255112
0.26547
0.275668
0.285698
0.295555
0.305232
0.314725
0.324026
0.33313
0.342032
0.350726
0.359208
0.367471
0.375511
0.383324
0.390903
0.398246
0.405346
0.412201
0.418805
0.425155
0.431247
0.437077
0.442641
0.447937
0.452961
0.45771
0.462182
0.466372
0.47028
0.473901
0.477236
0.48028
0.483033
0.485493
0.487658
0.489527
0.491098
0.492372
0.493346
0.494022
0.494397
0.494472
0.494247
0.493721
0.492897
0.491772
0.49035
0.488629
0.486612
0.4843
0.481693
0.478794
0.475605
0.472126
0.468361
0.464312
0.459981
0.45537
0.450484
0.445323
0.439892
0.434195
0.428233
0.422012
0.415534
0.408805
0.401826
0.394605
0.387143
0.379446
0.371519
0.363367
0.354994
0.346405
0.337606
0.328603
0.319399
0.310002
0.300417
0.290649
0.280704
0.27059
0.260311
0.249874
0.239285
0.228551
0.217678
0.206674
0.195543
0.184294
0.172933
0.161467
0.149903
0.138248
0.126509
0.114694
0.102808
0.0908607
0.0788578
0.066807
0.0547157
0.0425911
0.0304407
0.0182718
0.00609184
-0.00609184
-0.0182718
-0.0304407
-0.0425911
-0.0547157
-0.066807
-0.0788578
-0.0908607
-0.102808
-0.114694
-0.126509
-0.138248
-0.149903
-0.161467
-0.172933
-0.184294
-0.195543
-0.206674
-0.217678
-0.228551
-0.239285
-0.249874
-0.260311
-0.27059
-0.280704
-0.290649
-0.300417
-0.310002
-0.319399
-0.328603
-0.337606
-0.346405
-0.354994
-0.363367
-0.371519
-0.379446
-0.387143
-0.394605
-0.401826
-0.408805
-0.415534
-0.422012
-0.428233
-0.434195
-0.439892
-0.445323
-0.450484
-0.45537
-0.459981
-0.464312
-0.468361
-0.472126
-0.475605
-0.478794
-0.481693
-0.4843
-0.486612
-0.488629
-0.49035
-0.491772
-0.492897
-0.493721
-0.494247
-0.494472
-0.494397
-0.494022
-0.493346
-0.492372
-0.491098
-0.489527
-0.487658
-0.485493
-0.483033
-0.48028
-0.477236
-0.473901
-0.47028
-0.466372
-0.462182
-0.45771
-0.452961
-0.447937
-0.442641
-0.437077
-0.431247
-0.425155
-0.418805
-0.412201
-0.405346
-0.398246
-0.390903
-0.383324
-0.375511
-0.367471
-0.359208
-0.350726
-0.342032
-0.33313
-0.324026
-0.314725
-0.305232
-0.295555
-0.285698
-0.275668
-0.26547
-0.255112
-0.244598
-0.233936
-0.223132
-0.212192
-0.201124
-0.189933
-0.178627
-0.167213
-0.155697
-0.144087
-0.132389
-0.120611
-0.108759
-0.0968419
-0.0848657
-0.0728379
-0.0607659
-0.0486571
-0.0365187
-0.0243581
-0.0121828
0
0
0.0127064
0.0254051
0.0380884
0.0507485
0.0633779
0.0759687
0.0885135
0.101004
0.113434
0.125795
0.138079
0.15028
0.162389
0.1744
0.186305
0.198097
0.209769
0.221313
0.232723
0.243991
0.255112
0.266077
0.276881
0.287517
0.297979
0.308259
0.318352
0.328252
0.337953
0.347449
0.356734
0.365802
0.374648
0.383266
0.391652
0.3998
0.407706
0.415364
0.422769
0.429918
0.436807
0.443429
0.449783
0.455864
0.461668
0.467191
0.472431
0.477384
0.482048
0.486418
0.490494
0.494271
0.497749
0.500924
0.503796
0.506361
0.508619
0.510568
0.512207
0.513536
0.514552
0.515256
0.515648
0.515726
0.515491
0.514943
0.514083
0.51291
0.511427
0.509632
0.507528
0.505117
0.502398
0.499374
0.496048
0.49242
0.488493
0.48427
0.479752
0.474944
0.469847
0.464465
0.458801
0.452858
0.44664
0.440151
0.433395
0.426376
0.419098
0.411566
0.403784
0.395756
0.387489
0.378986
0.370253
0.361295
0.352118
0.342727
0.333128
0.323327
0.313329
0.303142
0.29277
0.282221
0.2715
0.260614
0.24957
0.238375
0.227035
0.215557
0.203948
0.192216
0.180366
0.168408
0.156347
0.144191
0.131947
0.119624
0.107227
0.0947662
0.0822474
0.0696786
0.0570675
0.0444218
0.0317492
0.0190572
0.00635369
-0.00635369
-0.0190572
-0.0317492
-0.0444218
-0.0570675
-0.0696786
-0.0822474
-0.0947662
-0.107227
-0.119624
-0.131947
-0.144191
-0.156347
-0.168408
-0.180366
-0.192216
-0.203948
-0.215557
-0.227035
-0.238375
-0.24957
-0.260614
-0.2715
-0.282221
-0.29277
-0.303142
-0.313329
-0.323327
-0.333128
-0.342727
-0.352118
-0.361295
-0.370253
-0.378986
-0.387489
-0.395756
-0.403784
-0.411566
-0.419098
-0.426376
-0.433395
-0.440151
-0.44664
-0.452858
-0.458801
-0.464465
-0.469847
-0.474944
-0.479752
-0.48427
-0.488493
-0.49242
-0.496048
-0.499374
-0.502398
-0.505117
-0.507528
-0.509632
-0.511427
-0.51291
-0.514083
-0.514943
-0.515491
-0.515726
-0.515648
-0.515256
-0.514552
-0.513536
-0.512207
-0.510568
-0.508619
-0.506361
-0.503796
-0.500924
-0.497749
-0.494271
-0.490494
-0.486418
-0.482048
-0.477384
-0.472431
-0.467191
-0.461668
-0.455864
-0.449783
-0.443429
-0.436807
-0.429918
-0.422769
-0.415364
-0.407706
-0.3998
-0.391652
-0.383266
-0.374648
-0.365802
-0.356734
-0.347449
-0.337953
-0.328252
-0.318352
-0.308259
-0.297979
-0.287517
-0.276881
-0.266077
-0.255112
-0.243991
-0.232723
-0.221313
-0.209769
-0.198097
-0.186305
-0.1744
-0.162389
-0.15028
-0.138079
-0.125795
-0.113434
-0.101004
-0.0885135
-0.0759687
-0.0633779
-0.0507485
-0.0380884
-0.0254051
-0.0127064
0
0
0.0132224
0.0264367
0.039635
0.0528092
0.0659513
0.0790534
0.0921076
0.105106
0.11804
0.130903
0.143686
0.156382
0.168983
0.181482
0.19387
0.206141
0.218286
0.230299
0.242172
0.253898
0.26547
0.276881
0.288124
0.299192
0.310078
0.320776
0.331279
0.341581
0.351676
0.361557
0.371219
0.380655
0.38986
0.398829
0.407555
0.416034
0.424261
0.432229
0.439936
0.447375
0.454543
0.461435
0.468046
0.474374
0.480414
0.486161
0.491614
0.496768
0.501621
0.506169
0.51041
0.514341
0.51796
0.521264
0.524252
0.526922
0.529271
0.5313
0.533005
0.534388
0.535445
0.536178
0.536585
0.536667
0.536422
0.535852
0.534957
0.533737
0.532193
0.530326
0.528137
0.525627
0.522798
0.519651
0.51619
0.512415
0.508328
0.503933
0.499233
0.494229
0.488925
0.483324
0.47743
0.471246
0.464776
0.458024
0.450993
0.443689
0.436116
0.428278
0.420179
0.411826
0.403223
0.394374
0.385287
0.375965
0.366416
0.356643
0.346655
0.336456
0.326052
0.315451
0.304658
0.29368
0.282524
0.271196
0.259704
0.248054
0.236254
0.22431
0.21223
0.200021
0.18769
0.175246
0.162695
0.150046
0.137305
0.124481
0.111581
0.0986141
0.085587
0.0725079
0.0593848
0.0462256
0.0330383
0.019831
0.00661168
-0.00661168
-0.019831
-0.0330383
-0.0462256
-0.0593848
-0.0725079
-0.085587
-0.0986141
-0.111581
-0.124481
-0.137305
-0.150046
-0.162695
-0.175246
-0.18769
-0.200021
-0.21223
-0.22431
-0.236254
-0.248054
-0.259704
-0.271196
-0.282524
-0.29368
-0.304658
-0.315451
-0.326052
-0.336456
-0.346655
-0.356643
-0.366416
-0.375965
-0.385287
-0.394374
-0.403223
-0.411826
-0.420179
-0.428278
-0.436116
-0.443689
-0.450993
-0.458024
-0.464776
-0.471246
-0.47743
-0.483324
-0.488925
-0.494229
-0.499233
-0.503933
-0.508328
-0.512415
-0.51619
-0.519651
-0.522798
-0.525627
-0.528137
-0.530326
-0.532193
-0.533737
-0.534957
-0.535852
-0.536422
-0.536667
-0.536585
-0.536178
-0.535445
-0.534388
-0.533005
-0.5313
-0.529271
-0.526922
-0.524252
-0.521264
-0.51796
-0.514341
-0.51041
-0.506169
-0.501621
-0.496768
-0.491614
-0.486161
-0.480414
-0.474374
-0.468046
-0.461435
-0.454543
-0.447375
-0.439936
-0.432229
-0.424261
-0.416034
-0.407555
-0.398829
-0.38986
-0.380655
-0.371219
-0.361557
-0.351676
-0.341581
-0.331279
-0.320776
-0.310078
-0.299192
-0.288124
-0.276881
-0.26547
-0.253898
-0.242172
-0.230299
-0.218286
-0.206141
-0.19387
-0.181482
-0.168983
-0.156382
-0.143686
-0.130903
-0.11804
-0.105106
-0.0921076
-0.0790534
-0.0659513
-0.0528092
-0.039635
-0.0264367
-0.0132224
0
0
0.0137303
0.0274522
0.0411575
0.0548377
0.0684847
0.0820901
0.0956457
0.109143
0.122574
0.135931
0.149206
0.162389
0.175474
0.188453
0.201317
0.214059
0.226671
0.239146
0.251475
0.263652
0.275668
0.287517
0.299192
0.310685
0.321989
0.333098
0.344005
0.354702
0.365185
0.375446
0.385478
0.395277
0.404836
0.414149
0.423211
0.432015
0.440558
0.448833
0.456835
0.46456
0.472004
0.47916
0.486026
0.492596
0.498868
0.504837
0.510499
0.515851
0.52089
0.525613
0.530017
0.534099
0.537856
0.541288
0.54439
0.547162
0.549602
0.551709
0.55348
0.554915
0.556014
0.556775
0.557197
0.557282
0.557028
0.556436
0.555507
0.55424
0.552636
0.550697
0.548424
0.545818
0.54288
0.539613
0.536018
0.532098
0.527855
0.523291
0.51841
0.513214
0.507706
0.50189
0.49577
0.489348
0.48263
0.475618
0.468318
0.460733
0.452868
0.444729
0.43632
0.427646
0.418712
0.409524
0.400087
0.390407
0.380491
0.370343
0.359971
0.34938
0.338577
0.327568
0.316361
0.304961
0.293377
0.281614
0.26968
0.257583
0.245329
0.232926
0.220382
0.207704
0.1949
0.181978
0.168945
0.155809
0.142579
0.129263
0.115868
0.102402
0.0888747
0.0752931
0.0616659
0.0480012
0.0343074
0.0205928
0.00686565
-0.00686565
-0.0205928
-0.0343074
-0.0480012
-0.0616659
-0.0752931
-0.0888747
-0.102402
-0.115868
-0.129263
-0.142579
-0.155809
-0.168945
-0.181978
-0.1949
-0.207704
-0.220382
-0.232926
-0.245329
-0.257583
-0.26968
-0.281614
-0.293377
-0.304961
-0.316361
-0.327568
-0.338577
-0.34938
-0.359971
-0.370343
-0.380491
-0.390407
-0.400087
-0.409524
-0.418712
-0.427646
-0.43632
-0.444729
-0.452868
-0.460733
-0.468318
-0.475618
-0.48263
-0.489348
-0.49577
-0.50189
-0.507706
-0.513214
-0.51841
-0.523291
-0.527855
-0.532098
-0.536018
-0.539613
-0.54288
-0.545818
-0.548424
-0.550697
-0.552636
-0.55424
-0.555507
-0.556436
-0.557028
-0.557282
-0.557197
-0.556775
-0.556014
-0.554915
-0.55348
-0.551709
-0.549602
-0.547162
-0.54439
-0.541288
-0.537856
-0.534099
-0.530017
-0.525613
-0.52089
-0.515851
-0.510499
-0.504837
-0.498868
-0.492596
-0.486026
-0.47916
-0.472004
-0.46456
-0.456835
-0.448833
-0.440558
-0.432015
-0.423211
-0.414149
-0.404836
-0.395277
-0.385478
-0.375446
-0.365185
-0.354702
-0.344005
-0.333098
-0.321989
-0.310685
-0.299192
-0.287517
-0.275668
-0.263652
-0.251475
-0.239146
-0.226671
-0.214059
-0.201317
-0.188453
-0.175474
-0.162389
-0.149206
-0.135931
-0.122574
-0.109143
-0.0956457
-0.0820901
-0.0684847
-0.0548377
-0.0411575
-0.0274522
-0.0137303
0
0
0.0142298
0.0284511
0.042655
0.056833
0.0709766
0.085077
0.0991258
0.113114
0.127034
0.140877
0.154634
0.168298
0.181859
0.19531
0.208642
0.221848
0.234919
0.247847
0.260625
0.273245
0.285698
0.297979
0.310078
0.321989
0.333705
0.345218
0.356521
0.367608
0.378472
0.389106
0.399504
0.409659
0.419566
0.429218
0.438609
0.447734
0.456588
0.465164
0.473457
0.481464
0.489177
0.496594
0.50371
0.51052
0.517019
0.523205
0.529073
0.53462
0.539843
0.544737
0.549302
0.553532
0.557427
0.560983
0.564198
0.567071
0.5696
0.571783
0.573618
0.575106
0.576244
0.577033
0.577471
0.577559
0.577296
0.576682
0.575719
0.574406
0.572744
0.570735
0.568379
0.565677
0.562633
0.559247
0.555521
0.551459
0.547061
0.542331
0.537272
0.531887
0.526179
0.520152
0.513808
0.507153
0.50019
0.492923
0.485357
0.477497
0.469346
0.460911
0.452195
0.443205
0.433947
0.424424
0.414644
0.404612
0.394335
0.383818
0.373069
0.362092
0.350896
0.339487
0.327872
0.316057
0.304051
0.291861
0.279493
0.266955
0.254255
0.241401
0.228401
0.215261
0.201991
0.188599
0.175092
0.161478
0.147767
0.133966
0.120084
0.106128
0.0921084
0.0780327
0.0639096
0.0497478
0.0355557
0.0213421
0.00711546
-0.00711546
-0.0213421
-0.0355557
-0.0497478
-0.0639096
-0.0780327
-0.0921084
-0.106128
-0.120084
-0.133966
-0.147767
-0.161478
-0.175092
-0.188599
-0.201991
-0.215261
-0.228401
-0.241401
-0.254255
-0.266955
-0.279493
-0.291861
-0.304051
-0.316057
-0.327872
-0.339487
-0.350896
-0.362092
-0.373069
-0.383818
-0.394335
-0.404612
-0.414644
-0.424424
-0.433947
-0.443205
-0.452195
-0.460911
-0.469346
-0.477497
-0.485357
-0.492923
-0.50019
-0.507153
-0.513808
-0.520152
-0.526179
-0.531887
-0.537272
-0.542331
-0.547061
-0.551459
-0.555521
-0.559247
-0.562633
-0.565677
-0.568379
-0.570735
-0.572744
-0.574406
-0.575719
-0.576682
-0.577296
-0.577559
-0.577471
-0.577033
-0.576244
-0.575106
-0.573618
-0.571783
-0.5696
-0.567071
-0.564198
-0.560983
-0.557427
-0.553532
-0.549302
-0.544737
-0.539843
-0.53462
-0.529073
-0.523205
-0.517019
-0.51052
-0.50371
-0.496594
-0.489177
-0.481464
-0.473457
-0.465164
-0.456588
-0.447734
-0.438609
-0.429218
-0.419566
-0.409659
-0.399504
-0.389106
-0.378472
-0.367608
-0.356521
-0.345218
-0.333705
-0.321989
-0.310078
-0.297979
-0.285698
-0.273245
-0.260625
-0.247847
-0.234919
-0.221848
-0.208642
-0.19531
-0.181859
-0.168298
-0.154634
-0.140877
-0.127034
-0.113114
-0.0991258
-0.085077
-0.0709766
-0.056833
-0.042655
-0.0284511
-0.0142298
0
0
0.0147208
0.0294326
0.0441266
0.0587938
0.0734253
0.0880122
0.102546
0.117017
0.131417
0.145738
0.159969
0.174104
0.188133
0.202048
0.215841
0.229502
0.243024
0.256398
0.269617
0.282672
0.295555
0.308259
0.320776
0.333098
0.345218
0.357128
0.368821
0.380291
0.39153
0.402531
0.413287
0.423793
0.434041
0.444026
0.453742
0.463182
0.47234
0.481212
0.489792
0.498074
0.506054
0.513727
0.521088
0.528133
0.534857
0.541256
0.547327
0.553065
0.558468
0.563531
0.568253
0.572629
0.576658
0.580337
0.583663
0.586635
0.589251
0.59151
0.593409
0.594948
0.596125
0.596941
0.597394
0.597485
0.597213
0.596578
0.595582
0.594223
0.592504
0.590425
0.587988
0.585194
0.582044
0.578541
0.574687
0.570484
0.565935
0.561042
0.555809
0.550238
0.544333
0.538097
0.531535
0.52465
0.517447
0.50993
0.502103
0.493971
0.485539
0.476812
0.467796
0.458496
0.448918
0.439067
0.42895
0.418572
0.40794
0.39706
0.38594
0.374585
0.363002
0.3512
0.339184
0.326962
0.314541
0.30193
0.289135
0.276165
0.263027
0.24973
0.236281
0.222688
0.20896
0.195106
0.181133
0.16705
0.152865
0.138588
0.124226
0.10979
0.0952862
0.0807249
0.0661146
0.0514641
0.0367824
0.0220784
0.00736095
-0.00736095
-0.0220784
-0.0367824
-0.0514641
-0.0661146
-0.0807249
-0.0952862
-0.10979
-0.124226
-0.138588
-0.152865
-0.16705
-0.181133
-0.195106
-0.20896
-0.222688
-0.236281
-0.24973
-0.263027
-0.276165
-0.289135
-0.30193
-0.314541
-0.326962
-0.339184
-0.3512
-0.363002
-0.374585
-0.38594
-0.39706
-0.40794
-0.418572
-0.42895
-0.439067
-0.448918
-0.458496
-0.467796
-0.476812
-0.485539
-0.493971
-0.502103
-0.50993
-0.517447
-0.52465
-0.531535
-0.538097
-0.544333
-0.550238
-0.555809
-0.561042
-0.565935
-0.570484
-0.574687
-0.578541
-0.582044
-0.585194
-0.587988
-0.590425
-0.592504
-0.594223
-0.595582
-0.596578
-0.597213
-0.597485
-0.597394
-0.596941
-0.596125
-0.594948
-0.593409
-0.59151
-0.589251
-0.586635
-0.583663
-0.580337
-0.576658
-0.572629
-0.568253
-0.563531
-0.558468
-0.553065
-0.547327
-0.541256
-0.534857
-0.528133
-0.521088
-0.513727
-0.506054
-0.498074
-0.489792
-0.481212
-0.47234
-0.463182
-0.453742
-0.444026
-0.434041
-0.423793
-0.413287
-0.402531
-0.39153
-0.380291
-0.368821
-0.357128
-0.345218
-0.333098
-0.320776
-0.308259
-0.295555
-0.282672
-0.269617
-0.256398
-0.243024
-0.229502
-0.215841
-0.202048
-0.188133
-0.174104
-0.159969
-0.145738
-0.131417
-0.117017
-0.102546
-0.0880122
-0.0734253
-0.0587938
-0.0441266
-0.0294326
-0.0147208
0
0
0.0152028
0.0303963
0.0455715
0.0607189
0.0758295
0.090894
0.105903
0.120848
0.13572
0.150509
0.165207
0.179805
0.194293
0.208664
0.222908
0.237016
0.250981
0.264793
0.278445
0.291927
0.305232
0.318352
0.331279
0.344005
0.356521
0.368821
0.380898
0.392743
0.40435
0.415711
0.42682
0.437669
0.448253
0.458565
0.468599
0.478348
0.487806
0.496968
0.505829
0.514383
0.522624
0.530548
0.53815
0.545425
0.55237
0.558978
0.565248
0.571174
0.576754
0.581983
0.586859
0.591379
0.59554
0.599339
0.602774
0.605844
0.608545
0.610877
0.612839
0.614428
0.615644
0.616487
0.616955
0.617048
0.616768
0.616112
0.615083
0.61368
0.611904
0.609758
0.60724
0.604355
0.601102
0.597485
0.593504
0.589164
0.584465
0.579412
0.574007
0.568254
0.562156
0.555716
0.548939
0.541829
0.53439
0.526626
0.518543
0.510145
0.501437
0.492425
0.483113
0.473509
0.463617
0.453444
0.442995
0.432277
0.421297
0.410061
0.398576
0.38685
0.374888
0.362699
0.350289
0.337667
0.32484
0.311816
0.298602
0.285208
0.27164
0.257907
0.244017
0.22998
0.215802
0.201494
0.187063
0.172519
0.15787
0.143126
0.128294
0.113385
0.0984062
0.0833681
0.0682794
0.0531492
0.0379868
0.0228013
0.00760197
-0.00760197
-0.0228013
-0.0379868
-0.0531492
-0.0682794
-0.0833681
-0.0984062
-0.113385
-0.128294
-0.143126
-0.15787
-0.172519
-0.187063
-0.201494
-0.215802
-0.22998
-0.244017
-0.257907
-0.27164
-0.285208
-0.298602
-0.311816
-0.32484
-0.337667
-0.350289
-0.362699
-0.374888
-0.38685
-0.398576
-0.410061
-0.421297
-0.432277
-0.442995
-0.453444
-0.463617
-0.473509
-0.483113
-0.492425
-0.501437
-0.510145
-0.518543
-0.526626
-0.53439
-0.541829
-0.548939
-0.555716
-0.562156
-0.568254
-0.574007
-0.579412
-0.584465
-0.589164
-0.593504
-0.597485
-0.601102
-0.604355
-0.60724
-0.609758
-0.611904
-0.61368
-0.615083
-0.616112
-0.616768
-0.617048
-0.616955
-0.616487
-0.615644
-0.614428
-0.612839
-0.610877
-0.608545
-0.605844
-0.602774
-0.599339
-0.59554
-0.591379
-0.586859
-0.581983
-0.576754
-0.571174
-0.565248
-0.558978
-0.55237
-0.545425
-0.53815
-0.530548
-0.522624
-0.514383
-0.505829
-0.496968
-0.487806
-0.478348
-0.468599
-0.458565
-0.448253
-0.437669
-0.42682
-0.415711
-0.40435
-0.392743
-0.380898
-0.368821
-0.356521
-0.344005
-0.331279
-0.318352
-0.305232
-0.291927
-0.278445
-0.264793
-0.250981
-0.237016
-0.222908
-0.208664
-0.194293
-0.179805
-0.165207
-0.150509
-0.13572
-0.120848
-0.105903
-0.090894
-0.0758295
-0.0607189
-0.0455715
-0.0303963
-0.0152028
0
0
0.0156756
0.0313416
0.0469886
0.0626071
0.0781876
0.0937206
0.109197
0.124607
0.139941
0.15519
0.170345
0.185397
0.200336
0.215153
0.22984
0.244387
0.258786
0.273028
0.287104
0.301005
0.314724
0.328252
0.341581
0.354702
0.367608
0.380291
0.392743
0.404956
0.416924
0.428638
0.440093
0.45128
0.462193
0.472825
0.483171
0.493223
0.502976
0.512423
0.521559
0.530379
0.538877
0.547047
0.554886
0.562387
0.569547
0.576361
0.582826
0.588936
0.594689
0.600081
0.605109
0.609769
0.61406
0.617977
0.621519
0.624684
0.62747
0.629874
0.631897
0.633535
0.634789
0.635658
0.636141
0.636237
0.635948
0.635272
0.63421
0.632764
0.630933
0.62872
0.626124
0.623149
0.619795
0.616065
0.611961
0.607485
0.602641
0.597431
0.591858
0.585926
0.579638
0.572998
0.56601
0.558679
0.551008
0.543003
0.534668
0.526009
0.51703
0.507738
0.498137
0.488234
0.478034
0.467545
0.456771
0.44572
0.434399
0.422813
0.410971
0.39888
0.386546
0.373978
0.361183
0.348168
0.334942
0.321513
0.307888
0.294077
0.280087
0.265927
0.251606
0.237131
0.222513
0.20776
0.192881
0.177884
0.16278
0.147577
0.132284
0.116911
0.101466
0.0859606
0.0704027
0.054802
0.0391681
0.0235104
0.00783838
-0.00783838
-0.0235104
-0.0391681
-0.054802
-0.0704027
-0.0859606
-0.101466
-0.116911
-0.132284
-0.147577
-0.16278
-0.177884
-0.192881
-0.20776
-0.222513
-0.237131
-0.251606
-0.265927
-0.280087
-0.294077
-0.307888
-0.321513
-0.334942
-0.348168
-0.361183
-0.373978
-0.386546
-0.39888
-0.410971
-0.422813
-0.434399
-0.44572
-0.456771
-0.467545
-0.478034
-0.488234
-0.498137
-0.507738
-0.51703
-0.526009
-0.534668
-0.543003
-0.551008
-0.558679
-0.56601
-0.572998
-0.579638
-0.585926
-0.591858
-0.597431
-0.602641
-0.607485
-0.611961
-0.616065
-0.619795
-0.623149
-0.626124
-0.62872
-0.630933
-0.632764
-0.63421
-0.635272
-0.635948
-0.636237
-0.636141
-0.635658
-0.634789
-0.633535
-0.631897
-0.629874
-0.62747
-0.624684
-0.621519
-0.617977
-0.61406
-0.609769
-0.605109
-0.600081
-0.594689
-0.588936
-0.582826
-0.576361
-0.569547
-0.562387
-0.554886
-0.547047
-0.538877
-0.530379
-0.521559
-0.512423
-0.502976
-0.493223
-0.483171
-0.472825
-0.462193
-0.45128
-0.440093
-0.428638
-0.416924
-0.404956
-0.392743
-0.380291
-0.367608
-0.354702
-0.341581
-0.328252
-0.314724
-0.301005
-0.287104
-0.273028
-0.258786
-0.244387
-0.22984
-0.215153
-0.200336
-0.185397
-0.170345
-0.15519
-0.139941
-0.124607
-0.109197
-0.0937206
-0.0781876
-0.0626071
-0.0469886
-0.0313416
-0.0156756
0
0
0.0161388
0.0322678
0.0483773
0.0644573
0.0804983
0.0964903
0.112424
0.128289
0.144076
0.159776
0.175379
0.190876
0.206256
0.221511
0.236632
0.251609
0.266434
0.281096
0.295588
0.309901
0.324025
0.337953
0.351676
0.365185
0.378472
0.39153
0.40435
0.416924
0.429245
0.441306
0.453099
0.464616
0.475852
0.486799
0.49745
0.507799
0.51784
0.527567
0.536973
0.546053
0.554802
0.563214
0.571284
0.579007
0.586379
0.593395
0.60005
0.606341
0.612264
0.617816
0.622992
0.62779
0.632207
0.63624
0.639887
0.643145
0.646013
0.648489
0.650571
0.652258
0.653549
0.654443
0.654941
0.65504
0.654742
0.654046
0.652953
0.651464
0.649579
0.6473
0.644628
0.641565
0.638112
0.634271
0.630046
0.625438
0.620451
0.615087
0.609349
0.603241
0.596768
0.589931
0.582737
0.575189
0.567292
0.55905
0.550469
0.541554
0.53231
0.522743
0.512859
0.502663
0.492162
0.481362
0.47027
0.458892
0.447236
0.435309
0.423117
0.410668
0.39797
0.38503
0.371857
0.358457
0.344841
0.331014
0.316987
0.302768
0.288364
0.273786
0.259041
0.244139
0.229089
0.2139
0.198581
0.183141
0.16759
0.151938
0.136193
0.120366
0.104465
0.088501
0.0724833
0.0564216
0.0403256
0.0242052
0.00807002
-0.00807002
-0.0242052
-0.0403256
-0.0564216
-0.0724833
-0.088501
-0.104465
-0.120366
-0.136193
-0.151938
-0.16759
-0.183141
-0.198581
-0.2139
-0.229089
-0.244139
-0.259041
-0.273786
-0.288364
-0.302768
-0.316987
-0.331014
-0.344841
-0.358457
-0.371857
-0.38503
-0.39797
-0.410668
-0.423117
-0.435309
-0.447236
-0.458892
-0.47027
-0.481362
-0.492162
-0.502663
-0.512859
-0.522743
-0.53231
-0.541554
-0.550469
-0.55905
-0.567292
-0.575189
-0.582737
-0.589931
-0.596768
-0.603241
-0.609349
-0.615087
-0.620451
-0.625438
-0.630046
-0.634271
-0.638112
-0.641565
-0.644628
-0.6473
-0.649579
-0.651464
-0.652953
-0.654046
-0.654742
-0.65504
-0.654941
-0.654443
-0.653549
-0.652258
-0.650571
-0.648489
-0.646013
-0.643145
-0.639887
-0.63624
-0.632207
-0.62779
-0.622992
-0.617816
-0.612264
-0.606341
-0.60005
-0.593395
-0.586379
-0.579007
-0.571284
-0.563214
-0.554802
-0.546053
-0.536973
-0.527567
-0.51784
-0.507799
-0.49745
-0.486799
-0.475852
-0.464616
-0.453099
-0.441306
-0.429245
-0.416924
-0.40435
-0.39153
-0.378472
-0.365185
-0.351676
-0.337953
-0.324025
-0.309901
-0.295588
-0.281096
-0.266434
-0.251609
-0.236632
-0.221511
-0.206256
-0.190876
-0.175379
-0.159776
-0.144076
-0.128289
-0.112424
-0.0964903
-0.0804983
-0.0644573
-0.0483773
-0.0322678
-0.0161388
0
0
0.0165923
0.0331745
0.0497365
0.0662684
0.0827601
0.0992015
0.115583
0.131894
0.148125
0.164266
0.180307
0.196239
0.212051
0.227735
0.243281
0.258679
0.27392
0.288995
0.303894
0.318608
0.33313
0.347449
0.361557
0.375446
0.389106
0.402531
0.415711
0.428638
0.441306
0.453705
0.46583
0.477671
0.489222
0.500477
0.511427
0.522067
0.53239
0.54239
0.55206
0.561396
0.57039
0.579039
0.587336
0.595276
0.602855
0.610067
0.61691
0.623378
0.629467
0.635175
0.640496
0.645429
0.64997
0.654117
0.657866
0.661216
0.664164
0.66671
0.66885
0.670585
0.671912
0.672832
0.673343
0.673445
0.673138
0.672423
0.671299
0.669768
0.667831
0.665488
0.66274
0.659591
0.656041
0.652093
0.647749
0.643011
0.637884
0.632369
0.62647
0.620191
0.613535
0.606507
0.599111
0.591351
0.583231
0.574758
0.565936
0.55677
0.547267
0.537431
0.527269
0.516786
0.50599
0.494887
0.483483
0.471786
0.459802
0.44754
0.435005
0.422207
0.409152
0.395848
0.382305
0.368529
0.35453
0.340315
0.325894
0.311275
0.296467
0.281479
0.26632
0.250999
0.235526
0.21991
0.20416
0.188287
0.172299
0.156207
0.14002
0.123748
0.1074
0.0909877
0.0745199
0.0580069
0.0414587
0.0248853
0.00829677
-0.00829677
-0.0248853
-0.0414587
-0.0580069
-0.0745199
-0.0909877
-0.1074
-0.123748
-0.14002
-0.156207
-0.172299
-0.188287
-0.20416
-0.21991
-0.235526
-0.250999
-0.26632
-0.281479
-0.296467
-0.311275
-0.325894
-0.340315
-0.35453
-0.368529
-0.382305
-0.395848
-0.409152
-0.422207
-0.435005
-0.44754
-0.459802
-0.471786
-0.483483
-0.494887
-0.50599
-0.516786
-0.527269
-0.537431
-0.547267
-0.55677
-0.565936
-0.574758
-0.583231
-0.591351
-0.599111
-0.606507
-0.613535
-0.620191
-0.62647
-0.632369
-0.637884
-0.643011
-0.647749
-0.652093
-0.656041
-0.659591
-0.66274
-0.665488
-0.667831
-0.669768
-0.671299
-0.672423
-0.673138
-0.673445
-0.673343
-0.672832
-0.671912
-0.670585
-0.66885
-0.66671
-0.664164
-0.661216
-0.657866
-0.654117
-0.64997
-0.645429
-0.640496
-0.635175
-0.629467
-0.623378
-0.61691
-0.610067
-0.602855
-0.595276
-0.587336
-0.579039
-0.57039
-0.561396
-0.55206
-0.54239
-0.53239
-0.522067
-0.511427
-0.500477
-0.489222
-0.477671
-0.46583
-0.453705
-0.441306
-0.428638
-0.415711
-0.402531
-0.389106
-0.375446
-0.361557
-0.347449
-0.33313
-0.318608
-0.303894
-0.288995
-0.27392
-0.258679
-0.243281
-0.227735
-0.212051
-0.196239
-0.180307
-0.164266
-0.148125
-0.131894
-0.115583
-0.0992015
-0.0827601
-0.0662684
-0.0497365
-0.0331745
-0.0165923
0
0
0.0170357
0.034061
0.0510656
0.0680393
0.0849716
0.101852
0.118671
0.135418
0.152083
0.168655
0.185125
0.201483
0.217718
0.233821
0.249782
0.265591
0.28124
0.296717
0.312015
0.327122
0.342032
0.356733
0.371219
0.385478
0.399504
0.413287
0.42682
0.440093
0.453099
0.46583
0.478278
0.490435
0.502295
0.51385
0.525094
0.536018
0.546617
0.556884
0.566813
0.576398
0.585633
0.594512
0.603031
0.611183
0.618964
0.62637
0.633395
0.640036
0.646288
0.652148
0.657612
0.662677
0.667339
0.671596
0.675446
0.678885
0.681912
0.684526
0.686724
0.688504
0.689867
0.690811
0.691336
0.691441
0.691126
0.690392
0.689238
0.687666
0.685677
0.683271
0.68045
0.677217
0.673572
0.669518
0.665058
0.660194
0.65493
0.649267
0.643211
0.636764
0.62993
0.622714
0.61512
0.607153
0.598817
0.590117
0.581059
0.571649
0.561891
0.551792
0.541358
0.530596
0.519511
0.508112
0.496403
0.484393
0.472089
0.459499
0.44663
0.433489
0.420085
0.406426
0.392521
0.378377
0.364004
0.349409
0.334603
0.319593
0.304389
0.289
0.273436
0.257706
0.24182
0.225787
0.209616
0.193319
0.176904
0.160381
0.143761
0.127054
0.11027
0.0934191
0.0765112
0.059557
0.0425665
0.0255503
0.00851848
-0.00851848
-0.0255503
-0.0425665
-0.059557
-0.0765112
-0.0934191
-0.11027
-0.127054
-0.143761
-0.160381
-0.176904
-0.193319
-0.209616
-0.225787
-0.24182
-0.257706
-0.273436
-0.289
-0.304389
-0.319593
-0.334603
-0.349409
-0.364004
-0.378377
-0.392521
-0.406426
-0.420085
-0.433489
-0.44663
-0.459499
-0.472089
-0.484393
-0.496403
-0.508112
-0.519511
-0.530596
-0.541358
-0.551792
-0.561891
-0.571649
-0.581059
-0.590117
-0.598817
-0.607153
-0.61512
-0.622714
-0.62993
-0.636764
-0.643211
-0.649267
-0.65493
-0.660194
-0.665058
-0.669518
-0.673572
-0.677217
-0.68045
-0.683271
-0.685677
-0.687666
-0.689238
-0.690392
-0.691126
-0.691441
-0.691336
-0.690811
-0.689867
-0.688504
-0.686724
-0.684526
-0.681912
-0.678885
-0.675446
-0.671596
-0.667339
-0.662677
-0.657612
-0.652148
-0.646288
-0.640036
-0.633395
-0.62637
-0.618964
-0.611183
-0.603031
-0.594512
-0.585633
-0.576398
-0.566813
-0.556884
-0.546617
-0.536018
-0.525094
-0.51385
-0.502295
-0.490435
-0.478278
-0.46583
-0.453099
-0.440093
-0.42682
-0.413287
-0.399504
-0.385478
-0.371219
-0.356733
-0.342032
-0.327122
-0.312015
-0.296717
-0.28124
-0.265591
-0.249782
-0.233821
-0.217718
-0.201483
-0.185125
-0.168655
-0.152083
-0.135418
-0.118671
-0.101852
-0.0849716
-0.0680393
-0.0510656
-0.034061
-0.0170357
0
0
0.0174687
0.0349268
0.0523637
0.0697688
0.0871316
0.104441
0.121688
0.13886
0.155949
0.172942
0.189831
0.206604
0.223252
0.239765
0.256131
0.272343
0.288389
0.30426
0.319946
0.335438
0.350726
0.365802
0.380655
0.395277
0.409659
0.423793
0.437669
0.45128
0.464616
0.477671
0.490435
0.502902
0.515064
0.526912
0.538441
0.549643
0.560512
0.57104
0.581221
0.59105
0.600519
0.609624
0.618359
0.626719
0.634698
0.642292
0.649496
0.656305
0.662717
0.668725
0.674328
0.679522
0.684303
0.688668
0.692615
0.696142
0.699247
0.701926
0.70418
0.706006
0.707404
0.708372
0.70891
0.709017
0.708694
0.707941
0.706758
0.705147
0.703107
0.70064
0.697747
0.694432
0.690694
0.686537
0.681964
0.676976
0.671578
0.665772
0.659561
0.65295
0.645943
0.638544
0.630757
0.622587
0.614039
0.605118
0.59583
0.58618
0.576174
0.565819
0.55512
0.544084
0.532717
0.521028
0.509022
0.496707
0.48409
0.471179
0.457983
0.444508
0.430764
0.416758
0.402499
0.387995
0.373257
0.358291
0.343108
0.327717
0.312126
0.296347
0.280387
0.264257
0.247967
0.231526
0.214945
0.198233
0.1814
0.164458
0.147416
0.130284
0.113073
0.0957938
0.0784561
0.0610709
0.0436486
0.0261997
0.00873502
-0.00873502
-0.0261997
-0.0436486
-0.0610709
-0.0784561
-0.0957938
-0.113073
-0.130284
-0.147416
-0.164458
-0.1814
-0.198233
-0.214945
-0.231526
-0.247967
-0.264257
-0.280387
-0.296347
-0.312126
-0.327717
-0.343108
-0.358291
-0.373257
-0.387995
-0.402499
-0.416758
-0.430764
-0.444508
-0.457983
-0.471179
-0.48409
-0.496707
-0.509022
-0.521028
-0.532717
-0.544084
-0.55512
-0.565819
-0.576174
-0.58618
-0.59583
-0.605118
-0.614039
-0.622587
-0.630757
-0.638544
-0.645943
-0.65295
-0.659561
-0.665772
-0.671578
-0.676976
-0.681964
-0.686537
-0.690694
-0.694432
-0.697747
-0.70064
-0.703107
-0.705147
-0.706758
-0.707941
-0.708694
-0.709017
-0.70891
-0.708372
-0.707404
-0.706006
-0.70418
-0.701926
-0.699247
-0.696142
-0.692615
-0.688668
-0.684303
-0.679522
-0.674328
-0.668725
-0.662717
-0.656305
-0.649496
-0.642292
-0.634698
-0.626719
-0.618359
-0.609624
-0.600519
-0.59105
-0.581221
-0.57104
-0.560512
-0.549643
-0.538441
-0.526912
-0.515064
-0.502902
-0.490435
-0.477671
-0.464616
-0.45128
-0.437669
-0.423793
-0.409659
-0.395277
-0.380655
-0.365802
-0.350726
-0.335438
-0.319946
-0.30426
-0.288389
-0.272343
-0.256131
-0.239765
-0.223252
-0.206604
-0.189831
-0.172942
-0.155949
-0.13886
-0.121688
-0.104441
-0.0871316
-0.0697688
-0.0523637
-0.0349268
-0.0174687
0
0
0.0178911
0.0357714
0.05363
0.071456
0.0892386
0.106967
0.124631
0.142218
0.15972
0.177124
0.194422
0.2116
0.228651
0.245563
0.262325
0.278929
0.295363
0.311617
0.327683
0.34355
0.359208
0.374648
0.38986
0.404836
0.419566
0.434041
0.448253
0.462193
0.475852
0.489222
0.502295
0.515064
0.527519
0.539655
0.551462
0.562935
0.574066
0.584849
0.595277
0.605343
0.615041
0.624367
0.633313
0.641875
0.650047
0.657824
0.665202
0.672177
0.678743
0.684897
0.690635
0.695954
0.700851
0.705322
0.709365
0.712977
0.716156
0.718901
0.721209
0.723079
0.72451
0.725502
0.726053
0.726163
0.725832
0.725061
0.72385
0.722199
0.720109
0.717583
0.714621
0.711225
0.707397
0.70314
0.698456
0.693347
0.687818
0.681872
0.675511
0.66874
0.661564
0.653985
0.64601
0.637642
0.628888
0.619751
0.610238
0.600355
0.590108
0.579502
0.568544
0.557241
0.5456
0.533627
0.521331
0.508718
0.495796
0.482574
0.469058
0.455258
0.441181
0.426836
0.412232
0.397378
0.382283
0.366955
0.351405
0.335642
0.319674
0.303513
0.287168
0.270648
0.253963
0.237125
0.220142
0.203026
0.185787
0.168435
0.150981
0.133435
0.115808
0.0981103
0.0803534
0.0625477
0.0447041
0.0268333
0.00894625
-0.00894625
-0.0268333
-0.0447041
-0.0625477
-0.0803534
-0.0981103
-0.115808
-0.133435
-0.150981
-0.168435
-0.185787
-0.203026
-0.220142
-0.237125
-0.253963
-0.270648
-0.287168
-0.303513
-0.319674
-0.335642
-0.351405
-0.366955
-0.382283
-0.397378
-0.412232
-0.426836
-0.441181
-0.455258
-0.469058
-0.482574
-0.495796
-0.508718
-0.521331
-0.533627
-0.5456
-0.557241
-0.568544
-0.579502
-0.590108
-0.600355
-0.610238
-0.619751
-0.628888
-0.637642
-0.64601
-0.653985
-0.661564
-0.66874
-0.675511
-0.681872
-0.687818
-0.693347
-0.698456
-0.70314
-0.707397
-0.711225
-0.714621
-0.717583
-0.720109
-0.722199
-0.72385
-0.725061
-0.725832
-0.726163
-0.726053
-0.725502
-0.72451
-0.723079
-0.721209
-0.718901
-0.716156
-0.712977
-0.709365
-0.705322
-0.700851
-0.695954
-0.690635
-0.684897
-0.678743
-0.672177
-0.665202
-0.657824
-0.650047
-0.641875
-0.633313
-0.624367
-0.615041
-0.605343
-0.595277
-0.584849
-0.574066
-0.562935
-0.551462
-0.539655
-0.527519
-0.515064
-0.502295
-0.489222
-0.475852
-0.462193
-0.448253
-0.434041
-0.419566
-0.404836
-0.38986
-0.374648
-0.359208
-0.34355
-0.327683
-0.311617
-0.295363
-0.278929
-0.262325
-0.245563
-0.228651
-0.2116
-0.194422
-0.177124
-0.15972
-0.142218
-0.124631
-0.106967
-0.0892386
-0.071456
-0.05363
-0.0357714
-0.0178911
0
0
0.0183027
0.0365943
0.0548637
0.0730998
0.0912915
0.109428
0.127498
0.14549
0.163394
0.181199
0.198894
0.216468
0.233911
0.251212
0.26836
0.285345
0.302157
0.318786
0.335221
0.351453
0.367471
0.383266
0.398829
0.414149
0.429218
0.444026
0.458565
0.472825
0.486799
0.500476
0.51385
0.526912
0.539655
0.552069
0.564148
0.575885
0.587272
0.598303
0.608971
0.619268
0.62919
0.63873
0.647882
0.656641
0.665001
0.672957
0.680505
0.68764
0.694357
0.700653
0.706523
0.711964
0.716973
0.721547
0.725683
0.729378
0.732631
0.735439
0.7378
0.739713
0.741177
0.742192
0.742755
0.742868
0.74253
0.741741
0.740501
0.738813
0.736675
0.734091
0.73106
0.727586
0.72367
0.719315
0.714523
0.709297
0.703641
0.697558
0.691051
0.684124
0.676782
0.66903
0.660871
0.652311
0.643355
0.634008
0.624277
0.614166
0.603683
0.592833
0.581623
0.57006
0.558151
0.545903
0.533324
0.520421
0.507202
0.493675
0.479848
0.465731
0.45133
0.436655
0.421715
0.40652
0.391077
0.375397
0.359489
0.343363
0.327028
0.310495
0.293774
0.276874
0.259806
0.24258
0.225207
0.207697
0.190061
0.17231
0.154454
0.136504
0.118472
0.100367
0.0822019
0.0639866
0.0457325
0.0274506
0.00915206
-0.00915206
-0.0274506
-0.0457325
-0.0639866
-0.0822019
-0.100367
-0.118472
-0.136504
-0.154454
-0.17231
-0.190061
-0.207697
-0.225207
-0.24258
-0.259806
-0.276874
-0.293774
-0.310495
-0.327028
-0.343363
-0.359489
-0.375397
-0.391077
-0.40652
-0.421715
-0.436655
-0.45133
-0.465731
-0.479848
-0.493675
-0.507202
-0.520421
-0.533324
-0.545903
-0.558151
-0.57006
-0.581623
-0.592833
-0.603683
-0.614166
-0.624277
-0.634008
-0.643355
-0.652311
-0.660871
-0.66903
-0.676782
-0.684124
-0.691051
-0.697558
-0.703641
-0.709297
-0.714523
-0.719315
-0.72367
-0.727586
-0.73106
-0.734091
-0.736675
-0.738813
-0.740501
-0.741741
-0.74253
-0.742868
-0.742755
-0.742192
-0.741177
-0.739713
-0.7378
-0.735439
-0.732631
-0.729378
-0.725683
-0.721547
-0.716973
-0.711964
-0.706523
-0.700653
-0.694357
-0.68764
-0.680505
-0.672957
-0.665001
-0.656641
-0.647882
-0.63873
-0.62919
-0.619268
-0.608971
-0.598303
-0.587272
-0.575885
-0.564148
-0.552069
-0.539655
-0.526912
-0.51385
-0.500476
-0.486799
-0.472825
-0.458565
-0.444026
-0.429218
-0.414149
-0.398829
-0.383266
-0.367471
-0.351453
-0.335221
-0.318786
-0.302157
-0.285345
-0.26836
-0.251212
-0.233911
-0.216468
-0.198894
-0.181199
-0.163394
-0.14549
-0.127498
-0.109428
-0.0912915
-0.0730998
-0.0548637
-0.0365943
-0.0183027
0
0
0.0187032
0.037395
0.0560641
0.0746992
0.093289
0.111822
0.130287
0.148673
0.166969
0.185164
0.203246
0.221205
0.239029
0.256708
0.274232
0.291589
0.308769
0.325761
0.342556
0.359143
0.375511
0.391652
0.407555
0.423211
0.438609
0.453742
0.468598
0.483171
0.49745
0.511427
0.525094
0.538441
0.551462
0.564148
0.576492
0.588486
0.600122
0.611394
0.622295
0.632818
0.642957
0.652705
0.662058
0.671008
0.679551
0.687682
0.695395
0.702685
0.70955
0.715983
0.721982
0.727542
0.732661
0.737335
0.741561
0.745337
0.748661
0.75153
0.753943
0.755898
0.757394
0.758431
0.759007
0.759122
0.758776
0.75797
0.756704
0.754978
0.752794
0.750152
0.747056
0.743506
0.739504
0.735054
0.730157
0.724817
0.719037
0.71282
0.706171
0.699093
0.691591
0.683668
0.675331
0.666584
0.657431
0.64788
0.637936
0.627604
0.616891
0.605804
0.594349
0.582533
0.570363
0.557848
0.544993
0.531808
0.5183
0.504477
0.490348
0.475921
0.461205
0.446209
0.430943
0.415414
0.399634
0.383611
0.367355
0.350876
0.334184
0.317289
0.300201
0.282932
0.26549
0.247887
0.230134
0.212241
0.19422
0.17608
0.157833
0.139491
0.121064
0.102563
0.0840005
0.0653867
0.0467331
0.0280512
0.0093523
-0.0093523
-0.0280512
-0.0467331
-0.0653867
-0.0840005
-0.102563
-0.121064
-0.139491
-0.157833
-0.17608
-0.19422
-0.212241
-0.230134
-0.247887
-0.26549
-0.282932
-0.300201
-0.317289
-0.334184
-0.350876
-0.367355
-0.383611
-0.399634
-0.415414
-0.430943
-0.446209
-0.461205
-0.475921
-0.490348
-0.504477
-0.5183
-0.531808
-0.544993
-0.557848
-0.570363
-0.582533
-0.594349
-0.605804
-0.616891
-0.627604
-0.637936
-0.64788
-0.657431
-0.666584
-0.675331
-0.683668
-0.691591
-0.699093
-0.706171
-0.71282
-0.719037
-0.724817
-0.730157
-0.735054
-0.739504
-0.743506
-0.747056
-0.750152
-0.752794
-0.754978
-0.756704
-0.75797
-0.758776
-0.759122
-0.759007
-0.758431
-0.757394
-0.755898
-0.753943
-0.75153
-0.748661
-0.745337
-0.741561
-0.737335
-0.732661
-0.727542
-0.721982
-0.715983
-0.70955
-0.702685
-0.695395
-0.687682
-0.679551
-0.671008
-0.662058
-0.652705
-0.642957
-0.632818
-0.622295
-0.611394
-0.600122
-0.588486
-0.576492
-0.564148
-0.551462
-0.538441
-0.525094
-0.511427
-0.49745
-0.483171
-0.468598
-0.453742
-0.438609
-0.423211
-0.407555
-0.391652
-0.375511
-0.359143
-0.342556
-0.325761
-0.308769
-0.291589
-0.274232
-0.256708
-0.239029
-0.221205
-0.203246
-0.185164
-0.166969
-0.148673
-0.130287
-0.111822
-0.093289
-0.0746992
-0.0560641
-0.037395
-0.0187032
0
0
0.0190923
0.038173
0.0572305
0.0762533
0.0952298
0.114148
0.132998
0.151767
0.170443
0.189016
0.207474
0.225807
0.244002
0.262049
0.279937
0.297655
0.315192
0.332538
0.349683
0.366614
0.383324
0.3998
0.416034
0.432015
0.447734
0.463181
0.478347
0.493223
0.507799
0.522067
0.536018
0.549643
0.562935
0.575885
0.588486
0.600729
0.612607
0.624114
0.635241
0.645983
0.656333
0.666285
0.675832
0.684968
0.693689
0.701988
0.709862
0.717304
0.724311
0.730879
0.737002
0.742678
0.747904
0.752675
0.756989
0.760844
0.764237
0.767165
0.769628
0.771624
0.773152
0.77421
0.774798
0.774915
0.774562
0.773739
0.772447
0.770685
0.768455
0.765759
0.762598
0.758974
0.754889
0.750346
0.745348
0.739896
0.733996
0.72765
0.720863
0.713637
0.705979
0.697892
0.689381
0.680451
0.671109
0.661359
0.651208
0.640661
0.629725
0.618407
0.606714
0.594652
0.58223
0.569453
0.556331
0.542872
0.529083
0.514972
0.500549
0.485822
0.4708
0.455492
0.439908
0.424057
0.407948
0.391592
0.374997
0.358176
0.341136
0.32389
0.306447
0.288818
0.271014
0.253045
0.234922
0.216657
0.19826
0.179743
0.161117
0.142393
0.123583
0.104697
0.0857481
0.066747
0.0477054
0.0286348
0.00954687
-0.00954687
-0.0286348
-0.0477054
-0.066747
-0.0857481
-0.104697
-0.123583
-0.142393
-0.161117
-0.179743
-0.19826
-0.216657
-0.234922
-0.253045
-0.271014
-0.288818
-0.306447
-0.32389
-0.341136
-0.358176
-0.374997
-0.391592
-0.407948
-0.424057
-0.439908
-0.455492
-0.4708
-0.485822
-0.500549
-0.514972
-0.529083
-0.542872
-0.556331
-0.569453
-0.58223
-0.594652
-0.606714
-0.618407
-0.629725
-0.640661
-0.651208
-0.661359
-0.671109
-0.680451
-0.689381
-0.697892
-0.705979
-0.713637
-0.720863
-0.72765
-0.733996
-0.739896
-0.745348
-0.750346
-0.754889
-0.758974
-0.762598
-0.765759
-0.768455
-0.770685
-0.772447
-0.773739
-0.774562
-0.774915
-0.774798
-0.77421
-0.773152
-0.771624
-0.769628
-0.767165
-0.764237
-0.760844
-0.756989
-0.752675
-0.747904
-0.742678
-0.737002
-0.730879
-0.724311
-0.717304
-0.709862
-0.701988
-0.693689
-0.684968
-0.675832
-0.666285
-0.656333
-0.645983
-0.635241
-0.624114
-0.612607
-0.600729
-0.588486
-0.575885
-0.562935
-0.549643
-0.536018
-0.522067
-0.507799
-0.493223
-0.478347
-0.463181
-0.447734
-0.432015
-0.416034
-0.3998
-0.383324
-0.366614
-0.349683
-0.332538
-0.315192
-0.297655
-0.279937
-0.262049
-0.244002
-0.225807
-0.207474
-0.189016
-0.170443
-0.151767
-0.132998
-0.114148
-0.0952298
-0.0762533
-0.0572305
-0.038173
-0.0190923
0
0
0.0194698
0.0389278
0.0583622
0.0777611
0.0971128
0.116406
0.135628
0.154767
0.173813
0.192754
0.211577
0.230272
0.248827
0.267231
0.285472
0.303541
0.321425
0.339114
0.356597
0.373864
0.390903
0.407706
0.42426
0.440558
0.456587
0.47234
0.487806
0.502976
0.51784
0.53239
0.546617
0.560512
0.574066
0.587272
0.600122
0.612607
0.624721
0.636455
0.647802
0.658757
0.669311
0.679459
0.689195
0.698512
0.707405
0.715869
0.723898
0.731488
0.738633
0.745331
0.751575
0.757364
0.762692
0.767558
0.771957
0.775888
0.779348
0.782335
0.784847
0.786882
0.788439
0.789518
0.790118
0.790238
0.789878
0.789039
0.78772
0.785924
0.78365
0.780901
0.777677
0.773981
0.769816
0.765183
0.760086
0.754527
0.74851
0.742038
0.735116
0.727748
0.719938
0.711691
0.703012
0.693906
0.684379
0.674436
0.664084
0.653329
0.642177
0.630635
0.618711
0.606411
0.593742
0.580713
0.567332
0.553606
0.539544
0.525155
0.510447
0.495428
0.480109
0.464499
0.448607
0.432442
0.416015
0.399335
0.382412
0.365258
0.347882
0.330294
0.312506
0.294529
0.276372
0.258048
0.239567
0.220941
0.202181
0.183297
0.164303
0.145209
0.126026
0.106767
0.0874436
0.0680668
0.0486487
0.029201
0.00973565
-0.00973565
-0.029201
-0.0486487
-0.0680668
-0.0874436
-0.106767
-0.126026
-0.145209
-0.164303
-0.183297
-0.202181
-0.220941
-0.239567
-0.258048
-0.276372
-0.294529
-0.312506
-0.330294
-0.347882
-0.365258
-0.382412
-0.399335
-0.416015
-0.432442
-0.448607
-0.464499
-0.480109
-0.495428
-0.510447
-0.525155
-0.539544
-0.553606
-0.567332
-0.580713
-0.593742
-0.606411
-0.618711
-0.630635
-0.642177
-0.653329
-0.664084
-0.674436
-0.684379
-0.693906
-0.703012
-0.711691
-0.719938
-0.727748
-0.735116
-0.742038
-0.74851
-0.754527
-0.760086
-0.765183
-0.769816
-0.773981
-0.777677
-0.780901
-0.78365
-0.785924
-0.78772
-0.789039
-0.789878
-0.790238
-0.790118
-0.789518
-0.788439
-0.786882
-0.784847
-0.782335
-0.779348
-0.775888
-0.771957
-0.767558
-0.762692
-0.757364
-0.751575
-0.745331
-0.738633
-0.731488
-0.723898
-0.715869
-0.707405
-0.698512
-0.689195
-0.679459
-0.669311
-0.658757
-0.647802
-0.636455
-0.624721
-0.612607
-0.600122
-0.587272
-0.574066
-0.560512
-0.546617
-0.53239
-0.51784
-0.502976
-0.487806
-0.47234
-0.456587
-0.440558
-0.42426
-0.407706
-0.390903
-0.373864
-0.356597
-0.339114
-0.321425
-0.303541
-0.285472
-0.267231
-0.248827
-0.230272
-0.211577
-0.192754
-0.173813
-0.154767
-0.135628
-0.116406
-0.0971128
-0.0777611
-0.0583622
-0.0389278
-0.0194698
0
0
0.0198355
0.039659
0.0594584
0.0792217
0.0989369
0.118592
0.138175
0.157674
0.177078
0.196374
0.215551
0.234597
0.2535
0.27225
0.290834
0.309242
0.327462
0.345483
0.363295
0.380886
0.398246
0.415363
0.432229
0.448833
0.465164
0.481212
0.496968
0.512423
0.527567
0.54239
0.556884
0.57104
0.584849
0.598303
0.611394
0.624114
0.636455
0.648409
0.65997
0.67113
0.681883
0.692222
0.70214
0.711632
0.720693
0.729315
0.737495
0.745227
0.752507
0.75933
0.765692
0.771589
0.777018
0.781975
0.786457
0.790462
0.793986
0.797029
0.799588
0.801662
0.803249
0.804348
0.804959
0.805081
0.804714
0.803859
0.802516
0.800686
0.798369
0.795568
0.792284
0.788519
0.784275
0.779555
0.774362
0.768699
0.762569
0.755976
0.748924
0.741418
0.733461
0.725059
0.716217
0.70694
0.697234
0.687104
0.676558
0.665601
0.654239
0.642481
0.630332
0.617801
0.604894
0.591621
0.577988
0.564005
0.549679
0.535019
0.520034
0.504734
0.489127
0.473224
0.457033
0.440564
0.423829
0.406835
0.389595
0.372119
0.354416
0.336498
0.318376
0.300061
0.281563
0.262895
0.244067
0.225091
0.205978
0.18674
0.167389
0.147936
0.128393
0.108773
0.0890861
0.0693453
0.0495625
0.0297495
0.00991851
-0.00991851
-0.0297495
-0.0495625
-0.0693453
-0.0890861
-0.108773
-0.128393
-0.147936
-0.167389
-0.18674
-0.205978
-0.225091
-0.244067
-0.262895
-0.281563
-0.300061
-0.318376
-0.336498
-0.354416
-0.372119
-0.389595
-0.406835
-0.423829
-0.440564
-0.457033
-0.473224
-0.489127
-0.504734
-0.520034
-0.535019
-0.549679
-0.564005
-0.577988
-0.591621
-0.604894
-0.617801
-0.630332
-0.642481
-0.654239
-0.665601
-0.676558
-0.687104
-0.697234
-0.70694
-0.716217
-0.725059
-0.733461
-0.741418
-0.748924
-0.755976
-0.762569
-0.768699
-0.774362
-0.779555
-0.784275
-0.788519
-0.792284
-0.795568
-0.798369
-0.800686
-0.802516
-0.803859
-0.804714
-0.805081
-0.804959
-0.804348
-0.803249
-0.801662
-0.799588
-0.797029
-0.793986
-0.790462
-0.786457
-0.781975
-0.777018
-0.771589
-0.765692
-0.75933
-0.752507
-0.745227
-0.737495
-0.729315
-0.720693
-0.711632
-0.70214
-0.692222
-0.681883
-0.67113
-0.65997
-0.648409
-0.636455
-0.624114
-0.611394
-0.598303
-0.584849
-0.57104
-0.556884
-0.54239
-0.527567
-0.512423
-0.496968
-0.481212
-0.465164
-0.448833
-0.432229
-0.415363
-0.398246
-0.380886
-0.363295
-0.345483
-0.327462
-0.309242
-0.290834
-0.27225
-0.2535
-0.234597
-0.215551
-0.196374
-0.177078
-0.157674
-0.138175
-0.118592
-0.0989369
-0.0792217
-0.0594584
-0.039659
-0.0198355
0
0
0.0201892
0.0403661
0.0605185
0.0806342
0.100701
0.120706
0.140639
0.160486
0.180235
0.199875
0.219394
0.23878
0.25802
0.277104
0.29602
0.314756
0.333301
0.351643
0.369772
0.387677
0.405346
0.422769
0.439936
0.456835
0.473457
0.489792
0.505829
0.521559
0.536973
0.55206
0.566813
0.581221
0.595276
0.608971
0.622295
0.635241
0.647802
0.65997
0.671737
0.683096
0.69404
0.704564
0.714659
0.72432
0.733542
0.742319
0.750644
0.758514
0.765924
0.772869
0.779344
0.785346
0.790872
0.795917
0.800479
0.804555
0.808143
0.81124
0.813845
0.815955
0.81757
0.818689
0.819311
0.819435
0.819062
0.818192
0.816825
0.814962
0.812604
0.809753
0.80641
0.802578
0.798259
0.793454
0.788169
0.782404
0.776165
0.769455
0.762277
0.754637
0.746538
0.737986
0.728987
0.719544
0.709665
0.699355
0.68862
0.677468
0.665904
0.653936
0.641571
0.628816
0.615679
0.602169
0.588293
0.57406
0.559479
0.544558
0.529306
0.513733
0.497848
0.481661
0.465181
0.448419
0.431385
0.414089
0.396542
0.378753
0.360735
0.342498
0.324053
0.305411
0.286584
0.267582
0.248419
0.229104
0.209651
0.19007
0.170373
0.150574
0.130683
0.110712
0.0906744
0.0705817
0.0504461
0.0302799
0.0100954
-0.0100954
-0.0302799
-0.0504461
-0.0705817
-0.0906744
-0.110712
-0.130683
-0.150574
-0.170373
-0.19007
-0.209651
-0.229104
-0.248419
-0.267582
-0.286584
-0.305411
-0.324053
-0.342498
-0.360735
-0.378753
-0.396542
-0.414089
-0.431385
-0.448419
-0.465181
-0.481661
-0.497848
-0.513733
-0.529306
-0.544558
-0.559479
-0.57406
-0.588293
-0.602169
-0.615679
-0.628816
-0.641571
-0.653936
-0.665904
-0.677468
-0.68862
-0.699355
-0.709665
-0.719544
-0.728987
-0.737986
-0.746538
-0.754637
-0.762277
-0.769455
-0.776165
-0.782404
-0.788169
-0.793454
-0.798259
-0.802578
-0.80641
-0.809753
-0.812604
-0.814962
-0.816825
-0.818192
-0.819062
-0.819435
-0.819311
-0.818689
-0.81757
-0.815955
-0.813845
-0.81124
-0.808143
-0.804555
-0.800479
-0.795917
-0.790872
-0.785346
-0.779344
-0.772869
-0.765924
-0.758514
-0.750644
-0.742319
-0.733542
-0.72432
-0.714659
-0.704564
-0.69404
-0.683096
-0.671737
-0.65997
-0.647802
-0.635241
-0.622295
-0.608971
-0.595276
-0.581221
-0.566813
-0.55206
-0.536973
-0.521559
-0.505829
-0.489792
-0.473457
-0.456835
-0.439936
-0.422769
-0.405346
-0.387677
-0.369772
-0.351643
-0.333301
-0.314756
-0.29602
-0.277104
-0.25802
-0.23878
-0.219394
-0.199875
-0.180235
-0.160486
-0.140639
-0.120706
-0.100701
-0.0806342
-0.0605185
-0.0403661
-0.0201892
0
0
0.0205306
0.0410487
0.0615419
0.0819977
0.102404
0.122748
0.143017
0.1632
0.183283
0.203255
0.223104
0.242817
0.262383
0.28179
0.301025
0.320078
0.338937
0.357589
0.376025
0.394232
0.4122
0.429918
0.447375
0.46456
0.481463
0.498074
0.514383
0.530379
0.546053
0.561396
0.576398
0.59105
0.605343
0.619268
0.632818
0.645983
0.658757
0.67113
0.683096
0.694647
0.705777
0.716478
0.726744
0.736569
0.745946
0.754871
0.763338
0.771341
0.778876
0.785938
0.792523
0.798626
0.804245
0.809376
0.814015
0.81816
0.821809
0.824958
0.827607
0.829753
0.831395
0.832533
0.833165
0.833292
0.832912
0.832027
0.830637
0.828743
0.826345
0.823446
0.820047
0.81615
0.811757
0.806872
0.801497
0.795635
0.78929
0.782466
0.775167
0.767398
0.759162
0.750466
0.741314
0.731712
0.721666
0.711181
0.700265
0.688924
0.677164
0.664994
0.65242
0.639449
0.626091
0.612352
0.598241
0.583768
0.56894
0.553766
0.538257
0.52242
0.506267
0.489806
0.473048
0.456002
0.43868
0.421091
0.403247
0.385158
0.366835
0.34829
0.329533
0.310575
0.29143
0.272107
0.252619
0.232978
0.213196
0.193284
0.173254
0.15312
0.132892
0.112584
0.0922077
0.0717752
0.0512992
0.030792
0.0102661
-0.0102661
-0.030792
-0.0512992
-0.0717752
-0.0922077
-0.112584
-0.132892
-0.15312
-0.173254
-0.193284
-0.213196
-0.232978
-0.252619
-0.272107
-0.29143
-0.310575
-0.329533
-0.34829
-0.366835
-0.385158
-0.403247
-0.421091
-0.43868
-0.456002
-0.473048
-0.489806
-0.506267
-0.52242
-0.538257
-0.553766
-0.56894
-0.583768
-0.598241
-0.612352
-0.626091
-0.639449
-0.65242
-0.664994
-0.677164
-0.688924
-0.700265
-0.711181
-0.721666
-0.731712
-0.741314
-0.750466
-0.759162
-0.767398
-0.775167
-0.782466
-0.78929
-0.795635
-0.801497
-0.806872
-0.811757
-0.81615
-0.820047
-0.823446
-0.826345
-0.828743
-0.830637
-0.832027
-0.832912
-0.833292
-0.833165
-0.832533
-0.831395
-0.829753
-0.827607
-0.824958
-0.821809
-0.81816
-0.814015
-0.809376
-0.804245
-0.798626
-0.792523
-0.785938
-0.778876
-0.771341
-0.763338
-0.754871
-0.745946
-0.736569
-0.726744
-0.716478
-0.705777
-0.694647
-0.683096
-0.67113
-0.658757
-0.645983
-0.632818
-0.619268
-0.605343
-0.59105
-0.576398
-0.561396
-0.546053
-0.530379
-0.514383
-0.498074
-0.481463
-0.46456
-0.447375
-0.429918
-0.4122
-0.394232
-0.376025
-0.357589
-0.338937
-0.320078
-0.301025
-0.28179
-0.262383
-0.242817
-0.223104
-0.203255
-0.183283
-0.1632
-0.143017
-0.122748
-0.102404
-0.0819977
-0.0615419
-0.0410487
-0.0205306
0
0
0.0208595
0.0417064
0.0625279
0.0833115
0.104044
0.124714
0.145308
0.165814
0.186219
0.206512
0.226678
0.246708
0.266587
0.286305
0.305848
0.325206
0.344367
0.363319
0.38205
0.400549
0.418805
0.436806
0.454543
0.472003
0.489177
0.506054
0.522624
0.538876
0.554802
0.57039
0.585633
0.600519
0.615041
0.62919
0.642957
0.656333
0.669311
0.681883
0.69404
0.705777
0.717085
0.727957
0.738388
0.74837
0.757898
0.766966
0.775568
0.783699
0.791355
0.79853
0.80522
0.811422
0.817131
0.822344
0.827057
0.831269
0.834975
0.838175
0.840866
0.843047
0.844716
0.845872
0.846514
0.846643
0.846257
0.845358
0.843945
0.842021
0.839585
0.836639
0.833185
0.829226
0.824763
0.819799
0.814338
0.808382
0.801936
0.795003
0.787587
0.779693
0.771325
0.76249
0.753191
0.743435
0.733228
0.722576
0.711485
0.699962
0.688014
0.675648
0.662872
0.649694
0.636122
0.622163
0.607826
0.593121
0.578055
0.562639
0.546881
0.53079
0.514378
0.497654
0.480627
0.463308
0.445708
0.427838
0.409708
0.391329
0.372712
0.35387
0.334812
0.315551
0.296099
0.276467
0.256667
0.236711
0.216612
0.19638
0.17603
0.155573
0.135022
0.114388
0.0936851
0.0729252
0.0521211
0.0312853
0.0104305
-0.0104305
-0.0312853
-0.0521211
-0.0729252
-0.0936851
-0.114388
-0.135022
-0.155573
-0.17603
-0.19638
-0.216612
-0.236711
-0.256667
-0.276467
-0.296099
-0.315551
-0.334812
-0.35387
-0.372712
-0.391329
-0.409708
-0.427838
-0.445708
-0.463308
-0.480627
-0.497654
-0.514378
-0.53079
-0.546881
-0.562639
-0.578055
-0.593121
-0.607826
-0.622163
-0.636122
-0.649694
-0.662872
-0.675648
-0.688014
-0.699962
-0.711485
-0.722576
-0.733228
-0.743435
-0.753191
-0.76249
-0.771325
-0.779693
-0.787587
-0.795003
-0.801936
-0.808382
-0.814338
-0.819799
-0.824763
-0.829226
-0.833185
-0.836639
-0.839585
-0.842021
-0.843945
-0.845358
-0.846257
-0.846643
-0.846514
-0.845872
-0.844716
-0.843047
-0.840866
-0.838175
-0.834975
-0.831269
-0.827057
-0.822344
-0.817131
-0.811422
-0.80522
-0.79853
-0.791355
-0.783699
-0.775568
-0.766966
-0.757898
-0.74837
-0.738388
-0.727957
-0.717085
-0.705777
-0.69404
-0.681883
-0.669311
-0.656333
-0.642957
-0.62919
-0.615041
-0.600519
-0.585633
-0.57039
-0.554802
-0.538876
-0.522624
-0.506054
-0.489177
-0.472003
-0.454543
-0.436806
-0.418805
-0.400549
-0.38205
-0.363319
-0.344367
-0.325206
-0.305848
-0.286305
-0.266587
-0.246708
-0.226678
-0.206512
-0.186219
-0.165814
-0.145308
-0.124714
-0.104044
-0.0833115
-0.0625279
-0.0417064
-0.0208595
0
0
0.0211758
0.0423387
0.0634759
0.0845746
0.105622
0.126605
0.147512
0.168328
0.189043
0.209643
0.230115
0.250448
0.270629
0.290646
0.310486
0.330137
0.349588
0.368827
0.387842
0.406622
0.425155
0.443429
0.461435
0.47916
0.496594
0.513727
0.530548
0.547047
0.563214
0.579039
0.594512
0.609624
0.624367
0.63873
0.652705
0.666285
0.679459
0.692222
0.704563
0.716478
0.727957
0.738994
0.749583
0.759717
0.769389
0.778594
0.787327
0.795582
0.803353
0.810637
0.817429
0.823725
0.82952
0.834812
0.839597
0.843872
0.847635
0.850884
0.853616
0.855829
0.857523
0.858697
0.859349
0.859479
0.859088
0.858175
0.856741
0.854787
0.852314
0.849324
0.845818
0.841799
0.837268
0.832229
0.826685
0.820639
0.814095
0.807057
0.799528
0.791514
0.78302
0.77405
0.764611
0.754707
0.744345
0.733531
0.722272
0.710575
0.698446
0.685892
0.672923
0.659545
0.645767
0.631596
0.617042
0.602114
0.58682
0.571169
0.555172
0.538838
0.522177
0.505199
0.487914
0.470333
0.452466
0.434325
0.41592
0.397262
0.378364
0.359235
0.339889
0.320336
0.300588
0.280659
0.260558
0.2403
0.219896
0.199358
0.178699
0.157932
0.137069
0.116122
0.0951055
0.0740309
0.0529113
0.0317597
0.0105887
-0.0105887
-0.0317597
-0.0529113
-0.0740309
-0.0951055
-0.116122
-0.137069
-0.157932
-0.178699
-0.199358
-0.219896
-0.2403
-0.260558
-0.280659
-0.300588
-0.320336
-0.339889
-0.359235
-0.378364
-0.397262
-0.41592
-0.434325
-0.452466
-0.470333
-0.487914
-0.505199
-0.522177
-0.538838
-0.555172
-0.571169
-0.58682
-0.602114
-0.617042
-0.631596
-0.645767
-0.659545
-0.672923
-0.685892
-0.698446
-0.710575
-0.722272
-0.733531
-0.744345
-0.754707
-0.764611
-0.77405
-0.78302
-0.791514
-0.799528
-0.807057
-0.814095
-0.820639
-0.826685
-0.832229
-0.837268
-0.841799
-0.845818
-0.849324
-0.852314
-0.854787
-0.856741
-0.858175
-0.859088
-0.859479
-0.859349
-0.858697
-0.857523
-0.855829
-0.853616
-0.850884
-0.847635
-0.843872
-0.839597
-0.834812
-0.82952
-0.823725
-0.817429
-0.810637
-0.803353
-0.795582
-0.787327
-0.778594
-0.769389
-0.759717
-0.749583
-0.738994
-0.727957
-0.716478
-0.704563
-0.692222
-0.679459
-0.666285
-0.652705
-0.63873
-0.624367
-0.609624
-0.594512
-0.579039
-0.563214
-0.547047
-0.530548
-0.513727
-0.496594
-0.47916
-0.461435
-0.443429
-0.425155
-0.406622
-0.387842
-0.368827
-0.349588
-0.330137
-0.310486
-0.290646
-0.270629
-0.250448
-0.230115
-0.209643
-0.189043
-0.168328
-0.147512
-0.126605
-0.105622
-0.0845746
-0.0634759
-0.0423387
-0.0211758
0
0
0.0214792
0.0429454
0.0643855
0.0857865
0.107135
0.128419
0.149625
0.17074
0.191752
0.212647
0.233413
0.254037
0.274507
0.29481
0.314934
0.334868
0.354598
0.374112
0.3934
0.412448
0.431246
0.449783
0.468046
0.486025
0.50371
0.521088
0.53815
0.554885
0.571284
0.587335
0.60303
0.618359
0.633313
0.647882
0.662058
0.675831
0.689195
0.70214
0.714659
0.726744
0.738388
0.749583
0.760323
0.770602
0.780413
0.78975
0.798608
0.806981
0.814864
0.822252
0.829142
0.835527
0.841406
0.846774
0.851627
0.855964
0.859781
0.863076
0.865847
0.868092
0.86981
0.871001
0.871662
0.871795
0.871398
0.870472
0.869017
0.867035
0.864527
0.861494
0.857937
0.85386
0.849265
0.844154
0.83853
0.832398
0.82576
0.81862
0.810984
0.802856
0.79424
0.785141
0.775567
0.765521
0.755011
0.744042
0.732621
0.720756
0.708453
0.69572
0.682565
0.668995
0.655019
0.640646
0.625884
0.610741
0.595228
0.579353
0.563127
0.546559
0.529659
0.512438
0.494905
0.477072
0.458949
0.440548
0.421879
0.402954
0.383785
0.364382
0.344759
0.324926
0.304895
0.28468
0.264292
0.243743
0.223047
0.202215
0.18126
0.160195
0.139033
0.117786
0.0964682
0.0750916
0.0536695
0.0322147
0.0107404
-0.0107404
-0.0322147
-0.0536695
-0.0750916
-0.0964682
-0.117786
-0.139033
-0.160195
-0.18126
-0.202215
-0.223047
-0.243743
-0.264292
-0.28468
-0.304895
-0.324926
-0.344759
-0.364382
-0.383785
-0.402954
-0.421879
-0.440548
-0.458949
-0.477072
-0.494905
-0.512438
-0.529659
-0.546559
-0.563127
-0.579353
-0.595228
-0.610741
-0.625884
-0.640646
-0.655019
-0.668995
-0.682565
-0.69572
-0.708453
-0.720756
-0.732621
-0.744042
-0.755011
-0.765521
-0.775567
-0.785141
-0.79424
-0.802856
-0.810984
-0.81862
-0.82576
-0.832398
-0.83853
-0.844154
-0.849265
-0.85386
-0.857937
-0.861494
-0.864527
-0.867035
-0.869017
-0.870472
-0.871398
-0.871795
-0.871662
-0.871001
-0.86981
-0.868092
-0.865847
-0.863076
-0.859781
-0.855964
-0.851627
-0.846774
-0.841406
-0.835527
-0.829142
-0.822252
-0.814864
-0.806981
-0.798608
-0.78975
-0.780413
-0.770602
-0.760323
-0.749583
-0.738388
-0.726744
-0.714659
-0.70214
-0.689195
-0.675831
-0.662058
-0.647882
-0.633313
-0.618359
-0.60303
-0.587335
-0.571284
-0.554885
-0.53815
-0.521088
-0.50371
-0.486025
-0.468046
-0.449783
-0.431246
-0.412448
-0.3934
-0.374112
-0.354598
-0.334868
-0.314934
-0.29481
-0.274507
-0.254037
-0.233413
-0.212647
-0.191752
-0.17074
-0.149625
-0.128419
-0.107135
-0.0857865
-0.0643855
-0.0429454
-0.0214792
0
0
0.0217696
0.0435259
0.0652559
0.0869462
0.108584
0.130155
0.151648
0.173048
0.194344
0.215521
0.236568
0.257471
0.278218
0.298796
0.319192
0.339395
0.359391
0.37917
0.398718
0.418024
0.437076
0.455863
0.474374
0.492596
0.510519
0.528133
0.545425
0.562387
0.579007
0.595275
0.611183
0.626719
0.641875
0.656641
0.671008
0.684968
0.698512
0.711632
0.72432
0.736569
0.74837
0.759717
0.770602
0.78102
0.790964
0.800427
0.809405
0.817891
0.82588
0.833368
0.840351
0.846823
0.852781
0.858221
0.86314
0.867536
0.871404
0.874744
0.877552
0.879828
0.881569
0.882776
0.883446
0.88358
0.883178
0.88224
0.880765
0.878757
0.876214
0.87314
0.869536
0.865404
0.860746
0.855566
0.849866
0.843651
0.836923
0.829687
0.821948
0.813709
0.804977
0.795756
0.786051
0.77587
0.765218
0.7541
0.742526
0.7305
0.718031
0.705126
0.691793
0.678039
0.663875
0.649307
0.634345
0.618998
0.603275
0.587186
0.57074
0.553948
0.53682
0.519365
0.501596
0.483522
0.465154
0.446504
0.427583
0.408402
0.388973
0.369309
0.34942
0.329318
0.309017
0.288529
0.267865
0.247038
0.226062
0.204948
0.18371
0.162361
0.140912
0.119379
0.0977724
0.0761068
0.054395
0.0326502
0.0108856
-0.0108856
-0.0326502
-0.054395
-0.0761068
-0.0977724
-0.119379
-0.140912
-0.162361
-0.18371
-0.204948
-0.226062
-0.247038
-0.267865
-0.288529
-0.309017
-0.329318
-0.34942
-0.369309
-0.388973
-0.408402
-0.427583
-0.446504
-0.465154
-0.483522
-0.501596
-0.519365
-0.53682
-0.553948
-0.57074
-0.587186
-0.603275
-0.618998
-0.634345
-0.649307
-0.663875
-0.678039
-0.691793
-0.705126
-0.718031
-0.7305
-0.742526
-0.7541
-0.765218
-0.77587
-0.786051
-0.795756
-0.804977
-0.813709
-0.821948
-0.829687
-0.836923
-0.843651
-0.849866
-0.855566
-0.860746
-0.865404
-0.869536
-0.87314
-0.876214
-0.878757
-0.880765
-0.88224
-0.883178
-0.88358
-0.883446
-0.882776
-0.881569
-0.879828
-0.877552
-0.874744
-0.871404
-0.867536
-0.86314
-0.858221
-0.852781
-0.846823
-0.840351
-0.833368
-0.82588
-0.817891
-0.809405
-0.800427
-0.790964
-0.78102
-0.770602
-0.759717
-0.74837
-0.736569
-0.72432
-0.711632
-0.698512
-0.684968
-0.671008
-0.656641
-0.641875
-0.626719
-0.611183
-0.595275
-0.579007
-0.562387
-0.545425
-0.528133
-0.510519
-0.492596
-0.474374
-0.455863
-0.437076
-0.418024
-0.398718
-0.37917
-0.359391
-0.339395
-0.319192
-0.298796
-0.278218
-0.257471
-0.236568
-0.215521
-0.194344
-0.173048
-0.151648
-0.130155
-0.108584
-0.0869462
-0.0652559
-0.0435259
-0.0217696
0
0
0.0220467
0.0440801
0.0660867
0.0880532
0.109966
0.131812
0.153579
0.175252
0.196818
0.218265
0.23958
0.260749
0.28176
0.3026
0.323256
0.343716
0.363967
0.383997
0.403794
0.423346
0.442641
0.461667
0.480413
0.498868
0.517019
0.534857
0.552369
0.569547
0.586379
0.602854
0.618964
0.634698
0.650047
0.665001
0.679551
0.693689
0.707405
0.720692
0.733542
0.745946
0.757898
0.769389
0.780413
0.790964
0.801034
0.810618
0.81971
0.828304
0.836395
0.843979
0.85105
0.857604
0.863638
0.869148
0.874129
0.878581
0.882498
0.88588
0.888725
0.891029
0.892793
0.894015
0.894694
0.89483
0.894422
0.893472
0.891979
0.889945
0.88737
0.884257
0.880606
0.876422
0.871705
0.866459
0.860686
0.854392
0.847578
0.840251
0.832413
0.824069
0.815226
0.805887
0.796059
0.785748
0.77496
0.763701
0.751979
0.7398
0.727172
0.714103
0.7006
0.686672
0.672327
0.657574
0.642421
0.626879
0.610956
0.594662
0.578007
0.561001
0.543654
0.525978
0.507982
0.489678
0.471076
0.452189
0.433027
0.413602
0.393926
0.37401
0.353868
0.333511
0.312952
0.292202
0.271275
0.250184
0.22894
0.207558
0.186049
0.164428
0.142706
0.120898
0.0990172
0.0770758
0.0550876
0.0330659
0.0110242
-0.0110242
-0.0330659
-0.0550876
-0.0770758
-0.0990172
-0.120898
-0.142706
-0.164428
-0.186049
-0.207558
-0.22894
-0.250184
-0.271275
-0.292202
-0.312952
-0.333511
-0.353868
-0.37401
-0.393926
-0.413602
-0.433027
-0.452189
-0.471076
-0.489678
-0.507982
-0.525978
-0.543654
-0.561001
-0.578007
-0.594662
-0.610956
-0.626879
-0.642421
-0.657574
-0.672327
-0.686672
-0.7006
-0.714103
-0.727172
-0.7398
-0.751979
-0.763701
-0.77496
-0.785748
-0.796059
-0.805887
-0.815226
-0.824069
-0.832413
-0.840251
-0.847578
-0.854392
-0.860686
-0.866459
-0.871705
-0.876422
-0.880606
-0.884257
-0.88737
-0.889945
-0.891979
-0.893472
-0.894422
-0.89483
-0.894694
-0.894015
-0.892793
-0.891029
-0.888725
-0.88588
-0.882498
-0.878581
-0.874129
-0.869148
-0.863638
-0.857604
-0.85105
-0.843979
-0.836395
-0.828304
-0.81971
-0.810618
-0.801034
-0.790964
-0.780413
-0.769389
-0.757898
-0.745946
-0.733542
-0.720692
-0.707405
-0.693689
-0.679551
-0.665001
-0.650047
-0.634698
-0.618964
-0.602854
-0.586379
-0.569547
-0.552369
-0.534857
-0.517019
-0.498868
-0.480413
-0.461667
-0.442641
-0.423346
-0.403794
-0.383997
-0.363967
-0.343716
-0.323256
-0.3026
-0.28176
-0.260749
-0.23958
-0.218265
-0.196818
-0.175252
-0.153579
-0.131812
-0.109966
-0.0880532
-0.0660867
-0.0440801
-0.0220467
0
0
0.0223105
0.0446075
0.0668774
0.0891067
0.111282
0.133389
0.155416
0.177348
0.199173
0.220877
0.242446
0.263869
0.285131
0.30622
0.327123
0.347828
0.368322
0.388591
0.408625
0.428411
0.447937
0.467191
0.486161
0.504836
0.523205
0.541256
0.558978
0.576361
0.593394
0.610067
0.62637
0.642292
0.657824
0.672957
0.687681
0.701988
0.715869
0.729315
0.742318
0.754871
0.766966
0.778594
0.78975
0.800427
0.810618
0.820316
0.829517
0.838214
0.846402
0.854076
0.861232
0.867865
0.873971
0.879546
0.884588
0.889092
0.893057
0.89648
0.899358
0.90169
0.903475
0.904711
0.905398
0.905536
0.905123
0.904162
0.902651
0.900592
0.897987
0.894836
0.891142
0.886907
0.882134
0.876825
0.870984
0.864614
0.857719
0.850304
0.842372
0.833929
0.824979
0.815529
0.805584
0.795149
0.784232
0.772839
0.760976
0.748652
0.735873
0.722647
0.708982
0.694888
0.680371
0.665441
0.650107
0.634379
0.618265
0.601776
0.584922
0.567713
0.550159
0.532271
0.51406
0.495536
0.476712
0.457599
0.438207
0.41855
0.398639
0.378485
0.358102
0.337501
0.316696
0.295698
0.274521
0.253177
0.231679
0.210041
0.188275
0.166395
0.144414
0.122345
0.100202
0.0779979
0.0557467
0.0334615
0.0111561
-0.0111561
-0.0334615
-0.0557467
-0.0779979
-0.100202
-0.122345
-0.144414
-0.166395
-0.188275
-0.210041
-0.231679
-0.253177
-0.274521
-0.295698
-0.316696
-0.337501
-0.358102
-0.378485
-0.398639
-0.41855
-0.438207
-0.457599
-0.476712
-0.495536
-0.51406
-0.532271
-0.550159
-0.567713
-0.584922
-0.601776
-0.618265
-0.634379
-0.650107
-0.665441
-0.680371
-0.694888
-0.708982
-0.722647
-0.735873
-0.748652
-0.760976
-0.772839
-0.784232
-0.795149
-0.805584
-0.815529
-0.824979
-0.833929
-0.842372
-0.850304
-0.857719
-0.864614
-0.870984
-0.876825
-0.882134
-0.886907
-0.891142
-0.894836
-0.897987
-0.900592
-0.902651
-0.904162
-0.905123
-0.905536
-0.905398
-0.904711
-0.903475
-0.90169
-0.899358
-0.89648
-0.893057
-0.889092
-0.884588
-0.879546
-0.873971
-0.867865
-0.861232
-0.854076
-0.846402
-0.838214
-0.829517
-0.820316
-0.810618
-0.800427
-0.78975
-0.778594
-0.766966
-0.754871
-0.742318
-0.729315
-0.715869
-0.701988
-0.687681
-0.672957
-0.657824
-0.642292
-0.62637
-0.610067
-0.593394
-0.576361
-0.558978
-0.541256
-0.523205
-0.504836
-0.486161
-0.467191
-0.447937
-0.428411
-0.408625
-0.388591
-0.368322
-0.347828
-0.327123
-0.30622
-0.285131
-0.263869
-0.242446
-0.220877
-0.199173
-0.177348
-0.155416
-0.133389
-0.111282
-0.0891067
-0.0668774
-0.0446075
-0.0223105
0
0
0.0225607
0.0451078
0.0676275
0.0901061
0.11253
0.134886
0.157159
0.179338
0.201407
0.223354
0.245166
0.266828
0.288329
0.309655
0.330792
0.351729
0.372453
0.39295
0.413208
0.433216
0.452961
0.472431
0.491614
0.510498
0.529073
0.547326
0.565248
0.582826
0.60005
0.61691
0.633395
0.649496
0.665202
0.680505
0.695394
0.709862
0.723898
0.737495
0.750644
0.763338
0.775568
0.787327
0.798608
0.809405
0.81971
0.829517
0.838821
0.847615
0.855895
0.863655
0.870892
0.877599
0.883773
0.889411
0.894509
0.899064
0.903073
0.906534
0.909445
0.911803
0.913608
0.914858
0.915553
0.915692
0.915275
0.914303
0.912775
0.910693
0.908058
0.904873
0.901137
0.896855
0.892028
0.88666
0.880753
0.874312
0.867339
0.859841
0.85182
0.843282
0.834232
0.824676
0.814619
0.804067
0.793028
0.781507
0.769511
0.757048
0.744126
0.730752
0.716934
0.702681
0.688002
0.672905
0.657399
0.641494
0.6252
0.608526
0.591482
0.57408
0.556329
0.538241
0.519825
0.501094
0.482059
0.462731
0.443122
0.423244
0.40311
0.38273
0.362118
0.341287
0.320248
0.299015
0.2776
0.256016
0.234278
0.212397
0.190387
0.168261
0.146034
0.123717
0.101326
0.0788728
0.0563719
0.0338368
0.0112812
-0.0112812
-0.0338368
-0.0563719
-0.0788728
-0.101326
-0.123717
-0.146034
-0.168261
-0.190387
-0.212397
-0.234278
-0.256016
-0.2776
-0.299015
-0.320248
-0.341287
-0.362118
-0.38273
-0.40311
-0.423244
-0.443122
-0.462731
-0.482059
-0.501094
-0.519825
-0.538241
-0.556329
-0.57408
-0.591482
-0.608526
-0.6252
-0.641494
-0.657399
-0.672905
-0.688002
-0.702681
-0.716934
-0.730752
-0.744126
-0.757048
-0.769511
-0.781507
-0.793028
-0.804067
-0.814619
-0.824676
-0.834232
-0.843282
-0.85182
-0.859841
-0.867339
-0.874312
-0.880753
-0.88666
-0.892028
-0.896855
-0.901137
-0.904873
-0.908058
-0.910693
-0.912775
-0.914303
-0.915275
-0.915692
-0.915553
-0.914858
-0.913608
-0.911803
-0.909445
-0.906534
-0.903073
-0.899064
-0.894509
-0.889411
-0.883773
-0.877599
-0.870892
-0.863655
-0.855895
-0.847615
-0.838821
-0.829517
-0.81971
-0.809405
-0.798608
-0.787327
-0.775568
-0.763338
-0.750644
-0.737495
-0.723898
-0.709862
-0.695394
-0.680505
-0.665202
-0.649496
-0.633395
-0.61691
-0.60005
-0.582826
-0.565248
-0.547326
-0.529073
-0.510498
-0.491614
-0.472431
-0.452961
-0.433216
-0.413208
-0.39295
-0.372453
-0.351729
-0.330792
-0.309655
-0.288329
-0.266828
-0.245166
-0.223354
-0.201407
-0.179338
-0.157159
-0.134886
-0.11253
-0.0901061
-0.0676275
-0.0451078
-0.0225607
0
0
0.0227973
0.0455807
0.0683365
0.0910508
0.11371
0.1363
0.158807
0.181218
0.203519
0.225696
0.247736
0.269626
0.291352
0.312901
0.334261
0.355417
0.376358
0.39707
0.417541
0.437758
0.45771
0.477384
0.496768
0.515851
0.53462
0.553065
0.571174
0.588936
0.606341
0.623377
0.640036
0.656305
0.672176
0.687639
0.702685
0.717304
0.731488
0.745227
0.758514
0.771341
0.783699
0.795582
0.806981
0.817891
0.828304
0.838214
0.847615
0.856502
0.864869
0.87271
0.880022
0.8868
0.893039
0.898736
0.903888
0.90849
0.912542
0.916039
0.91898
0.921363
0.923187
0.92445
0.925152
0.925293
0.924871
0.923889
0.922345
0.920241
0.917579
0.91436
0.910585
0.906258
0.90138
0.895956
0.889987
0.883478
0.876433
0.868855
0.860751
0.852123
0.842979
0.833322
0.82316
0.812498
0.801342
0.7897
0.777579
0.764986
0.751928
0.738413
0.724451
0.710048
0.695215
0.67996
0.664291
0.64822
0.631754
0.614906
0.597684
0.580099
0.562162
0.543884
0.525275
0.506348
0.487113
0.467583
0.447768
0.427682
0.407336
0.386743
0.365915
0.344865
0.323605
0.30215
0.28051
0.258701
0.236734
0.214624
0.192383
0.170025
0.147565
0.125014
0.102388
0.0796997
0.0569629
0.0341916
0.0113995
-0.0113995
-0.0341916
-0.0569629
-0.0796997
-0.102388
-0.125014
-0.147565
-0.170025
-0.192383
-0.214624
-0.236734
-0.258701
-0.28051
-0.30215
-0.323605
-0.344865
-0.365915
-0.386743
-0.407336
-0.427682
-0.447768
-0.467583
-0.487113
-0.506348
-0.525275
-0.543884
-0.562162
-0.580099
-0.597684
-0.614906
-0.631754
-0.64822
-0.664291
-0.67996
-0.695215
-0.710048
-0.724451
-0.738413
-0.751928
-0.764986
-0.777579
-0.7897
-0.801342
-0.812498
-0.82316
-0.833322
-0.842979
-0.852123
-0.860751
-0.868855
-0.876433
-0.883478
-0.889987
-0.895956
-0.90138
-0.906258
-0.910585
-0.91436
-0.917579
-0.920241
-0.922345
-0.923889
-0.924871
-0.925293
-0.925152
-0.92445
-0.923187
-0.921363
-0.91898
-0.916039
-0.912542
-0.90849
-0.903888
-0.898736
-0.893039
-0.8868
-0.880022
-0.87271
-0.864869
-0.856502
-0.847615
-0.838214
-0.828304
-0.817891
-0.806981
-0.795582
-0.783699
-0.771341
-0.758514
-0.745227
-0.731488
-0.717304
-0.702685
-0.687639
-0.672176
-0.656305
-0.640036
-0.623377
-0.606341
-0.588936
-0.571174
-0.553065
-0.53462
-0.515851
-0.496768
-0.477384
-0.45771
-0.437758
-0.417541
-0.39707
-0.376358
-0.355417
-0.334261
-0.312901
-0.291352
-0.269626
-0.247736
-0.225696
-0.203519
-0.181218
-0.158807
-0.1363
-0.11371
-0.0910508
-0.0683365
-0.0455807
-0.0227973
0
0
0.02302
0.046026
0.069004
0.0919402
0.114821
0.137631
0.160358
0.182988
0.205507
0.227901
0.250156
0.27226
0.294198
0.315958
0.337526
0.358889
0.380034
0.400948
0.421619
0.442035
0.462181
0.482047
0.501621
0.52089
0.539842
0.558467
0.576753
0.594689
0.612264
0.629467
0.646288
0.662716
0.678743
0.694357
0.709549
0.724311
0.738633
0.752507
0.765924
0.778876
0.791355
0.803353
0.814864
0.82588
0.836395
0.846402
0.855895
0.864869
0.873317
0.881235
0.888619
0.895463
0.901763
0.907516
0.912717
0.917365
0.921456
0.924987
0.927957
0.930363
0.932205
0.933481
0.93419
0.934331
0.933906
0.932914
0.931355
0.929231
0.926542
0.923291
0.91948
0.915111
0.910185
0.904708
0.898681
0.892108
0.884994
0.877343
0.869159
0.860447
0.851213
0.841462
0.831201
0.820434
0.80917
0.797414
0.785175
0.772458
0.759273
0.745627
0.731528
0.716985
0.702006
0.686602
0.67078
0.654552
0.637926
0.620912
0.603522
0.585766
0.567653
0.549197
0.530406
0.511294
0.491871
0.47215
0.452142
0.43186
0.411315
0.390521
0.369489
0.348234
0.326767
0.305101
0.28325
0.261228
0.239046
0.21672
0.194262
0.171686
0.149006
0.126235
0.103388
0.0804782
0.0575194
0.0345256
0.0115109
-0.0115109
-0.0345256
-0.0575194
-0.0804782
-0.103388
-0.126235
-0.149006
-0.171686
-0.194262
-0.21672
-0.239046
-0.261228
-0.28325
-0.305101
-0.326767
-0.348234
-0.369489
-0.390521
-0.411315
-0.43186
-0.452142
-0.47215
-0.491871
-0.511294
-0.530406
-0.549197
-0.567653
-0.585766
-0.603522
-0.620912
-0.637926
-0.654552
-0.67078
-0.686602
-0.702006
-0.716985
-0.731528
-0.745627
-0.759273
-0.772458
-0.785175
-0.797414
-0.80917
-0.820434
-0.831201
-0.841462
-0.851213
-0.860447
-0.869159
-0.877343
-0.884994
-0.892108
-0.898681
-0.904708
-0.910185
-0.915111
-0.91948
-0.923291
-0.926542
-0.929231
-0.931355
-0.932914
-0.933906
-0.934331
-0.93419
-0.933481
-0.932205
-0.930363
-0.927957
-0.924987
-0.921456
-0.917365
-0.912717
-0.907516
-0.901763
-0.895463
-0.888619
-0.881235
-0.873317
-0.864869
-0.855895
-0.846402
-0.836395
-0.82588
-0.814864
-0.803353
-0.791355
-0.778876
-0.765924
-0.752507
-0.738633
-0.724311
-0.709549
-0.694357
-0.678743
-0.662716
-0.646288
-0.629467
-0.612264
-0.594689
-0.576753
-0.558467
-0.539842
-0.52089
-0.501621
-0.482047
-0.462181
-0.442035
-0.421619
-0.400948
-0.380034
-0.358889
-0.337526
-0.315958
-0.294198
-0.27226
-0.250156
-0.227901
-0.205507
-0.182988
-0.160358
-0.137631
-0.114821
-0.0919402
-0.069004
-0.046026
-0.02302
0
0
0.0232287
0.0464433
0.0696297
0.0927738
0.115862
0.138879
0.161812
0.184647
0.20737
0.229967
0.252424
0.274728
0.296866
0.318823
0.340586
0.362143
0.38348
0.404584
0.425442
0.446042
0.466372
0.486418
0.506169
0.525613
0.544737
0.563531
0.581983
0.600081
0.617815
0.635174
0.652148
0.668725
0.684897
0.700652
0.715983
0.730878
0.74533
0.75933
0.772868
0.785938
0.79853
0.810637
0.822252
0.833368
0.843978
0.854076
0.863655
0.87271
0.881235
0.889226
0.896676
0.903582
0.909939
0.915744
0.920993
0.925683
0.92981
0.933374
0.936371
0.938799
0.940657
0.941944
0.94266
0.942803
0.942374
0.941372
0.939799
0.937656
0.934943
0.931663
0.927817
0.923408
0.918438
0.912911
0.906829
0.900197
0.893018
0.885298
0.877039
0.868249
0.858931
0.849092
0.838737
0.827873
0.816507
0.804644
0.792294
0.779462
0.766157
0.752387
0.73816
0.723485
0.708371
0.692827
0.676862
0.660486
0.64371
0.626542
0.608994
0.591077
0.5728
0.554176
0.535215
0.51593
0.496331
0.476431
0.456242
0.435775
0.415045
0.394062
0.37284
0.351391
0.329729
0.307867
0.285819
0.263596
0.241214
0.218685
0.196023
0.173243
0.150357
0.12738
0.104326
0.0812079
0.0580409
0.0348386
0.0116152
-0.0116152
-0.0348386
-0.0580409
-0.0812079
-0.104326
-0.12738
-0.150357
-0.173243
-0.196023
-0.218685
-0.241214
-0.263596
-0.285819
-0.307867
-0.329729
-0.351391
-0.37284
-0.394062
-0.415045
-0.435775
-0.456242
-0.476431
-0.496331
-0.51593
-0.535215
-0.554176
-0.5728
-0.591077
-0.608994
-0.626542
-0.64371
-0.660486
-0.676862
-0.692827
-0.708371
-0.723485
-0.73816
-0.752387
-0.766157
-0.779462
-0.792294
-0.804644
-0.816507
-0.827873
-0.838737
-0.849092
-0.858931
-0.868249
-0.877039
-0.885298
-0.893018
-0.900197
-0.906829
-0.912911
-0.918438
-0.923408
-0.927817
-0.931663
-0.934943
-0.937656
-0.939799
-0.941372
-0.942374
-0.942803
-0.94266
-0.941944
-0.940657
-0.938799
-0.936371
-0.933374
-0.92981
-0.925683
-0.920993
-0.915744
-0.909939
-0.903582
-0.896676
-0.889226
-0.881235
-0.87271
-0.863655
-0.854076
-0.843978
-0.833368
-0.822252
-0.810637
-0.79853
-0.785938
-0.772868
-0.75933
-0.74533
-0.730878
-0.715983
-0.700652
-0.684897
-0.668725
-0.652148
-0.635174
-0.617815
-0.600081
-0.581983
-0.563531
-0.544737
-0.525613
-0.506169
-0.486418
-0.466372
-0.446042
-0.425442
-0.404584
-0.38348
-0.362143
-0.340586
-0.318823
-0.296866
-0.274728
-0.252424
-0.229967
-0.20737
-0.184647
-0.161812
-0.138879
-0.115862
-0.0927738
-0.0696297
-0.0464433
-0.0232287
0
0
0.0234233
0.0468324
0.0702131
0.0935511
0.116832
0.140043
0.163168
0.186194
0.209107
0.231894
0.254539
0.27703
0.299353
0.321494
0.34344
0.365177
0.386693
0.407974
0.429007
0.449779
0.470279
0.490493
0.51041
0.530016
0.549301
0.568252
0.586859
0.605109
0.622991
0.640496
0.657612
0.674328
0.690635
0.706523
0.721981
0.737002
0.751575
0.765692
0.779344
0.792522
0.80522
0.817429
0.829141
0.840351
0.85105
0.861232
0.870891
0.880022
0.888619
0.896676
0.904188
0.911152
0.917563
0.923416
0.928709
0.933438
0.937601
0.941194
0.944216
0.946664
0.948538
0.949836
0.950558
0.950702
0.950269
0.949259
0.947673
0.945512
0.942776
0.939469
0.935591
0.931144
0.926133
0.920559
0.914427
0.907739
0.9005
0.892715
0.884388
0.875523
0.866127
0.856206
0.845764
0.834809
0.823348
0.811386
0.798932
0.785993
0.772576
0.758691
0.744345
0.729547
0.714306
0.698632
0.682533
0.66602
0.649103
0.631792
0.614097
0.596029
0.577599
0.558819
0.5397
0.520253
0.50049
0.480423
0.460064
0.439426
0.418522
0.397363
0.375963
0.354335
0.332492
0.310447
0.288213
0.265805
0.243235
0.220517
0.197666
0.174694
0.151617
0.128447
0.1052
0.0818883
0.0585272
0.0351305
0.0117125
-0.0117125
-0.0351305
-0.0585272
-0.0818883
-0.1052
-0.128447
-0.151617
-0.174694
-0.197666
-0.220517
-0.243235
-0.265805
-0.288213
-0.310447
-0.332492
-0.354335
-0.375963
-0.397363
-0.418522
-0.439426
-0.460064
-0.480423
-0.50049
-0.520253
-0.5397
-0.558819
-0.577599
-0.596029
-0.614097
-0.631792
-0.649103
-0.66602
-0.682533
-0.698632
-0.714306
-0.729547
-0.744345
-0.758691
-0.772576
-0.785993
-0.798932
-0.811386
-0.823348
-0.834809
-0.845764
-0.856206
-0.866127
-0.875523
-0.884388
-0.892715
-0.9005
-0.907739
-0.914427
-0.920559
-0.926133
-0.931144
-0.935591
-0.939469
-0.942776
-0.945512
-0.947673
-0.949259
-0.950269
-0.950702
-0.950558
-0.949836
-0.948538
-0.946664
-0.944216
-0.941194
-0.937601
-0.933438
-0.928709
-0.923416
-0.917563
-0.911152
-0.904188
-0.896676
-0.888619
-0.880022
-0.870891
-0.861232
-0.85105
-0.840351
-0.829141
-0.817429
-0.80522
-0.792522
-0.779344
-0.765692
-0.751575
-0.737002
-0.721981
-0.706523
-0.690635
-0.674328
-0.657612
-0.640496
-0.622991
-0.605109
-0.586859
-0.568252
-0.549301
-0.530016
-0.51041
-0.490493
-0.470279
-0.449779
-0.429007
-0.407974
-0.386693
-0.365177
-0.34344
-0.321494
-0.299353
-0.27703
-0.254539
-0.231894
-0.209107
-0.186194
-0.163168
-0.140043
-0.116832
-0.0935511
-0.0702131
-0.0468324
-0.0234233
0
0
0.0236037
0.0471931
0.0707538
0.0942716
0.117732
0.141121
0.164425
0.187628
0.210718
0.23368
0.256499
0.279164
0.301658
0.32397
0.346085
0.367989
0.389671
0.411116
0.432311
0.453244
0.473901
0.494271
0.514341
0.534098
0.553532
0.572629
0.591378
0.609769
0.627789
0.645429
0.662676
0.679521
0.695954
0.711964
0.727542
0.742678
0.757363
0.771589
0.785346
0.798626
0.811422
0.823724
0.835527
0.846823
0.857604
0.867865
0.877599
0.8868
0.895463
0.903582
0.911152
0.91817
0.924629
0.930528
0.935862
0.940627
0.944822
0.948443
0.951488
0.953955
0.955844
0.957152
0.957878
0.958024
0.957588
0.95657
0.954972
0.952794
0.950037
0.946704
0.942796
0.938316
0.933266
0.927649
0.921469
0.91473
0.907436
0.89959
0.891199
0.882266
0.872798
0.8628
0.852278
0.841239
0.829689
0.817635
0.805085
0.792046
0.778526
0.764534
0.750078
0.735166
0.719808
0.704012
0.68779
0.67115
0.654102
0.636657
0.618826
0.600619
0.582048
0.563123
0.543856
0.524259
0.504344
0.484123
0.463607
0.442811
0.421745
0.400424
0.378859
0.357064
0.335053
0.312838
0.290433
0.267852
0.245108
0.222216
0.199188
0.17604
0.152785
0.129437
0.10601
0.082519
0.0589779
0.0354011
0.0118028
-0.0118028
-0.0354011
-0.0589779
-0.082519
-0.10601
-0.129437
-0.152785
-0.17604
-0.199188
-0.222216
-0.245108
-0.267852
-0.290433
-0.312838
-0.335053
-0.357064
-0.378859
-0.400424
-0.421745
-0.442811
-0.463607
-0.484123
-0.504344
-0.524259
-0.543856
-0.563123
-0.582048
-0.600619
-0.618826
-0.636657
-0.654102
-0.67115
-0.68779
-0.704012
-0.719808
-0.735166
-0.750078
-0.764534
-0.778526
-0.792046
-0.805085
-0.817635
-0.829689
-0.841239
-0.852278
-0.8628
-0.872798
-0.882266
-0.891199
-0.89959
-0.907436
-0.91473
-0.921469
-0.927649
-0.933266
-0.938316
-0.942796
-0.946704
-0.950037
-0.952794
-0.954972
-0.95657
-0.957588
-0.958024
-0.957878
-0.957152
-0.955844
-0.953955
-0.951488
-0.948443
-0.944822
-0.940627
-0.935862
-0.930528
-0.924629
-0.91817
-0.911152
-0.903582
-0.895463
-0.8868
-0.877599
-0.867865
-0.857604
-0.846823
-0.835527
-0.823724
-0.811422
-0.798626
-0.785346
-0.771589
-0.757363
-0.742678
-0.727542
-0.711964
-0.695954
-0.679521
-0.662676
-0.645429
-0.627789
-0.609769
-0.591378
-0.572629
-0.553532
-0.534098
-0.514341
-0.494271
-0.473901
-0.453244
-0.432311
-0.411116
-0.389671
-0.367989
-0.346085
-0.32397
-0.301658
-0.279164
-0.256499
-0.23368
-0.210718
-0.187628
-0.164425
-0.141121
-0.117732
-0.0942716
-0.0707538
-0.0471931
-0.0236037
0
0
0.0237698
0.0475251
0.0712516
0.0949349
0.11856
0.142114
0.165581
0.188948
0.2122
0.235324
0.258304
0.281128
0.303781
0.326249
0.34852
0.370579
0.392412
0.414008
0.435352
0.456432
0.477235
0.497748
0.51796
0.537856
0.557426
0.576658
0.595539
0.614059
0.632206
0.64997
0.667339
0.684302
0.70085
0.716973
0.732661
0.747903
0.762692
0.777017
0.790871
0.804245
0.81713
0.82952
0.841406
0.852781
0.863638
0.873971
0.883773
0.893039
0.901763
0.909939
0.917563
0.924629
0.931135
0.937075
0.942446
0.947245
0.951469
0.955116
0.958182
0.960667
0.962569
0.963886
0.964618
0.964764
0.964325
0.9633
0.961691
0.959497
0.956721
0.953365
0.949429
0.944917
0.939832
0.934176
0.927953
0.921166
0.91382
0.90592
0.897469
0.888474
0.878939
0.86887
0.858274
0.847157
0.835526
0.823388
0.810749
0.797619
0.784004
0.769913
0.755355
0.740338
0.724872
0.708966
0.692629
0.675872
0.658704
0.641137
0.62318
0.604845
0.586143
0.567085
0.547683
0.527948
0.507893
0.487529
0.466869
0.445926
0.424712
0.403241
0.381524
0.359576
0.33741
0.315039
0.292476
0.269736
0.246833
0.223779
0.20059
0.177278
0.153859
0.130347
0.106756
0.0830996
0.0593929
0.0356502
0.0118858
-0.0118858
-0.0356502
-0.0593929
-0.0830996
-0.106756
-0.130347
-0.153859
-0.177278
-0.20059
-0.223779
-0.246833
-0.269736
-0.292476
-0.315039
-0.33741
-0.359576
-0.381524
-0.403241
-0.424712
-0.445926
-0.466869
-0.487529
-0.507893
-0.527948
-0.547683
-0.567085
-0.586143
-0.604845
-0.62318
-0.641137
-0.658704
-0.675872
-0.692629
-0.708966
-0.724872
-0.740338
-0.755355
-0.769913
-0.784004
-0.797619
-0.810749
-0.823388
-0.835526
-0.847157
-0.858274
-0.86887
-0.878939
-0.888474
-0.897469
-0.90592
-0.91382
-0.921166
-0.927953
-0.934176
-0.939832
-0.944917
-0.949429
-0.953365
-0.956721
-0.959497
-0.961691
-0.9633
-0.964325
-0.964764
-0.964618
-0.963886
-0.962569
-0.960667
-0.958182
-0.955116
-0.951469
-0.947245
-0.942446
-0.937075
-0.931135
-0.924629
-0.917563
-0.909939
-0.901763
-0.893039
-0.883773
-0.873971
-0.863638
-0.852781
-0.841406
-0.82952
-0.81713
-0.804245
-0.790871
-0.777017
-0.762692
-0.747903
-0.732661
-0.716973
-0.70085
-0.684302
-0.667339
-0.64997
-0.632206
-0.614059
-0.595539
-0.576658
-0.557426
-0.537856
-0.51796
-0.497748
-0.477235
-0.456432
-0.435352
-0.414008
-0.392412
-0.370579
-0.34852
-0.326249
-0.303781
-0.281128
-0.258304
-0.235324
-0.2122
-0.188948
-0.165581
-0.142114
-0.11856
-0.0949349
-0.0712516
-0.0475251
-0.0237698
0
0
0.0239214
0.0478283
0.0717062
0.0955405
0.119317
0.143021
0.166638
0.190154
0.213554
0.236825
0.259952
0.282921
0.305719
0.32833
0.350743
0.372943
0.394916
0.416649
0.43813
0.459344
0.48028
0.500924
0.521264
0.541287
0.560982
0.580336
0.599338
0.617977
0.63624
0.654116
0.671596
0.688668
0.705321
0.721547
0.737335
0.752674
0.767557
0.781974
0.795917
0.809376
0.822343
0.834812
0.846773
0.858221
0.869147
0.879546
0.889411
0.898736
0.907515
0.915744
0.923416
0.930528
0.937075
0.943053
0.948458
0.953288
0.957539
0.961209
0.964295
0.966795
0.968709
0.970035
0.970771
0.970919
0.970477
0.969446
0.967826
0.965618
0.962825
0.959447
0.955486
0.950945
0.945827
0.940135
0.933872
0.927042
0.91965
0.911699
0.903194
0.894141
0.884546
0.874413
0.86375
0.852562
0.840856
0.82864
0.815921
0.802707
0.789005
0.774825
0.760174
0.745061
0.729496
0.713488
0.697047
0.680183
0.662906
0.645227
0.627156
0.608704
0.589882
0.570703
0.551177
0.531316
0.511133
0.490639
0.469848
0.448771
0.427422
0.405813
0.383958
0.36187
0.339563
0.317049
0.294342
0.271457
0.248407
0.225207
0.201869
0.178409
0.154841
0.131179
0.107437
0.0836297
0.0597718
0.0358776
0.0119616
-0.0119616
-0.0358776
-0.0597718
-0.0836297
-0.107437
-0.131179
-0.154841
-0.178409
-0.201869
-0.225207
-0.248407
-0.271457
-0.294342
-0.317049
-0.339563
-0.36187
-0.383958
-0.405813
-0.427422
-0.448771
-0.469848
-0.490639
-0.511133
-0.531316
-0.551177
-0.570703
-0.589882
-0.608704
-0.627156
-0.645227
-0.662906
-0.680183
-0.697047
-0.713488
-0.729496
-0.745061
-0.760174
-0.774825
-0.789005
-0.802707
-0.815921
-0.82864
-0.840856
-0.852562
-0.86375
-0.874413
-0.884546
-0.894141
-0.903194
-0.911699
-0.91965
-0.927042
-0.933872
-0.940135
-0.945827
-0.950945
-0.955486
-0.959447
-0.962825
-0.965618
-0.967826
-0.969446
-0.970477
-0.970919
-0.970771
-0.970035
-0.968709
-0.966795
-0.964295
-0.961209
-0.957539
-0.953288
-0.948458
-0.943053
-0.937075
-0.930528
-0.923416
-0.915744
-0.907515
-0.898736
-0.889411
-0.879546
-0.869147
-0.858221
-0.846773
-0.834812
-0.822343
-0.809376
-0.795917
-0.781974
-0.767557
-0.752674
-0.737335
-0.721547
-0.705321
-0.688668
-0.671596
-0.654116
-0.63624
-0.617977
-0.599338
-0.580336
-0.560982
-0.541287
-0.521264
-0.500924
-0.48028
-0.459344
-0.43813
-0.416649
-0.394916
-0.372943
-0.350743
-0.32833
-0.305719
-0.282921
-0.259952
-0.236825
-0.213554
-0.190154
-0.166638
-0.143021
-0.119317
-0.0955405
-0.0717062
-0.0478283
-0.0239214
0
0
0.0240585
0.0481025
0.0721172
0.0960881
0.120001
0.14384
0.167593
0.191244
0.214778
0.238182
0.261442
0.284543
0.307471
0.330212
0.352753
0.37508
0.397179
0.419037
0.440641
0.461977
0.483033
0.503795
0.524252
0.54439
0.564198
0.583663
0.602774
0.621519
0.639886
0.657866
0.675445
0.692615
0.709364
0.725683
0.741561
0.756989
0.771957
0.786457
0.800479
0.814015
0.827057
0.839597
0.851627
0.86314
0.874129
0.884588
0.894509
0.903888
0.912717
0.920993
0.928709
0.935862
0.942446
0.948458
0.953895
0.958752
0.963028
0.966718
0.969822
0.972337
0.974262
0.975595
0.976336
0.976484
0.976039
0.975002
0.973373
0.971153
0.968344
0.964946
0.960963
0.956396
0.951249
0.945524
0.939225
0.932356
0.924921
0.916925
0.908371
0.899267
0.889616
0.879425
0.868701
0.857449
0.845676
0.83339
0.820598
0.807308
0.793528
0.779266
0.764531
0.749332
0.733678
0.717578
0.701043
0.684082
0.666706
0.648925
0.63075
0.612193
0.593263
0.573974
0.554336
0.534361
0.514062
0.493451
0.472541
0.451343
0.429872
0.408139
0.386159
0.363944
0.341509
0.318866
0.296029
0.273013
0.249831
0.226497
0.203026
0.179432
0.155729
0.131931
0.108053
0.084109
0.0601144
0.0360832
0.0120302
-0.0120302
-0.0360832
-0.0601144
-0.084109
-0.108053
-0.131931
-0.155729
-0.179432
-0.203026
-0.226497
-0.249831
-0.273013
-0.296029
-0.318866
-0.341509
-0.363944
-0.386159
-0.408139
-0.429872
-0.451343
-0.472541
-0.493451
-0.514062
-0.534361
-0.554336
-0.573974
-0.593263
-0.612193
-0.63075
-0.648925
-0.666706
-0.684082
-0.701043
-0.717578
-0.733678
-0.749332
-0.764531
-0.779266
-0.793528
-0.807308
-0.820598
-0.83339
-0.845676
-0.857449
-0.868701
-0.879425
-0.889616
-0.899267
-0.908371
-0.916925
-0.924921
-0.932356
-0.939225
-0.945524
-0.951249
-0.956396
-0.960963
-0.964946
-0.968344
-0.971153
-0.973373
-0.975002
-0.976039
-0.976484
-0.976336
-0.975595
-0.974262
-0.972337
-0.969822
-0.966718
-0.963028
-0.958752
-0.953895
-0.948458
-0.942446
-0.935862
-0.928709
-0.920993
-0.912717
-0.903888
-0.894509
-0.884588
-0.874129
-0.86314
-0.851627
-0.839597
-0.827057
-0.814015
-0.800479
-0.786457
-0.771957
-0.756989
-0.741561
-0.725683
-0.709364
-0.692615
-0.675445
-0.657866
-0.639886
-0.621519
-0.602774
-0.583663
-0.564198
-0.54439
-0.524252
-0.503795
-0.483033
-0.461977
-0.440641
-0.419037
-0.397179
-0.37508
-0.352753
-0.330212
-0.307471
-0.284543
-0.261442
-0.238182
-0.214778
-0.191244
-0.167593
-0.14384
-0.120001
-0.0960881
-0.0721172
-0.0481025
-0.0240585
0
0
0.024181
0.0483474
0.0724844
0.0965774
0.120612
0.144573
0.168446
0.192217
0.215872
0.239395
0.262773
0.285992
0.309037
0.331894
0.35455
0.37699
0.399202
0.421171
0.442885
0.46433
0.485492
0.50636
0.526921
0.547162
0.567071
0.586635
0.605843
0.624684
0.643145
0.661215
0.678885
0.696142
0.712976
0.729378
0.745337
0.760843
0.775888
0.790461
0.804555
0.81816
0.831268
0.843872
0.855964
0.867535
0.87858
0.889092
0.899064
0.90849
0.917365
0.925683
0.933438
0.940627
0.947245
0.953288
0.958752
0.963634
0.967931
0.971641
0.97476
0.977288
0.979223
0.980563
0.981307
0.981456
0.98101
0.979967
0.97833
0.976098
0.973275
0.96986
0.965856
0.961266
0.956093
0.950339
0.944008
0.937104
0.929631
0.921594
0.912997
0.903846
0.894146
0.883903
0.873124
0.861815
0.849982
0.837634
0.824777
0.811419
0.797569
0.783234
0.768424
0.753147
0.737413
0.721232
0.704613
0.687566
0.670101
0.65223
0.633962
0.61531
0.596284
0.576897
0.557159
0.537082
0.51668
0.495964
0.474947
0.453642
0.432061
0.410218
0.388125
0.365798
0.343248
0.32049
0.297537
0.274403
0.251103
0.227651
0.20406
0.180346
0.156522
0.132602
0.108603
0.0845373
0.0604205
0.036267
0.0120914
-0.0120914
-0.036267
-0.0604205
-0.0845373
-0.108603
-0.132602
-0.156522
-0.180346
-0.20406
-0.227651
-0.251103
-0.274403
-0.297537
-0.32049
-0.343248
-0.365798
-0.388125
-0.410218
-0.432061
-0.453642
-0.474947
-0.495964
-0.51668
-0.537082
-0.557159
-0.576897
-0.596284
-0.61531
-0.633962
-0.65223
-0.670101
-0.687566
-0.704613
-0.721232
-0.737413
-0.753147
-0.768424
-0.783234
-0.797569
-0.811419
-0.824777
-0.837634
-0.849982
-0.861815
-0.873124
-0.883903
-0.894146
-0.903846
-0.912997
-0.921594
-0.929631
-0.937104
-0.944008
-0.950339
-0.956093
-0.961266
-0.965856
-0.96986
-0.973275
-0.976098
-0.97833
-0.979967
-0.98101
-0.981456
-0.981307
-0.980563
-0.979223
-0.977288
-0.97476
-0.971641
-0.967931
-0.963634
-0.958752
-0.953288
-0.947245
-0.940627
-0.933438
-0.925683
-0.917365
-0.90849
-0.899064
-0.889092
-0.87858
-0.867535
-0.855964
-0.843872
-0.831268
-0.81816
-0.804555
-0.790461
-0.775888
-0.760843
-0.745337
-0.729378
-0.712976
-0.696142
-0.678885
-0.661215
-0.643145
-0.624684
-0.605843
-0.586635
-0.567071
-0.547162
-0.526921
-0.50636
-0.485492
-0.46433
-0.442885
-0.421171
-0.399202
-0.37699
-0.35455
-0.331894
-0.309037
-0.285992
-0.262773
-0.239395
-0.215872
-0.192217
-0.168446
-0.144573
-0.120612
-0.0965774
-0.0724844
-0.0483474
-0.024181
0
0
0.0242889
0.048563
0.0728076
0.0970081
0.12115
0.145218
0.169197
0.193075
0.216834
0.240463
0.263945
0.287267
0.310415
0.333374
0.356131
0.378671
0.400982
0.423049
0.44486
0.4664
0.487657
0.508618
0.529271
0.549602
0.569599
0.589251
0.608545
0.627469
0.646013
0.664164
0.681912
0.699246
0.716156
0.732631
0.748661
0.764236
0.779348
0.793986
0.808143
0.821808
0.834975
0.847635
0.85978
0.871404
0.882498
0.893057
0.903073
0.912541
0.921456
0.92981
0.937601
0.944822
0.951469
0.957539
0.963028
0.967931
0.972248
0.975974
0.979107
0.981646
0.983589
0.984935
0.985683
0.985833
0.985384
0.984337
0.982692
0.980451
0.977615
0.974185
0.970163
0.965553
0.960356
0.954577
0.948217
0.941283
0.933776
0.925703
0.917068
0.907876
0.898133
0.887845
0.877018
0.865658
0.853773
0.841369
0.828455
0.815037
0.801125
0.786727
0.77185
0.756506
0.740702
0.724448
0.707755
0.690632
0.673089
0.655138
0.636789
0.618054
0.598943
0.579469
0.559643
0.539477
0.518984
0.498176
0.477065
0.455664
0.433987
0.412047
0.389856
0.367429
0.344778
0.321919
0.298864
0.275627
0.252223
0.228666
0.20497
0.18115
0.157219
0.133194
0.109087
0.0849143
0.0606899
0.0364287
0.0121454
-0.0121454
-0.0364287
-0.0606899
-0.0849143
-0.109087
-0.133194
-0.157219
-0.18115
-0.20497
-0.228666
-0.252223
-0.275627
-0.298864
-0.321919
-0.344778
-0.367429
-0.389856
-0.412047
-0.433987
-0.455664
-0.477065
-0.498176
-0.518984
-0.539477
-0.559643
-0.579469
-0.598943
-0.618054
-0.636789
-0.655138
-0.673089
-0.690632
-0.707755
-0.724448
-0.740702
-0.756506
-0.77185
-0.786727
-0.801125
-0.815037
-0.828455
-0.841369
-0.853773
-0.865658
-0.877018
-0.887845
-0.898133
-0.907876
-0.917068
-0.925703
-0.933776
-0.941283
-0.948217
-0.954577
-0.960356
-0.965553
-0.970163
-0.974185
-0.977615
-0.980451
-0.982692
-0.984337
-0.985384
-0.985833
-0.985683
-0.984935
-0.983589
-0.981646
-0.979107
-0.975974
-0.972248
-0.967931
-0.963028
-0.957539
-0.951469
-0.944822
-0.937601
-0.92981
-0.921456
-0.912541
-0.903073
-0.893057
-0.882498
-0.871404
-0.85978
-0.847635
-0.834975
-0.821808
-0.808143
-0.793986
-0.779348
-0.764236
-0.748661
-0.732631
-0.716156
-0.699246
-0.681912
-0.664164
-0.646013
-0.627469
-0.608545
-0.589251
-0.569599
-0.549602
-0.529271
-0.508618
-0.487657
-0.4664
-0.44486
-0.423049
-0.400982
-0.378671
-0.356131
-0.333374
-0.310415
-0.287267
-0.263945
-0.240463
-0.216834
-0.193075
-0.169197
-0.145218
-0.12115
-0.0970081
-0.0728076
-0.048563
-0.0242889
0
0
0.024382
0.0487491
0.0730867
0.0973798
0.121614
0.145774
0.169846
0.193815
0.217665
0.241384
0.264957
0.288368
0.311604
0.334652
0.357496
0.380122
0.402519
0.424671
0.446565
0.468187
0.489526
0.510568
0.531299
0.551708
0.571782
0.591509
0.610877
0.629874
0.648488
0.666709
0.684525
0.701926
0.7189
0.735438
0.75153
0.767165
0.782334
0.797029
0.81124
0.824958
0.838175
0.850884
0.863075
0.874743
0.88588
0.896479
0.906534
0.916039
0.924987
0.933374
0.941194
0.948443
0.955116
0.961209
0.966718
0.971641
0.975974
0.979714
0.982859
0.985408
0.987359
0.98871
0.989461
0.989611
0.98916
0.988109
0.986458
0.984208
0.981361
0.977918
0.973881
0.969253
0.964037
0.958235
0.951851
0.94489
0.937355
0.929251
0.920583
0.911356
0.901575
0.891247
0.880379
0.868975
0.857045
0.844593
0.83163
0.818161
0.804195
0.789742
0.774808
0.759405
0.74354
0.727224
0.710467
0.693278
0.675669
0.657649
0.63923
0.620422
0.601239
0.58169
0.561788
0.541545
0.520973
0.500085
0.478893
0.457411
0.435651
0.413626
0.39135
0.368837
0.3461
0.323152
0.300009
0.276683
0.25319
0.229542
0.205756
0.181844
0.157822
0.133704
0.109505
0.0852397
0.0609225
0.0365683
0.0121919
-0.0121919
-0.0365683
-0.0609225
-0.0852397
-0.109505
-0.133704
-0.157822
-0.181844
-0.205756
-0.229542
-0.25319
-0.276683
-0.300009
-0.323152
-0.3461
-0.368837
-0.39135
-0.413626
-0.435651
-0.457411
-0.478893
-0.500085
-0.520973
-0.541545
-0.561788
-0.58169
-0.601239
-0.620422
-0.63923
-0.657649
-0.675669
-0.693278
-0.710467
-0.727224
-0.74354
-0.759405
-0.774808
-0.789742
-0.804195
-0.818161
-0.83163
-0.844593
-0.857045
-0.868975
-0.880379
-0.891247
-0.901575
-0.911356
-0.920583
-0.929251
-0.937355
-0.94489
-0.951851
-0.958235
-0.964037
-0.969253
-0.973881
-0.977918
-0.981361
-0.984208
-0.986458
-0.988109
-0.98916
-0.989611
-0.989461
-0.98871
-0.987359
-0.985408
-0.982859
-0.979714
-0.975974
-0.971641
-0.966718
-0.961209
-0.955116
-0.948443
-0.941194
-0.933374
-0.924987
-0.916039
-0.906534
-0.896479
-0.88588
-0.874743
-0.863075
-0.850884
-0.838175
-0.824958
-0.81124
-0.797029
-0.782334
-0.767165
-0.75153
-0.735438
-0.7189
-0.701926
-0.684525
-0.666709
-0.648488
-0.629874
-0.610877
-0.591509
-0.571782
-0.551708
-0.531299
-0.510568
-0.489526
-0.468187
-0.446565
-0.424671
-0.402519
-0.380122
-0.357496
-0.334652
-0.311604
-0.288368
-0.264957
-0.241384
-0.217665
-0.193815
-0.169846
-0.145774
-0.121614
-0.0973798
-0.0730867
-0.0487491
-0.024382
0
0
0.0244602
0.0489056
0.0733213
0.0976925
0.122004
0.146242
0.170391
0.194437
0.218364
0.242159
0.265807
0.289294
0.312605
0.335726
0.358643
0.381343
0.403811
0.426034
0.447998
0.469691
0.491098
0.512207
0.533005
0.553479
0.573618
0.593408
0.612838
0.631896
0.65057
0.66885
0.686723
0.70418
0.721208
0.737799
0.753943
0.769628
0.784846
0.799588
0.813844
0.827606
0.840866
0.853615
0.865846
0.877552
0.888724
0.899358
0.909445
0.91898
0.927957
0.93637
0.944216
0.951488
0.958182
0.964295
0.969822
0.97476
0.979107
0.982859
0.986015
0.988572
0.990529
0.991884
0.992638
0.992788
0.992336
0.991282
0.989625
0.987368
0.984512
0.981058
0.977008
0.972365
0.967132
0.961311
0.954907
0.947924
0.940364
0.932234
0.923538
0.914282
0.90447
0.894109
0.883205
0.871765
0.859796
0.847305
0.8343
0.820788
0.806777
0.792277
0.777296
0.761843
0.745928
0.729559
0.712748
0.695504
0.677838
0.65976
0.641282
0.622414
0.603169
0.583557
0.563591
0.543283
0.522646
0.50169
0.480431
0.458879
0.437049
0.414954
0.392607
0.370021
0.347211
0.32419
0.300972
0.277572
0.254003
0.230279
0.206416
0.182428
0.158329
0.134133
0.109857
0.0855134
0.0611181
0.0366857
0.012231
-0.012231
-0.0366857
-0.0611181
-0.0855134
-0.109857
-0.134133
-0.158329
-0.182428
-0.206416
-0.230279
-0.254003
-0.277572
-0.300972
-0.32419
-0.347211
-0.370021
-0.392607
-0.414954
-0.437049
-0.458879
-0.480431
-0.50169
-0.522646
-0.543283
-0.563591
-0.583557
-0.603169
-0.622414
-0.641282
-0.65976
-0.677838
-0.695504
-0.712748
-0.729559
-0.745928
-0.761843
-0.777296
-0.792277
-0.806777
-0.820788
-0.8343
-0.847305
-0.859796
-0.871765
-0.883205
-0.894109
-0.90447
-0.914282
-0.923538
-0.932234
-0.940364
-0.947924
-0.954907
-0.961311
-0.967132
-0.972365
-0.977008
-0.981058
-0.984512
-0.987368
-0.989625
-0.991282
-0.992336
-0.992788
-0.992638
-0.991884
-0.990529
-0.988572
-0.986015
-0.982859
-0.979107
-0.97476
-0.969822
-0.964295
-0.958182
-0.951488
-0.944216
-0.93637
-0.927957
-0.91898
-0.909445
-0.899358
-0.888724
-0.877552
-0.865846
-0.853615
-0.840866
-0.827606
-0.813844
-0.799588
-0.784846
-0.769628
-0.753943
-0.737799
-0.721208
-0.70418
-0.686723
-0.66885
-0.65057
-0.631896
-0.612838
-0.593408
-0.573618
-0.553479
-0.533005
-0.512207
-0.491098
-0.469691
-0.447998
-0.426034
-0.403811
-0.381343
-0.358643
-0.335726
-0.312605
-0.289294
-0.265807
-0.242159
-0.218364
-0.194437
-0.170391
-0.146242
-0.122004
-0.0976925
-0.0733213
-0.0489056
-0.0244602
0
0
0.0245237
0.0490324
0.0735115
0.0979458
0.122321
0.146621
0.170833
0.194941
0.218931
0.242787
0.266497
0.290044
0.313415
0.336597
0.359573
0.382332
0.404858
0.427139
0.44916
0.470909
0.492371
0.513535
0.534387
0.554915
0.575106
0.594947
0.614427
0.633535
0.652258
0.670584
0.688504
0.706006
0.723079
0.739713
0.755898
0.771624
0.786881
0.801661
0.815955
0.829753
0.843047
0.855829
0.868092
0.879828
0.891029
0.90169
0.911803
0.921363
0.930363
0.938799
0.946664
0.953955
0.960667
0.966795
0.972337
0.977288
0.981646
0.985408
0.988572
0.991136
0.993097
0.994456
0.995212
0.995363
0.99491
0.993852
0.992192
0.989929
0.987065
0.983602
0.979542
0.974887
0.96964
0.963804
0.957384
0.950382
0.942803
0.934652
0.925933
0.916653
0.906815
0.896428
0.885496
0.874026
0.862026
0.849502
0.836463
0.822916
0.808869
0.794332
0.779312
0.763819
0.747862
0.731451
0.714596
0.697308
0.679596
0.661471
0.642945
0.624028
0.604733
0.585071
0.565053
0.544692
0.524001
0.502991
0.481677
0.460069
0.438183
0.41603
0.393625
0.370981
0.348111
0.325031
0.301753
0.278291
0.254661
0.230876
0.206951
0.182901
0.158739
0.134481
0.110142
0.0857352
0.0612766
0.0367808
0.0122628
-0.0122628
-0.0367808
-0.0612766
-0.0857352
-0.110142
-0.134481
-0.158739
-0.182901
-0.206951
-0.230876
-0.254661
-0.278291
-0.301753
-0.325031
-0.348111
-0.370981
-0.393625
-0.41603
-0.438183
-0.460069
-0.481677
-0.502991
-0.524001
-0.544692
-0.565053
-0.585071
-0.604733
-0.624028
-0.642945
-0.661471
-0.679596
-0.697308
-0.714596
-0.731451
-0.747862
-0.763819
-0.779312
-0.794332
-0.808869
-0.822916
-0.836463
-0.849502
-0.862026
-0.874026
-0.885496
-0.896428
-0.906815
-0.916653
-0.925933
-0.934652
-0.942803
-0.950382
-0.957384
-0.963804
-0.96964
-0.974887
-0.979542
-0.983602
-0.987065
-0.989929
-0.992192
-0.993852
-0.99491
-0.995363
-0.995212
-0.994456
-0.993097
-0.991136
-0.988572
-0.985408
-0.981646
-0.977288
-0.972337
-0.966795
-0.960667
-0.953955
-0.946664
-0.938799
-0.930363
-0.921363
-0.911803
-0.90169
-0.891029
-0.879828
-0.868092
-0.855829
-0.843047
-0.829753
-0.815955
-0.801661
-0.786881
-0.771624
-0.755898
-0.739713
-0.723079
-0.706006
-0.688504
-0.670584
-0.652258
-0.633535
-0.614427
-0.594947
-0.575106
-0.554915
-0.534387
-0.513535
-0.492371
-0.470909
-0.44916
-0.427139
-0.404858
-0.382332
-0.359573
-0.336597
-0.313415
-0.290044
-0.266497
-0.242787
-0.218931
-0.194941
-0.170833
-0.146621
-0.122321
-0.0979458
-0.0735115
-0.0490324
-0.0245237
0
0
0.0245722
0.0491295
0.073657
0.0981397
0.122563
0.146912
0.171171
0.195327
0.219364
0.243268
0.267024
0.290618
0.314036
0.337263
0.360285
0.383089
0.40566
0.427984
0.450049
0.471841
0.493346
0.514552
0.535445
0.556013
0.576244
0.596125
0.615644
0.634789
0.653549
0.671912
0.689867
0.707403
0.72451
0.741177
0.757394
0.773151
0.788439
0.803248
0.81757
0.831395
0.844715
0.857523
0.86981
0.881569
0.892793
0.903475
0.913608
0.923187
0.932205
0.940657
0.948538
0.955843
0.962568
0.968709
0.974262
0.979223
0.983589
0.987359
0.990529
0.993097
0.995063
0.996425
0.997182
0.997333
0.996879
0.99582
0.994156
0.991888
0.989019
0.985549
0.98148
0.976816
0.971559
0.965712
0.959279
0.952263
0.944669
0.936502
0.927766
0.918467
0.90861
0.898202
0.887248
0.875756
0.863732
0.851184
0.838119
0.824545
0.810471
0.795904
0.780854
0.765331
0.749342
0.732899
0.716011
0.698688
0.680941
0.66278
0.644218
0.625264
0.60593
0.586229
0.566172
0.545771
0.525038
0.503987
0.48263
0.46098
0.43905
0.416854
0.394404
0.371715
0.3488
0.325674
0.30235
0.278842
0.255165
0.231333
0.207361
0.183263
0.159054
0.134747
0.11036
0.0859049
0.0613979
0.0368537
0.012287
-0.012287
-0.0368537
-0.0613979
-0.0859049
-0.11036
-0.134747
-0.159054
-0.183263
-0.207361
-0.231333
-0.255165
-0.278842
-0.30235
-0.325674
-0.3488
-0.371715
-0.394404
-0.416854
-0.43905
-0.46098
-0.48263
-0.503987
-0.525038
-0.545771
-0.566172
-0.586229
-0.60593
-0.625264
-0.644218
-0.66278
-0.680941
-0.698688
-0.716011
-0.732899
-0.749342
-0.765331
-0.780854
-0.795904
-0.810471
-0.824545
-0.838119
-0.851184
-0.863732
-0.875756
-0.887248
-0.898202
-0.90861
-0.918467
-0.927766
-0.936502
-0.944669
-0.952263
-0.959279
-0.965712
-0.971559
-0.976816
-0.98148
-0.985549
-0.989019
-0.991888
-0.994156
-0.99582
-0.996879
-0.997333
-0.997182
-0.996425
-0.995063
-0.993097
-0.990529
-0.987359
-0.983589
-0.979223
-0.974262
-0.968709
-0.962568
-0.955843
-0.948538
-0.940657
-0.932205
-0.923187
-0.913608
-0.903475
-0.892793
-0.881569
-0.86981
-0.857523
-0.844715
-0.831395
-0.81757
-0.803248
-0.788439
-0.773151
-0.757394
-0.741177
-0.72451
-0.707403
-0.689867
-0.671912
-0.653549
-0.634789
-0.615644
-0.596125
-0.576244
-0.556013
-0.535445
-0.514552
-0.493346
-0.471841
-0.450049
-0.427984
-0.40566
-0.383089
-0.360285
-0.337263
-0.314036
-0.290618
-0.267024
-0.243268
-0.219364
-0.195327
-0.171171
-0.146912
-0.122563
-0.0981397
-0.073657
-0.0491295
-0.0245722
0
0
0.0246058
0.0491967
0.0737578
0.098274
0.122731
0.147113
0.171405
0.195594
0.219664
0.243601
0.267389
0.291016
0.314466
0.337724
0.360778
0.383613
0.406215
0.42857
0.450665
0.472486
0.494021
0.515256
0.536178
0.556774
0.577032
0.59694
0.616486
0.635658
0.654443
0.672831
0.690811
0.708371
0.725501
0.742191
0.75843
0.774209
0.789518
0.804347
0.818689
0.832533
0.845871
0.858697
0.871
0.882776
0.894015
0.904711
0.914858
0.92445
0.93348
0.941944
0.949836
0.957151
0.963886
0.970035
0.975595
0.980563
0.984935
0.98871
0.991884
0.994456
0.996425
0.997789
0.998546
0.998698
0.998243
0.997182
0.995516
0.993246
0.990372
0.986897
0.982824
0.978153
0.972889
0.967034
0.960591
0.953566
0.945962
0.937783
0.929036
0.919724
0.909854
0.899431
0.888462
0.876955
0.864914
0.852349
0.839266
0.825673
0.81158
0.796993
0.781923
0.766378
0.750368
0.733902
0.716991
0.699644
0.681873
0.663687
0.645099
0.626119
0.606759
0.587031
0.566946
0.546517
0.525757
0.504677
0.48329
0.461611
0.439651
0.417424
0.394944
0.372224
0.349278
0.32612
0.302764
0.279224
0.255514
0.23165
0.207645
0.183514
0.159271
0.134932
0.110511
0.0860224
0.0614819
0.0369041
0.0123039
-0.0123039
-0.0369041
-0.0614819
-0.0860224
-0.110511
-0.134932
-0.159271
-0.183514
-0.207645
-0.23165
-0.255514
-0.279224
-0.302764
-0.32612
-0.349278
-0.372224
-0.394944
-0.417424
-0.439651
-0.461611
-0.48329
-0.504677
-0.525757
-0.546517
-0.566946
-0.587031
-0.606759
-0.626119
-0.645099
-0.663687
-0.681873
-0.699644
-0.716991
-0.733902
-0.750368
-0.766378
-0.781923
-0.796993
-0.81158
-0.825673
-0.839266
-0.852349
-0.864914
-0.876955
-0.888462
-0.899431
-0.909854
-0.919724
-0.929036
-0.937783
-0.945962
-0.953566
-0.960591
-0.967034
-0.972889
-0.978153
-0.982824
-0.986897
-0.990372
-0.993246
-0.995516
-0.997182
-0.998243
-0.998698
-0.998546
-0.997789
-0.996425
-0.994456
-0.991884
-0.98871
-0.984935
-0.980563
-0.975595
-0.970035
-0.963886
-0.957151
-0.949836
-0.941944
-0.93348
-0.92445
-0.914858
-0.904711
-0.894015
-0.882776
-0.871
-0.858697
-0.845871
-0.832533
-0.818689
-0.804347
-0.789518
-0.774209
-0.75843
-0.742191
-0.725501
-0.708371
-0.690811
-0.672831
-0.654443
-0.635658
-0.616486
-0.59694
-0.577032
-0.556774
-0.536178
-0.515256
-0.494021
-0.472486
-0.450665
-0.42857
-0.406215
-0.383613
-0.360778
-0.337724
-0.314466
-0.291016
-0.267389
-0.243601
-0.219664
-0.195594
-0.171405
-0.147113
-0.122731
-0.098274
-0.0737578
-0.0491967
-0.0246058
0
0
0.0246245
0.0492341
0.0738138
0.0983487
0.122824
0.147224
0.171536
0.195743
0.219831
0.243786
0.267593
0.291237
0.314704
0.337981
0.361052
0.383904
0.406523
0.428895
0.451007
0.472845
0.494396
0.515647
0.536585
0.557197
0.577471
0.597394
0.616954
0.63614
0.65494
0.673342
0.691336
0.708909
0.726052
0.742755
0.759006
0.774797
0.790118
0.804958
0.81931
0.833165
0.846514
0.859349
0.871662
0.883446
0.894694
0.905398
0.915553
0.925152
0.934189
0.94266
0.950558
0.957878
0.964618
0.970771
0.976336
0.981307
0.985683
0.989461
0.992638
0.995212
0.997182
0.998546
0.999305
0.999456
0.999001
0.99794
0.996272
0.994
0.991124
0.987647
0.98357
0.978896
0.973628
0.967768
0.961321
0.95429
0.94668
0.938496
0.929741
0.920422
0.910545
0.900114
0.889137
0.877621
0.865571
0.852996
0.839903
0.8263
0.812196
0.797599
0.782517
0.76696
0.750938
0.734459
0.717535
0.700175
0.682391
0.664192
0.645589
0.626595
0.60722
0.587477
0.567377
0.546932
0.526156
0.50506
0.483658
0.461961
0.439985
0.417741
0.395244
0.372506
0.349543
0.326367
0.302994
0.279436
0.255709
0.231826
0.207803
0.183653
0.159392
0.135034
0.110595
0.0860877
0.0615286
0.0369321
0.0123132
-0.0123132
-0.0369321
-0.0615286
-0.0860877
-0.110595
-0.135034
-0.159392
-0.183653
-0.207803
-0.231826
-0.255709
-0.279436
-0.302994
-0.326367
-0.349543
-0.372506
-0.395244
-0.417741
-0.439985
-0.461961
-0.483658
-0.50506
-0.526156
-0.546932
-0.567377
-0.587477
-0.60722
-0.626595
-0.645589
-0.664192
-0.682391
-0.700175
-0.717535
-0.734459
-0.750938
-0.76696
-0.782517
-0.797599
-0.812196
-0.8263
-0.839903
-0.852996
-0.865571
-0.877621
-0.889137
-0.900114
-0.910545
-0.920422
-0.929741
-0.938496
-0.94668
-0.95429
-0.961321
-0.967768
-0.973628
-0.978896
-0.98357
-0.987647
-0.991124
-0.994
-0.996272
-0.99794
-0.999001
-0.999456
-0.999305
-0.998546
-0.997182
-0.995212
-0.992638
-0.989461
-0.985683
-0.981307
-0.976336
-0.970771
-0.964618
-0.957878
-0.950558
-0.94266
-0.934189
-0.925152
-0.915553
-0.905398
-0.894694
-0.883446
-0.871662
-0.859349
-0.846514
-0.833165
-0.81931
-0.804958
-0.790118
-0.774797
-0.759006
-0.742755
-0.726052
-0.708909
-0.691336
-0.673342
-0.65494
-0.63614
-0.616954
-0.597394
-0.577471
-0.557197
-0.536585
-0.515647
-0.494396
-0.472845
-0.451007
-0.428895
-0.406523
-0.383904
-0.361052
-0.337981
-0.314704
-0.291237
-0.267593
-0.243786
-0.219831
-0.195743
-0.171536
-0.147224
-0.122824
-0.0983487
-0.0738138
-0.0492341
-0.0246245
0
0
0.0246283
0.0492416
0.073825
0.0983636
0.122842
0.147247
0.171562
0.195772
0.219864
0.243823
0.267633
0.291281
0.314752
0.338032
0.361107
0.383963
0.406585
0.428961
0.451076
0.472917
0.494471
0.515725
0.536666
0.557282
0.577558
0.597485
0.617048
0.636237
0.655039
0.673444
0.69144
0.709017
0.726163
0.742868
0.759122
0.774915
0.790238
0.805081
0.819435
0.833292
0.846642
0.859479
0.871794
0.88358
0.894829
0.905536
0.915692
0.925292
0.934331
0.942803
0.950702
0.958024
0.964764
0.970919
0.976484
0.981456
0.985833
0.989611
0.992788
0.995363
0.997333
0.998698
0.999456
0.999608
0.999153
0.998091
0.996424
0.994151
0.991275
0.987797
0.983719
0.979045
0.973775
0.967915
0.961467
0.954435
0.946824
0.938638
0.929882
0.920562
0.910683
0.900251
0.889272
0.877754
0.865702
0.853126
0.840031
0.826426
0.812319
0.79772
0.782636
0.767077
0.751052
0.734571
0.717644
0.700282
0.682494
0.664292
0.645687
0.62669
0.607312
0.587566
0.567463
0.547015
0.526236
0.505137
0.483731
0.462032
0.440052
0.417804
0.395304
0.372563
0.349596
0.326417
0.30304
0.279478
0.255747
0.231861
0.207834
0.183681
0.159416
0.135055
0.110611
0.0861008
0.0615379
0.0369377
0.0123151
-0.0123151
-0.0369377
-0.0615379
-0.0861008
-0.110611
-0.135055
-0.159416
-0.183681
-0.207834
-0.231861
-0.255747
-0.279478
-0.30304
-0.326417
-0.349596
-0.372563
-0.395304
-0.417804
-0.440052
-0.462032
-0.483731
-0.505137
-0.526236
-0.547015
-0.567463
-0.587566
-0.607312
-0.62669
-0.645687
-0.664292
-0.682494
-0.700282
-0.717644
-0.734571
-0.751052
-0.767077
-0.782636
-0.79772
-0.812319
-0.826426
-0.840031
-0.853126
-0.865702
-0.877754
-0.889272
-0.900251
-0.910683
-0.920562
-0.929882
-0.938638
-0.946824
-0.954435
-0.961467
-0.967915
-0.973775
-0.979045
-0.983719
-0.987797
-0.991275
-0.994151
-0.996424
-0.998091
-0.999153
-0.999608
-0.999456
-0.998698
-0.997333
-0.995363
-0.992788
-0.989611
-0.985833
-0.981456
-0.976484
-0.970919
-0.964764
-0.958024
-0.950702
-0.942803
-0.934331
-0.925292
-0.915692
-0.905536
-0.894829
-0.88358
-0.871794
-0.859479
-0.846642
-0.833292
-0.819435
-0.805081
-0.790238
-0.774915
-0.759122
-0.742868
-0.726163
-0.709017
-0.69144
-0.673444
-0.655039
-0.636237
-0.617048
-0.597485
-0.577558
-0.557282
-0.536666
-0.515725
-0.494471
-0.472917
-0.451076
-0.428961
-0.406585
-0.383963
-0.361107
-0.338032
-0.314752
-0.291281
-0.267633
-0.243823
-0.219864
-0.195772
-0.171562
-0.147247
-0.122842
-0.0983636
-0.073825
-0.0492416
-0.0246283
0
0
0.024617
0.0492192
0.0737914
0.0983188
0.122787
0.14718
0.171484
0.195683
0.219764
0.243712
0.267511
0.291148
0.314609
0.337878
0.360943
0.383788
0.4064
0.428765
0.45087
0.472702
0.494246
0.515491
0.536422
0.557028
0.577295
0.597213
0.616767
0.635947
0.654741
0.673138
0.691126
0.708694
0.725832
0.742529
0.758776
0.774562
0.789878
0.804714
0.819062
0.832912
0.846257
0.859088
0.871397
0.883178
0.894422
0.905123
0.915275
0.924871
0.933906
0.942373
0.950269
0.957588
0.964325
0.970477
0.976039
0.98101
0.985384
0.98916
0.992336
0.99491
0.996879
0.998243
0.999001
0.999153
0.998698
0.997637
0.99597
0.993698
0.990824
0.987347
0.983271
0.978599
0.973332
0.967474
0.961029
0.954001
0.946393
0.938211
0.929459
0.920143
0.910268
0.899841
0.888867
0.877354
0.865308
0.852737
0.839648
0.82605
0.811949
0.797356
0.782279
0.766727
0.75071
0.734236
0.717317
0.699963
0.682183
0.66399
0.645393
0.626405
0.607036
0.587299
0.567205
0.546766
0.525996
0.504907
0.483511
0.461821
0.439851
0.417614
0.395124
0.372393
0.349437
0.326268
0.302902
0.279351
0.255631
0.231756
0.20774
0.183597
0.159344
0.134993
0.110561
0.0860616
0.0615099
0.0369209
0.0123095
-0.0123095
-0.0369209
-0.0615099
-0.0860616
-0.110561
-0.134993
-0.159344
-0.183597
-0.20774
-0.231756
-0.255631
-0.279351
-0.302902
-0.326268
-0.349437
-0.372393
-0.395124
-0.417614
-0.439851
-0.461821
-0.483511
-0.504907
-0.525996
-0.546766
-0.567205
-0.587299
-0.607036
-0.626405
-0.645393
-0.66399
-0.682183
-0.699963
-0.717317
-0.734236
-0.75071
-0.766727
-0.782279
-0.797356
-0.811949
-0.82605
-0.839648
-0.852737
-0.865308
-0.877354
-0.888867
-0.899841
-0.910268
-0.920143
-0.929459
-0.938211
-0.946393
-0.954001
-0.961029
-0.967474
-0.973332
-0.978599
-0.983271
-0.987347
-0.990824
-0.993698
-0.99597
-0.997637
-0.998698
-0.999153
-0.999001
-0.998243
-0.996879
-0.99491
-0.992336
-0.98916
-0.985384
-0.98101
-0.976039
-0.970477
-0.964325
-0.957588
-0.950269
-0.942373
-0.933906
-0.924871
-0.915275
-0.905123
-0.894422
-0.883178
-0.871397
-0.859088
-0.846257
-0.832912
-0.819062
-0.804714
-0.789878
-0.774562
-0.758776
-0.742529
-0.725832
-0.708694
-0.691126
-0.673138
-0.654741
-0.635947
-0.616767
-0.597213
-0.577295
-0.557028
-0.536422
-0.515491
-0.494246
-0.472702
-0.45087
-0.428765
-0.4064
-0.383788
-0.360943
-0.337878
-0.314609
-0.291148
-0.267511
-0.243712
-0.219764
-0.195683
-0.171484
-0.14718
-0.122787
-0.0983188
-0.0737914
-0.0492192
-0.024617
0
0
0.0245909
0.0491668
0.073713
0.0982143
0.122656
0.147023
0.171301
0.195475
0.219531
0.243453
0.267227
0.290839
0.314275
0.337519
0.360559
0.38338
0.405968
0.42831
0.450391
0.4722
0.493721
0.514943
0.535852
0.556436
0.576682
0.596578
0.616112
0.635271
0.654045
0.672422
0.690391
0.707941
0.725061
0.74174
0.75797
0.773739
0.789038
0.803859
0.818191
0.832027
0.845358
0.858175
0.870471
0.882239
0.893472
0.904162
0.914302
0.923888
0.932913
0.941372
0.949259
0.95657
0.9633
0.969446
0.975002
0.979967
0.984337
0.988109
0.991282
0.993852
0.99582
0.997182
0.99794
0.998091
0.997637
0.996577
0.994912
0.992642
0.989771
0.986298
0.982227
0.977559
0.972298
0.966446
0.960008
0.952987
0.945387
0.937214
0.928471
0.919165
0.909301
0.898885
0.887923
0.876422
0.864389
0.851831
0.838756
0.825172
0.811087
0.796509
0.781448
0.765913
0.749912
0.733456
0.716555
0.699219
0.681459
0.663284
0.644707
0.625739
0.606391
0.586674
0.566602
0.546185
0.525437
0.50437
0.482997
0.46133
0.439384
0.41717
0.394704
0.371998
0.349066
0.325922
0.30258
0.279054
0.255359
0.231509
0.207519
0.183402
0.159174
0.13485
0.110444
0.0859702
0.0614446
0.0368817
0.0122964
-0.0122964
-0.0368817
-0.0614446
-0.0859702
-0.110444
-0.13485
-0.159174
-0.183402
-0.207519
-0.231509
-0.255359
-0.279054
-0.30258
-0.325922
-0.349066
-0.371998
-0.394704
-0.41717
-0.439384
-0.46133
-0.482997
-0.50437
-0.525437
-0.546185
-0.566602
-0.586674
-0.606391
-0.625739
-0.644707
-0.663284
-0.681459
-0.699219
-0.716555
-0.733456
-0.749912
-0.765913
-0.781448
-0.796509
-0.811087
-0.825172
-0.838756
-0.851831
-0.864389
-0.876422
-0.887923
-0.898885
-0.909301
-0.919165
-0.928471
-0.937214
-0.945387
-0.952987
-0.960008
-0.966446
-0.972298
-0.977559
-0.982227
-0.986298
-0.989771
-0.992642
-0.994912
-0.996577
-0.997637
-0.998091
-0.99794
-0.997182
-0.99582
-0.993852
-0.991282
-0.988109
-0.984337
-0.979967
-0.975002
-0.969446
-0.9633
-0.95657
-0.949259
-0.941372
-0.932913
-0.923888
-0.914302
-0.904162
-0.893472
-0.882239
-0.870471
-0.858175
-0.845358
-0.832027
-0.818191
-0.803859
-0.789038
-0.773739
-0.75797
-0.74174
-0.725061
-0.707941
-0.690391
-0.672422
-0.654045
-0.635271
-0.616112
-0.596578
-0.576682
-0.556436
-0.535852
-0.514943
-0.493721
-0.4722
-0.450391
-0.42831
-0.405968
-0.38338
-0.360559
-0.337519
-0.314275
-0.290839
-0.267227
-0.243453
-0.219531
-0.195475
-0.171301
-0.147023
-0.122656
-0.0982143
-0.073713
-0.0491668
-0.0245909
0
0
0.0245498
0.0490847
0.0735898
0.0980502
0.122451
0.146778
0.171015
0.195149
0.219164
0.243046
0.266781
0.290353
0.313749
0.336955
0.359957
0.382739
0.40529
0.427594
0.449639
0.471411
0.492896
0.514082
0.534957
0.555506
0.575718
0.595581
0.615082
0.63421
0.652953
0.671299
0.689238
0.706758
0.723849
0.740501
0.756703
0.772446
0.78772
0.802516
0.816824
0.830637
0.843945
0.856741
0.869017
0.880765
0.891979
0.902651
0.912775
0.922345
0.931355
0.939799
0.947673
0.954972
0.961691
0.967826
0.973373
0.97833
0.982692
0.986458
0.989626
0.992192
0.994156
0.995516
0.996272
0.996424
0.99597
0.994912
0.993249
0.990984
0.988117
0.98465
0.980585
0.975926
0.970673
0.964831
0.958404
0.951395
0.943808
0.935648
0.92692
0.917629
0.907782
0.897383
0.886439
0.874958
0.862945
0.850408
0.837355
0.823793
0.809731
0.795178
0.780142
0.764633
0.748659
0.732231
0.715358
0.698051
0.68032
0.662176
0.64363
0.624694
0.605378
0.585694
0.565655
0.545273
0.524559
0.503528
0.48219
0.46056
0.43865
0.416473
0.394044
0.371376
0.348482
0.325377
0.302074
0.278588
0.254933
0.231122
0.207172
0.183096
0.158908
0.134625
0.110259
0.0858265
0.0613419
0.03682
0.0122758
-0.0122758
-0.03682
-0.0613419
-0.0858265
-0.110259
-0.134625
-0.158908
-0.183096
-0.207172
-0.231122
-0.254933
-0.278588
-0.302074
-0.325377
-0.348482
-0.371376
-0.394044
-0.416473
-0.43865
-0.46056
-0.48219
-0.503528
-0.524559
-0.545273
-0.565655
-0.585694
-0.605378
-0.624694
-0.64363
-0.662176
-0.68032
-0.698051
-0.715358
-0.732231
-0.748659
-0.764633
-0.780142
-0.795178
-0.809731
-0.823793
-0.837355
-0.850408
-0.862945
-0.874958
-0.886439
-0.897383
-0.907782
-0.917629
-0.92692
-0.935648
-0.943808
-0.951395
-0.958404
-0.964831
-0.970673
-0.975926
-0.980585
-0.98465
-0.988117
-0.990984
-0.993249
-0.994912
-0.99597
-0.996424
-0.996272
-0.995516
-0.994156
-0.992192
-0.989626
-0.986458
-0.982692
-0.97833
-0.973373
-0.967826
-0.961691
-0.954972
-0.947673
-0.939799
-0.931355
-0.922345
-0.912775
-0.902651
-0.891979
-0.880765
-0.869017
-0.856741
-0.843945
-0.830637
-0.816824
-0.802516
-0.78772
-0.772446
-0.756703
-0.740501
-0.723849
-0.706758
-0.689238
-0.671299
-0.652953
-0.63421
-0.615082
-0.595581
-0.575718
-0.555506
-0.534957
-0.514082
-0.492896
-0.471411
-0.449639
-0.427594
-0.40529
-0.382739
-0.359957
-0.336955
-0.313749
-0.290353
-0.266781
-0.243046
-0.219164
-0.195149
-0.171015
-0.146778
-0.122451
-0.0980502
-0.0735898
-0.0490847
-0.0245498
0
0
0.0244938
0.0489728
0.073422
0.0978266
0.122172
0.146443
0.170625
0.194704
0.218664
0.242492
0.266172
0.289691
0.313034
0.336187
0.359136
0.381866
0.404365
0.426619
0.448613
0.470335
0.491772
0.51291
0.533737
0.554239
0.574405
0.594223
0.613679
0.632764
0.651463
0.669768
0.687666
0.705146
0.722198
0.738812
0.754978
0.770684
0.785924
0.800685
0.814961
0.828742
0.84202
0.854787
0.867035
0.878756
0.889944
0.900592
0.910693
0.920241
0.929231
0.937656
0.945512
0.952794
0.959497
0.965618
0.971153
0.976098
0.980451
0.984209
0.987368
0.989929
0.991888
0.993246
0.994
0.994151
0.993698
0.992642
0.990984
0.988724
0.985863
0.982404
0.978349
0.9737
0.968459
0.962631
0.956218
0.949225
0.941655
0.933514
0.924806
0.915537
0.905711
0.895336
0.884418
0.872962
0.860976
0.848468
0.835445
0.821914
0.807885
0.793365
0.778363
0.762889
0.746952
0.730561
0.713726
0.696459
0.678768
0.660666
0.642162
0.623269
0.603997
0.584358
0.564365
0.544029
0.523363
0.502379
0.48109
0.459509
0.437649
0.415524
0.393146
0.370529
0.347688
0.324635
0.301385
0.277953
0.254351
0.230595
0.2067
0.182678
0.158546
0.134318
0.110008
0.0856308
0.061202
0.0367361
0.0122478
-0.0122478
-0.0367361
-0.061202
-0.0856308
-0.110008
-0.134318
-0.158546
-0.182678
-0.2067
-0.230595
-0.254351
-0.277953
-0.301385
-0.324635
-0.347688
-0.370529
-0.393146
-0.415524
-0.437649
-0.459509
-0.48109
-0.502379
-0.523363
-0.544029
-0.564365
-0.584358
-0.603997
-0.623269
-0.642162
-0.660666
-0.678768
-0.696459
-0.713726
-0.730561
-0.746952
-0.762889
-0.778363
-0.793365
-0.807885
-0.821914
-0.835445
-0.848468
-0.860976
-0.872962
-0.884418
-0.895336
-0.905711
-0.915537
-0.924806
-0.933514
-0.941655
-0.949225
-0.956218
-0.962631
-0.968459
-0.9737
-0.978349
-0.982404
-0.985863
-0.988724
-0.990984
-0.992642
-0.993698
-0.994151
-0.994
-0.993246
-0.991888
-0.989929
-0.987368
-0.984209
-0.980451
-0.976098
-0.971153
-0.965618
-0.959497
-0.952794
-0.945512
-0.937656
-0.929231
-0.920241
-0.910693
-0.900592
-0.889944
-0.878756
-0.867035
-0.854787
-0.84202
-0.828742
-0.814961
-0.800685
-0.785924
-0.770684
-0.754978
-0.738812
-0.722198
-0.705146
-0.687666
-0.669768
-0.651463
-0.632764
-0.613679
-0.594223
-0.574405
-0.554239
-0.533737
-0.51291
-0.491772
-0.470335
-0.448613
-0.426619
-0.404365
-0.381866
-0.359136
-0.336187
-0.313034
-0.289691
-0.266172
-0.242492
-0.218664
-0.194704
-0.170625
-0.146443
-0.122172
-0.0978266
-0.073422
-0.0489728
-0.0244938
0
0
0.024423
0.0488311
0.0732096
0.0975436
0.121818
0.146019
0.170131
0.19414
0.218031
0.24179
0.265402
0.288853
0.312128
0.335214
0.358097
0.380762
0.403196
0.425385
0.447315
0.468975
0.490349
0.511426
0.532193
0.552636
0.572744
0.592504
0.611904
0.630933
0.649579
0.66783
0.685676
0.703106
0.720109
0.736675
0.752793
0.768455
0.78365
0.798369
0.812604
0.826345
0.839584
0.852314
0.864527
0.876214
0.88737
0.897987
0.908058
0.917579
0.926542
0.934943
0.942776
0.950037
0.956721
0.962825
0.968344
0.973275
0.977615
0.981361
0.984512
0.987065
0.989019
0.990372
0.991125
0.991275
0.990824
0.989771
0.988117
0.985863
0.983011
0.979562
0.975519
0.970883
0.965658
0.959846
0.953452
0.946479
0.938931
0.930813
0.922131
0.912888
0.903091
0.892746
0.881859
0.870436
0.858486
0.846014
0.833028
0.819536
0.805547
0.79107
0.776111
0.760682
0.744791
0.728447
0.711662
0.694444
0.676805
0.658755
0.640304
0.621466
0.60225
0.582668
0.562732
0.542455
0.521849
0.500926
0.479698
0.45818
0.436383
0.414321
0.392008
0.369457
0.346682
0.323696
0.300513
0.277148
0.253615
0.229928
0.206102
0.18215
0.158087
0.133929
0.109689
0.085383
0.0610249
0.0366298
0.0122124
-0.0122124
-0.0366298
-0.0610249
-0.085383
-0.109689
-0.133929
-0.158087
-0.18215
-0.206102
-0.229928
-0.253615
-0.277148
-0.300513
-0.323696
-0.346682
-0.369457
-0.392008
-0.414321
-0.436383
-0.45818
-0.479698
-0.500926
-0.521849
-0.542455
-0.562732
-0.582668
-0.60225
-0.621466
-0.640304
-0.658755
-0.676805
-0.694444
-0.711662
-0.728447
-0.744791
-0.760682
-0.776111
-0.79107
-0.805547
-0.819536
-0.833028
-0.846014
-0.858486
-0.870436
-0.881859
-0.892746
-0.903091
-0.912888
-0.922131
-0.930813
-0.938931
-0.946479
-0.953452
-0.959846
-0.965658
-0.970883
-0.975519
-0.979562
-0.983011
-0.985863
-0.988117
-0.989771
-0.990824
-0.991275
-0.991125
-0.990372
-0.989019
-0.987065
-0.984512
-0.981361
-0.977615
-0.973275
-0.968344
-0.962825
-0.956721
-0.950037
-0.942776
-0.934943
-0.926542
-0.917579
-0.908058
-0.897987
-0.88737
-0.876214
-0.864527
-0.852314
-0.839584
-0.826345
-0.812604
-0.798369
-0.78365
-0.768455
-0.752793
-0.736675
-0.720109
-0.703106
-0.685676
-0.66783
-0.649579
-0.630933
-0.611904
-0.592504
-0.572744
-0.552636
-0.532193
-0.511426
-0.490349
-0.468975
-0.447315
-0.425385
-0.403196
-0.380762
-0.358097
-0.335214
-0.312128
-0.288853
-0.265402
-0.24179
-0.218031
-0.19414
-0.170131
-0.146019
-0.121818
-0.0975436
-0.0732096
-0.0488311
-0.024423
0
0
0.0243373
0.0486597
0.0729527
0.0972014
0.121391
0.145507
0.169535
0.193459
0.217266
0.240942
0.264471
0.287839
0.311033
0.334038
0.35684
0.379426
0.401781
0.423892
0.445746
0.467329
0.488629
0.509632
0.530325
0.550697
0.570734
0.590425
0.609757
0.628719
0.6473
0.665487
0.683271
0.700639
0.717583
0.73409
0.750152
0.765759
0.7809
0.795568
0.809753
0.823446
0.836639
0.849324
0.861493
0.87314
0.884256
0.894836
0.904872
0.91436
0.923291
0.931663
0.939469
0.946704
0.953365
0.959447
0.964946
0.96986
0.974185
0.977918
0.981058
0.983602
0.985549
0.986898
0.987647
0.987797
0.987347
0.986298
0.98465
0.982404
0.979562
0.976125
0.972096
0.967476
0.96227
0.956478
0.950107
0.943158
0.935637
0.927548
0.918895
0.909685
0.899923
0.889614
0.878765
0.867383
0.855474
0.843045
0.830105
0.816661
0.802721
0.788294
0.773388
0.758013
0.742178
0.725891
0.709165
0.692007
0.67443
0.656443
0.638058
0.619285
0.600137
0.580624
0.560758
0.540552
0.520018
0.499168
0.478015
0.456572
0.434852
0.412868
0.390633
0.368161
0.345465
0.32256
0.299459
0.276176
0.252726
0.229122
0.205378
0.181511
0.157533
0.133459
0.109304
0.0850835
0.0608108
0.0365013
0.0121696
-0.0121696
-0.0365013
-0.0608108
-0.0850835
-0.109304
-0.133459
-0.157533
-0.181511
-0.205378
-0.229122
-0.252726
-0.276176
-0.299459
-0.32256
-0.345465
-0.368161
-0.390633
-0.412868
-0.434852
-0.456572
-0.478015
-0.499168
-0.520018
-0.540552
-0.560758
-0.580624
-0.600137
-0.619285
-0.638058
-0.656443
-0.67443
-0.692007
-0.709165
-0.725891
-0.742178
-0.758013
-0.773388
-0.788294
-0.802721
-0.816661
-0.830105
-0.843045
-0.855474
-0.867383
-0.878765
-0.889614
-0.899923
-0.909685
-0.918895
-0.927548
-0.935637
-0.943158
-0.950107
-0.956478
-0.96227
-0.967476
-0.972096
-0.976125
-0.979562
-0.982404
-0.98465
-0.986298
-0.987347
-0.987797
-0.987647
-0.986898
-0.985549
-0.983602
-0.981058
-0.977918
-0.974185
-0.96986
-0.964946
-0.959447
-0.953365
-0.946704
-0.939469
-0.931663
-0.923291
-0.91436
-0.904872
-0.894836
-0.884256
-0.87314
-0.861493
-0.849324
-0.836639
-0.823446
-0.809753
-0.795568
-0.7809
-0.765759
-0.750152
-0.73409
-0.717583
-0.700639
-0.683271
-0.665487
-0.6473
-0.628719
-0.609757
-0.590425
-0.570734
-0.550697
-0.530325
-0.509632
-0.488629
-0.467329
-0.445746
-0.423892
-0.401781
-0.379426
-0.35684
-0.334038
-0.311033
-0.287839
-0.264471
-0.240942
-0.217266
-0.193459
-0.169535
-0.145507
-0.121391
-0.0972014
-0.0729527
-0.0486597
-0.0243373
0
0
0.0242368
0.0484589
0.0726515
0.0968001
0.12089
0.144906
0.168835
0.192661
0.21637
0.239947
0.263379
0.286651
0.309749
0.332659
0.355367
0.377859
0.400122
0.422142
0.443906
0.4654
0.486612
0.507528
0.528136
0.548424
0.568378
0.587988
0.60724
0.626124
0.644628
0.66274
0.68045
0.697747
0.71462
0.73106
0.747056
0.762598
0.777677
0.792284
0.80641
0.820046
0.833185
0.845818
0.857937
0.869536
0.880606
0.891142
0.901137
0.910585
0.91948
0.927817
0.935591
0.942796
0.949429
0.955486
0.960963
0.965856
0.970163
0.973881
0.977008
0.979542
0.981481
0.982824
0.98357
0.983719
0.983272
0.982227
0.980586
0.978349
0.975519
0.972096
0.968083
0.963483
0.958297
0.95253
0.946185
0.939265
0.931775
0.923719
0.915102
0.90593
0.896208
0.885942
0.875137
0.863802
0.851942
0.839565
0.826679
0.81329
0.799408
0.78504
0.770196
0.754884
0.739114
0.722895
0.706237
0.689151
0.671646
0.653734
0.635424
0.616729
0.597659
0.578227
0.558443
0.538321
0.517871
0.497108
0.476042
0.454688
0.433057
0.411164
0.38902
0.366641
0.344039
0.321229
0.298223
0.275036
0.251682
0.228176
0.204531
0.180761
0.156882
0.132908
0.108853
0.0847323
0.0605598
0.0363506
0.0121193
-0.0121193
-0.0363506
-0.0605598
-0.0847323
-0.108853
-0.132908
-0.156882
-0.180761
-0.204531
-0.228176
-0.251682
-0.275036
-0.298223
-0.321229
-0.344039
-0.366641
-0.38902
-0.411164
-0.433057
-0.454688
-0.476042
-0.497108
-0.517871
-0.538321
-0.558443
-0.578227
-0.597659
-0.616729
-0.635424
-0.653734
-0.671646
-0.689151
-0.706237
-0.722895
-0.739114
-0.754884
-0.770196
-0.78504
-0.799408
-0.81329
-0.826679
-0.839565
-0.851942
-0.863802
-0.875137
-0.885942
-0.896208
-0.90593
-0.915102
-0.923719
-0.931775
-0.939265
-0.946185
-0.95253
-0.958297
-0.963483
-0.968083
-0.972096
-0.975519
-0.978349
-0.980586
-0.982227
-0.983272
-0.983719
-0.98357
-0.982824
-0.981481
-0.979542
-0.977008
-0.973881
-0.970163
-0.965856
-0.960963
-0.955486
-0.949429
-0.942796
-0.935591
-0.927817
-0.91948
-0.910585
-0.901137
-0.891142
-0.880606
-0.869536
-0.857937
-0.845818
-0.833185
-0.820046
-0.80641
-0.792284
-0.777677
-0.762598
-0.747056
-0.73106
-0.71462
-0.697747
-0.68045
-0.66274
-0.644628
-0.626124
-0.60724
-0.587988
-0.568378
-0.548424
-0.528136
-0.507528
-0.486612
-0.4654
-0.443906
-0.422142
-0.400122
-0.377859
-0.355367
-0.332659
-0.309749
-0.286651
-0.263379
-0.239947
-0.21637
-0.192661
-0.168835
-0.144906
-0.12089
-0.0968001
-0.0726515
-0.0484589
-0.0242368
0
0
0.0241216
0.0482286
0.0723063
0.0963401
0.120315
0.144218
0.168032
0.191745
0.215341
0.238807
0.262128
0.285289
0.308277
0.331078
0.353678
0.376064
0.398221
0.420136
0.441796
0.463189
0.484299
0.505116
0.525626
0.545817
0.565677
0.585193
0.604354
0.623149
0.641564
0.659591
0.677217
0.694431
0.711224
0.727586
0.743505
0.758974
0.773981
0.788519
0.802578
0.816149
0.829226
0.841798
0.85386
0.865404
0.876422
0.886907
0.896855
0.906258
0.915111
0.923408
0.931145
0.938316
0.944918
0.950946
0.956396
0.961266
0.965553
0.969253
0.972365
0.974887
0.976817
0.978153
0.978896
0.979045
0.978599
0.977559
0.975926
0.9737
0.970883
0.967477
0.963483
0.958904
0.953743
0.948004
0.941688
0.934801
0.927347
0.919329
0.910753
0.901625
0.891949
0.881731
0.870979
0.859697
0.847894
0.835575
0.82275
0.809425
0.795609
0.781309
0.766536
0.751297
0.735601
0.71946
0.702881
0.685876
0.668454
0.650627
0.632404
0.613798
0.594819
0.575479
0.555789
0.535763
0.51541
0.494745
0.47378
0.452527
0.430999
0.40921
0.387172
0.364899
0.342404
0.319702
0.296806
0.273729
0.250486
0.227091
0.203559
0.179902
0.156137
0.132277
0.108336
0.0843296
0.060272
0.0361779
0.0120617
-0.0120617
-0.0361779
-0.060272
-0.0843296
-0.108336
-0.132277
-0.156137
-0.179902
-0.203559
-0.227091
-0.250486
-0.273729
-0.296806
-0.319702
-0.342404
-0.364899
-0.387172
-0.40921
-0.430999
-0.452527
-0.47378
-0.494745
-0.51541
-0.535763
-0.555789
-0.575479
-0.594819
-0.613798
-0.632404
-0.650627
-0.668454
-0.685876
-0.702881
-0.71946
-0.735601
-0.751297
-0.766536
-0.781309
-0.795609
-0.809425
-0.82275
-0.835575
-0.847894
-0.859697
-0.870979
-0.881731
-0.891949
-0.901625
-0.910753
-0.919329
-0.927347
-0.934801
-0.941688
-0.948004
-0.953743
-0.958904
-0.963483
-0.967477
-0.970883
-0.9737
-0.975926
-0.977559
-0.978599
-0.979045
-0.978896
-0.978153
-0.976817
-0.974887
-0.972365
-0.969253
-0.965553
-0.961266
-0.956396
-0.950946
-0.944918
-0.938316
-0.931145
-0.923408
-0.915111
-0.906258
-0.896855
-0.886907
-0.876422
-0.865404
-0.85386
-0.841798
-0.829226
-0.816149
-0.802578
-0.788519
-0.773981
-0.758974
-0.743505
-0.727586
-0.711224
-0.694431
-0.677217
-0.659591
-0.641564
-0.623149
-0.604354
-0.585193
-0.565677
-0.545817
-0.525626
-0.505116
-0.484299
-0.463189
-0.441796
-0.420136
-0.398221
-0.376064
-0.353678
-0.331078
-0.308277
-0.285289
-0.262128
-0.238807
-0.215341
-0.191745
-0.168032
-0.144218
-0.120315
-0.0963401
-0.0723063
-0.0482286
-0.0241216
0
0
0.0239918
0.047969
0.0719172
0.0958216
0.119668
0.143442
0.167128
0.190713
0.214182
0.237522
0.260717
0.283754
0.306618
0.329297
0.351775
0.37404
0.396078
0.417875
0.439419
0.460696
0.481693
0.502398
0.522797
0.54288
0.562633
0.582044
0.601102
0.619795
0.638111
0.656041
0.673572
0.690694
0.707397
0.72367
0.739504
0.754889
0.769816
0.784275
0.798258
0.811757
0.824763
0.837268
0.849265
0.860746
0.871705
0.882134
0.892028
0.90138
0.910186
0.918438
0.926133
0.933266
0.939832
0.945828
0.951249
0.956093
0.960356
0.964037
0.967132
0.96964
0.971559
0.972889
0.973628
0.973776
0.973332
0.972298
0.970673
0.968459
0.965658
0.96227
0.958297
0.953743
0.94861
0.942901
0.93662
0.92977
0.922356
0.914381
0.905852
0.896772
0.887148
0.876986
0.866291
0.85507
0.84333
0.831078
0.818322
0.805069
0.791327
0.777104
0.76241
0.747253
0.731643
0.715588
0.699098
0.682185
0.664857
0.647125
0.629001
0.610495
0.591618
0.572382
0.552798
0.532879
0.512636
0.492083
0.47123
0.450091
0.428679
0.407007
0.385088
0.362935
0.340562
0.317981
0.295208
0.272256
0.249138
0.225869
0.202463
0.178934
0.155297
0.131565
0.107753
0.0838757
0.0599476
0.0359831
0.0119968
-0.0119968
-0.0359831
-0.0599476
-0.0838757
-0.107753
-0.131565
-0.155297
-0.178934
-0.202463
-0.225869
-0.249138
-0.272256
-0.295208
-0.317981
-0.340562
-0.362935
-0.385088
-0.407007
-0.428679
-0.450091
-0.47123
-0.492083
-0.512636
-0.532879
-0.552798
-0.572382
-0.591618
-0.610495
-0.629001
-0.647125
-0.664857
-0.682185
-0.699098
-0.715588
-0.731643
-0.747253
-0.76241
-0.777104
-0.791327
-0.805069
-0.818322
-0.831078
-0.84333
-0.85507
-0.866291
-0.876986
-0.887148
-0.896772
-0.905852
-0.914381
-0.922356
-0.92977
-0.93662
-0.942901
-0.94861
-0.953743
-0.958297
-0.96227
-0.965658
-0.968459
-0.970673
-0.972298
-0.973332
-0.973776
-0.973628
-0.972889
-0.971559
-0.96964
-0.967132
-0.964037
-0.960356
-0.956093
-0.951249
-0.945828
-0.939832
-0.933266
-0.926133
-0.918438
-0.910186
-0.90138
-0.892028
-0.882134
-0.871705
-0.860746
-0.849265
-0.837268
-0.824763
-0.811757
-0.798258
-0.784275
-0.769816
-0.754889
-0.739504
-0.72367
-0.707397
-0.690694
-0.673572
-0.656041
-0.638111
-0.619795
-0.601102
-0.582044
-0.562633
-0.54288
-0.522797
-0.502398
-0.481693
-0.460696
-0.439419
-0.417875
-0.396078
-0.37404
-0.351775
-0.329297
-0.306618
-0.283754
-0.260717
-0.237522
-0.214182
-0.190713
-0.167128
-0.143442
-0.119668
-0.0958216
-0.0719172
-0.047969
-0.0239918
0
0
0.0238474
0.0476804
0.0714843
0.0952449
0.118948
0.142578
0.166122
0.189565
0.212893
0.236092
0.259148
0.282046
0.304773
0.327315
0.349658
0.371789
0.393694
0.41536
0.436774
0.457923
0.478794
0.499374
0.519651
0.539613
0.559247
0.578541
0.597484
0.616065
0.634271
0.652093
0.669518
0.686537
0.703139
0.719315
0.735054
0.750346
0.765183
0.779555
0.793454
0.806872
0.819799
0.832229
0.844154
0.855566
0.866459
0.876825
0.88666
0.895956
0.904708
0.912911
0.92056
0.927649
0.934176
0.940136
0.945524
0.950339
0.954577
0.958235
0.961312
0.963805
0.965712
0.967034
0.967768
0.967915
0.967475
0.966446
0.964832
0.962631
0.959846
0.956479
0.95253
0.948004
0.942901
0.937227
0.930983
0.924175
0.916805
0.908878
0.9004
0.891375
0.881809
0.871708
0.861078
0.849924
0.838255
0.826077
0.813397
0.800224
0.786564
0.772428
0.757822
0.742756
0.727239
0.711281
0.694891
0.678079
0.660856
0.643231
0.625215
0.606821
0.588057
0.568937
0.549471
0.529672
0.509551
0.489121
0.468394
0.447383
0.4261
0.404558
0.382771
0.360751
0.338512
0.316068
0.293432
0.270617
0.247639
0.22451
0.201245
0.177857
0.154362
0.130773
0.107104
0.083371
0.0595869
0.0357666
0.0119246
-0.0119246
-0.0357666
-0.0595869
-0.083371
-0.107104
-0.130773
-0.154362
-0.177857
-0.201245
-0.22451
-0.247639
-0.270617
-0.293432
-0.316068
-0.338512
-0.360751
-0.382771
-0.404558
-0.4261
-0.447383
-0.468394
-0.489121
-0.509551
-0.529672
-0.549471
-0.568937
-0.588057
-0.606821
-0.625215
-0.643231
-0.660856
-0.678079
-0.694891
-0.711281
-0.727239
-0.742756
-0.757822
-0.772428
-0.786564
-0.800224
-0.813397
-0.826077
-0.838255
-0.849924
-0.861078
-0.871708
-0.881809
-0.891375
-0.9004
-0.908878
-0.916805
-0.924175
-0.930983
-0.937227
-0.942901
-0.948004
-0.95253
-0.956479
-0.959846
-0.962631
-0.964832
-0.966446
-0.967475
-0.967915
-0.967768
-0.967034
-0.965712
-0.963805
-0.961312
-0.958235
-0.954577
-0.950339
-0.945524
-0.940136
-0.934176
-0.927649
-0.92056
-0.912911
-0.904708
-0.895956
-0.88666
-0.876825
-0.866459
-0.855566
-0.844154
-0.832229
-0.819799
-0.806872
-0.793454
-0.779555
-0.765183
-0.750346
-0.735054
-0.719315
-0.703139
-0.686537
-0.669518
-0.652093
-0.634271
-0.616065
-0.597484
-0.578541
-0.559247
-0.539613
-0.519651
-0.499374
-0.478794
-0.457923
-0.436774
-0.41536
-0.393694
-0.371789
-0.349658
-0.327315
-0.304773
-0.282046
-0.259148
-0.236092
-0.212893
-0.189565
-0.166122
-0.142578
-0.118948
-0.0952449
-0.0714843
-0.0476804
-0.0238474
0
0
0.0236886
0.0473627
0.0710081
0.0946104
0.118155
0.141628
0.165016
0.188303
0.211475
0.23452
0.257421
0.280167
0.302743
0.325134
0.347329
0.369312
0.391071
0.412593
0.433865
0.454873
0.475604
0.496048
0.516189
0.536018
0.555521
0.574687
0.593504
0.611961
0.630046
0.647749
0.665058
0.681964
0.698455
0.714523
0.730157
0.745347
0.760085
0.774362
0.788169
0.801497
0.814338
0.826685
0.83853
0.849866
0.860687
0.870984
0.880753
0.889987
0.898681
0.906829
0.914427
0.92147
0.927953
0.933873
0.939226
0.944008
0.948218
0.951852
0.954908
0.957384
0.959279
0.960592
0.961321
0.961467
0.96103
0.960008
0.958404
0.956218
0.953452
0.950107
0.946185
0.941688
0.93662
0.930983
0.924781
0.918018
0.910697
0.902824
0.894402
0.885437
0.875935
0.865901
0.855341
0.844262
0.832671
0.820574
0.807979
0.794893
0.781325
0.767282
0.752774
0.737808
0.722395
0.706543
0.690262
0.673562
0.656453
0.638946
0.62105
0.602778
0.58414
0.565147
0.545811
0.526144
0.506157
0.485863
0.465274
0.444402
0.423261
0.401863
0.380221
0.358348
0.336257
0.313962
0.291477
0.268815
0.245989
0.223014
0.199904
0.176673
0.153334
0.129902
0.106391
0.0828156
0.0591899
0.0355283
0.0118452
-0.0118452
-0.0355283
-0.0591899
-0.0828156
-0.106391
-0.129902
-0.153334
-0.176673
-0.199904
-0.223014
-0.245989
-0.268815
-0.291477
-0.313962
-0.336257
-0.358348
-0.380221
-0.401863
-0.423261
-0.444402
-0.465274
-0.485863
-0.506157
-0.526144
-0.545811
-0.565147
-0.58414
-0.602778
-0.62105
-0.638946
-0.656453
-0.673562
-0.690262
-0.706543
-0.722395
-0.737808
-0.752774
-0.767282
-0.781325
-0.794893
-0.807979
-0.820574
-0.832671
-0.844262
-0.855341
-0.865901
-0.875935
-0.885437
-0.894402
-0.902824
-0.910697
-0.918018
-0.924781
-0.930983
-0.93662
-0.941688
-0.946185
-0.950107
-0.953452
-0.956218
-0.958404
-0.960008
-0.96103
-0.961467
-0.961321
-0.960592
-0.959279
-0.957384
-0.954908
-0.951852
-0.948218
-0.944008
-0.939226
-0.933873
-0.927953
-0.92147
-0.914427
-0.906829
-0.898681
-0.889987
-0.880753
-0.870984
-0.860687
-0.849866
-0.83853
-0.826685
-0.814338
-0.801497
-0.788169
-0.774362
-0.760085
-0.745347
-0.730157
-0.714523
-0.698455
-0.681964
-0.665058
-0.647749
-0.630046
-0.611961
-0.593504
-0.574687
-0.555521
-0.536018
-0.516189
-0.496048
-0.475604
-0.454873
-0.433865
-0.412593
-0.391071
-0.369312
-0.347329
-0.325134
-0.302743
-0.280167
-0.257421
-0.23452
-0.211475
-0.188303
-0.165016
-0.141628
-0.118155
-0.0946104
-0.0710081
-0.0473627
-0.0236886
0
0
0.0235153
0.0470163
0.0704888
0.0939185
0.117291
0.140593
0.163809
0.186925
0.209929
0.232804
0.255539
0.278118
0.300528
0.322756
0.344788
0.366611
0.388211
0.409576
0.430692
0.451546
0.472126
0.49242
0.512414
0.532098
0.551458
0.570484
0.589164
0.607485
0.625438
0.643011
0.660194
0.676976
0.693347
0.709297
0.724817
0.739896
0.754527
0.768699
0.782404
0.795635
0.808382
0.820639
0.832398
0.843651
0.854392
0.864614
0.874312
0.883478
0.892109
0.900197
0.907739
0.914731
0.921166
0.927043
0.932357
0.937104
0.941283
0.94489
0.947924
0.950382
0.952263
0.953567
0.954291
0.954436
0.954001
0.952987
0.951395
0.949225
0.946479
0.943158
0.939265
0.934801
0.92977
0.924175
0.918018
0.911304
0.904037
0.896221
0.887861
0.878962
0.869529
0.859568
0.849086
0.838088
0.826581
0.814573
0.80207
0.78908
0.77561
0.761671
0.747268
0.732412
0.717112
0.701376
0.685214
0.668636
0.651652
0.634273
0.616508
0.59837
0.579868
0.561014
0.541819
0.522296
0.502455
0.48231
0.461871
0.441152
0.420166
0.398924
0.37744
0.355727
0.333798
0.311666
0.289345
0.266849
0.24419
0.221383
0.198442
0.17538
0.152212
0.128952
0.105613
0.0822099
0.058757
0.0352685
0.0117585
-0.0117585
-0.0352685
-0.058757
-0.0822099
-0.105613
-0.128952
-0.152212
-0.17538
-0.198442
-0.221383
-0.24419
-0.266849
-0.289345
-0.311666
-0.333798
-0.355727
-0.37744
-0.398924
-0.420166
-0.441152
-0.461871
-0.48231
-0.502455
-0.522296
-0.541819
-0.561014
-0.579868
-0.59837
-0.616508
-0.634273
-0.651652
-0.668636
-0.685214
-0.701376
-0.717112
-0.732412
-0.747268
-0.761671
-0.77561
-0.78908
-0.80207
-0.814573
-0.826581
-0.838088
-0.849086
-0.859568
-0.869529
-0.878962
-0.887861
-0.896221
-0.904037
-0.911304
-0.918018
-0.924175
-0.92977
-0.934801
-0.939265
-0.943158
-0.946479
-0.949225
-0.951395
-0.952987
-0.954001
-0.954436
-0.954291
-0.953567
-0.952263
-0.950382
-0.947924
-0.94489
-0.941283
-0.937104
-0.932357
-0.927043
-0.921166
-0.914731
-0.907739
-0.900197
-0.892109
-0.883478
-0.874312
-0.864614
-0.854392
-0.843651
-0.832398
-0.820639
-0.808382
-0.795635
-0.782404
-0.768699
-0.754527
-0.739896
-0.724817
-0.709297
-0.693347
-0.676976
-0.660194
-0.643011
-0.625438
-0.607485
-0.589164
-0.570484
-0.551458
-0.532098
-0.512414
-0.49242
-0.472126
-0.451546
-0.430692
-0.409576
-0.388211
-0.366611
-0.344788
-0.322756
-0.300528
-0.278118
-0.255539
-0.232804
-0.209929
-0.186925
-0.163809
-0.140593
-0.117291
-0.0939185
-0.0704888
-0.0470163
-0.0235153
0
0
0.0233278
0.0466414
0.0699267
0.0931696
0.116356
0.139472
0.162502
0.185435
0.208255
0.230948
0.253501
0.2759
0.298132
0.320183
0.342039
0.363688
0.385116
0.40631
0.427257
0.447945
0.468361
0.488493
0.508328
0.527855
0.547061
0.565935
0.584465
0.602641
0.620451
0.637884
0.65493
0.671578
0.687818
0.703641
0.719037
0.733996
0.74851
0.762569
0.776165
0.78929
0.801936
0.814095
0.82576
0.836923
0.847579
0.857719
0.86734
0.876433
0.884995
0.893019
0.900501
0.907436
0.913821
0.91965
0.924922
0.929631
0.933777
0.937355
0.940365
0.942803
0.94467
0.945962
0.946681
0.946825
0.946393
0.945388
0.943808
0.941656
0.938931
0.935637
0.931775
0.927347
0.922356
0.916805
0.910697
0.904037
0.896828
0.889074
0.880781
0.871953
0.862595
0.852714
0.842315
0.831405
0.81999
0.808077
0.795674
0.782787
0.769425
0.755597
0.741309
0.726572
0.711393
0.695782
0.67975
0.663304
0.646456
0.629215
0.611592
0.593598
0.575244
0.55654
0.537499
0.518131
0.498448
0.478463
0.458188
0.437634
0.416815
0.395743
0.37443
0.35289
0.331136
0.309181
0.287038
0.264721
0.242243
0.219618
0.19686
0.173982
0.150998
0.127923
0.104771
0.0815543
0.0582885
0.0349873
0.0116648
-0.0116648
-0.0349873
-0.0582885
-0.0815543
-0.104771
-0.127923
-0.150998
-0.173982
-0.19686
-0.219618
-0.242243
-0.264721
-0.287038
-0.309181
-0.331136
-0.35289
-0.37443
-0.395743
-0.416815
-0.437634
-0.458188
-0.478463
-0.498448
-0.518131
-0.537499
-0.55654
-0.575244
-0.593598
-0.611592
-0.629215
-0.646456
-0.663304
-0.67975
-0.695782
-0.711393
-0.726572
-0.741309
-0.755597
-0.769425
-0.782787
-0.795674
-0.808077
-0.81999
-0.831405
-0.842315
-0.852714
-0.862595
-0.871953
-0.880781
-0.889074
-0.896828
-0.904037
-0.910697
-0.916805
-0.922356
-0.927347
-0.931775
-0.935637
-0.938931
-0.941656
-0.943808
-0.945388
-0.946393
-0.946825
-0.946681
-0.945962
-0.94467
-0.942803
-0.940365
-0.937355
-0.933777
-0.929631
-0.924922
-0.91965
-0.913821
-0.907436
-0.900501
-0.893019
-0.884995
-0.876433
-0.86734
-0.857719
-0.847579
-0.836923
-0.82576
-0.814095
-0.801936
-0.78929
-0.776165
-0.762569
-0.74851
-0.733996
-0.719037
-0.703641
-0.687818
-0.671578
-0.65493
-0.637884
-0.620451
-0.602641
-0.584465
-0.565935
-0.547061
-0.527855
-0.508328
-0.488493
-0.468361
-0.447945
-0.427257
-0.40631
-0.385116
-0.363688
-0.342039
-0.320183
-0.298132
-0.2759
-0.253501
-0.230948
-0.208255
-0.185435
-0.162502
-0.139472
-0.116356
-0.0931696
-0.0699267
-0.0466414
-0.0233278
0
0
0.0231261
0.0462382
0.0693222
0.0923641
0.11535
0.138266
0.161098
0.183832
0.206454
0.228951
0.251309
0.273515
0.295554
0.317414
0.339082
0.360543
0.381786
0.402797
0.423563
0.444072
0.464312
0.48427
0.503933
0.523291
0.542331
0.561042
0.579412
0.597431
0.615086
0.632369
0.649267
0.665772
0.681872
0.697558
0.71282
0.72765
0.742038
0.755976
0.769455
0.782466
0.795003
0.807057
0.818621
0.829688
0.840251
0.850304
0.859841
0.868856
0.877343
0.885298
0.892715
0.899591
0.90592
0.911699
0.916925
0.921594
0.925704
0.929251
0.932235
0.934652
0.936502
0.937784
0.938496
0.938639
0.938211
0.937214
0.935648
0.933514
0.930814
0.927548
0.923719
0.919329
0.914382
0.908879
0.902824
0.896221
0.889074
0.881388
0.873166
0.864414
0.855137
0.845342
0.835033
0.824217
0.8129
0.801091
0.788794
0.776019
0.762773
0.749064
0.7349
0.72029
0.705243
0.689767
0.673873
0.657569
0.640867
0.623775
0.606305
0.588466
0.57027
0.551728
0.532852
0.513651
0.494139
0.474327
0.454227
0.433851
0.413211
0.392321
0.371193
0.349839
0.328273
0.306508
0.284556
0.262432
0.240148
0.217719
0.195158
0.172478
0.149693
0.126817
0.103865
0.0808492
0.0577845
0.0346848
0.0115639
-0.0115639
-0.0346848
-0.0577845
-0.0808492
-0.103865
-0.126817
-0.149693
-0.172478
-0.195158
-0.217719
-0.240148
-0.262432
-0.284556
-0.306508
-0.328273
-0.349839
-0.371193
-0.392321
-0.413211
-0.433851
-0.454227
-0.474327
-0.494139
-0.513651
-0.532852
-0.551728
-0.57027
-0.588466
-0.606305
-0.623775
-0.640867
-0.657569
-0.673873
-0.689767
-0.705243
-0.72029
-0.7349
-0.749064
-0.762773
-0.776019
-0.788794
-0.801091
-0.8129
-0.824217
-0.835033
-0.845342
-0.855137
-0.864414
-0.873166
-0.881388
-0.889074
-0.896221
-0.902824
-0.908879
-0.914382
-0.919329
-0.923719
-0.927548
-0.930814
-0.933514
-0.935648
-0.937214
-0.938211
-0.938639
-0.938496
-0.937784
-0.936502
-0.934652
-0.932235
-0.929251
-0.925704
-0.921594
-0.916925
-0.911699
-0.90592
-0.899591
-0.892715
-0.885298
-0.877343
-0.868856
-0.859841
-0.850304
-0.840251
-0.829688
-0.818621
-0.807057
-0.795003
-0.782466
-0.769455
-0.755976
-0.742038
-0.72765
-0.71282
-0.697558
-0.681872
-0.665772
-0.649267
-0.632369
-0.615086
-0.597431
-0.579412
-0.561042
-0.542331
-0.523291
-0.503933
-0.48427
-0.464312
-0.444072
-0.423563
-0.402797
-0.381786
-0.360543
-0.339082
-0.317414
-0.295554
-0.273515
-0.251309
-0.228951
-0.206454
-0.183832
-0.161098
-0.138266
-0.11535
-0.0923641
-0.0693222
-0.0462382
-0.0231261
0
0
0.0229104
0.0458069
0.0686755
0.0915025
0.114274
0.136976
0.159595
0.182117
0.204528
0.226816
0.248965
0.270964
0.292797
0.314454
0.335919
0.35718
0.378225
0.39904
0.419612
0.43993
0.459981
0.479752
0.499233
0.51841
0.537272
0.555809
0.574007
0.591858
0.609349
0.62647
0.643211
0.659561
0.675511
0.691051
0.706171
0.720863
0.735117
0.748924
0.762277
0.775167
0.787587
0.799528
0.810984
0.821948
0.832413
0.842372
0.85182
0.860751
0.869159
0.87704
0.884388
0.891199
0.89747
0.903195
0.908372
0.912997
0.917069
0.920583
0.923539
0.925934
0.927767
0.929036
0.929742
0.929883
0.92946
0.928472
0.926921
0.924807
0.922131
0.918896
0.915103
0.910754
0.905852
0.900401
0.894402
0.887861
0.880781
0.873166
0.865021
0.856351
0.847161
0.837456
0.827243
0.816528
0.805318
0.793618
0.781436
0.768781
0.755658
0.742077
0.728045
0.713571
0.698664
0.683333
0.667587
0.651435
0.634889
0.617956
0.600649
0.582977
0.564951
0.546582
0.527881
0.50886
0.48953
0.469902
0.44999
0.429804
0.409357
0.388662
0.36773
0.346576
0.325211
0.303649
0.281902
0.259984
0.237908
0.215688
0.193337
0.170869
0.148297
0.125634
0.102896
0.0800951
0.0572455
0.0343612
0.0114561
-0.0114561
-0.0343612
-0.0572455
-0.0800951
-0.102896
-0.125634
-0.148297
-0.170869
-0.193337
-0.215688
-0.237908
-0.259984
-0.281902
-0.303649
-0.325211
-0.346576
-0.36773
-0.388662
-0.409357
-0.429804
-0.44999
-0.469902
-0.48953
-0.50886
-0.527881
-0.546582
-0.564951
-0.582977
-0.600649
-0.617956
-0.634889
-0.651435
-0.667587
-0.683333
-0.698664
-0.713571
-0.728045
-0.742077
-0.755658
-0.768781
-0.781436
-0.793618
-0.805318
-0.816528
-0.827243
-0.837456
-0.847161
-0.856351
-0.865021
-0.873166
-0.880781
-0.887861
-0.894402
-0.900401
-0.905852
-0.910754
-0.915103
-0.918896
-0.922131
-0.924807
-0.926921
-0.928472
-0.92946
-0.929883
-0.929742
-0.929036
-0.927767
-0.925934
-0.923539
-0.920583
-0.917069
-0.912997
-0.908372
-0.903195
-0.89747
-0.891199
-0.884388
-0.87704
-0.869159
-0.860751
-0.85182
-0.842372
-0.832413
-0.821948
-0.810984
-0.799528
-0.787587
-0.775167
-0.762277
-0.748924
-0.735117
-0.720863
-0.706171
-0.691051
-0.675511
-0.659561
-0.643211
-0.62647
-0.609349
-0.591858
-0.574007
-0.555809
-0.537272
-0.51841
-0.499233
-0.479752
-0.459981
-0.43993
-0.419612
-0.39904
-0.378225
-0.35718
-0.335919
-0.314454
-0.292797
-0.270964
-0.248965
-0.226816
-0.204528
-0.182117
-0.159595
-0.136976
-0.114274
-0.0915025
-0.0686755
-0.0458069
-0.0229104
0
0
0.0226807
0.0453477
0.0679872
0.0905854
0.113129
0.135603
0.157995
0.180291
0.202478
0.224542
0.24647
0.268248
0.289863
0.311302
0.332552
0.3536
0.374434
0.39504
0.415406
0.435521
0.45537
0.474944
0.494229
0.513214
0.531887
0.550238
0.568254
0.585926
0.603241
0.620191
0.636764
0.65295
0.66874
0.684124
0.699093
0.713637
0.727749
0.741418
0.754637
0.767398
0.779693
0.791515
0.802856
0.81371
0.82407
0.833929
0.843282
0.852124
0.860448
0.868249
0.875524
0.882267
0.888474
0.894142
0.899267
0.903846
0.907877
0.911356
0.914282
0.916653
0.918468
0.919725
0.920423
0.920563
0.920144
0.919166
0.91763
0.915537
0.912889
0.909686
0.90593
0.901625
0.896773
0.891376
0.885438
0.878962
0.871953
0.864414
0.856351
0.847767
0.838669
0.829062
0.818952
0.808344
0.797246
0.785663
0.773604
0.761075
0.748084
0.734639
0.720748
0.706419
0.691661
0.676484
0.660896
0.644906
0.628525
0.611763
0.594629
0.577134
0.559288
0.541103
0.52259
0.503759
0.484623
0.465192
0.445479
0.425496
0.405254
0.384766
0.364045
0.343102
0.321951
0.300605
0.279076
0.257378
0.235524
0.213526
0.191399
0.169156
0.14681
0.124375
0.101865
0.0792923
0.0566718
0.0340168
0.0113412
-0.0113412
-0.0340168
-0.0566718
-0.0792923
-0.101865
-0.124375
-0.14681
-0.169156
-0.191399
-0.213526
-0.235524
-0.257378
-0.279076
-0.300605
-0.321951
-0.343102
-0.364045
-0.384766
-0.405254
-0.425496
-0.445479
-0.465192
-0.484623
-0.503759
-0.52259
-0.541103
-0.559288
-0.577134
-0.594629
-0.611763
-0.628525
-0.644906
-0.660896
-0.676484
-0.691661
-0.706419
-0.720748
-0.734639
-0.748084
-0.761075
-0.773604
-0.785663
-0.797246
-0.808344
-0.818952
-0.829062
-0.838669
-0.847767
-0.856351
-0.864414
-0.871953
-0.878962
-0.885438
-0.891376
-0.896773
-0.901625
-0.90593
-0.909686
-0.912889
-0.915537
-0.91763
-0.919166
-0.920144
-0.920563
-0.920423
-0.919725
-0.918468
-0.916653
-0.914282
-0.911356
-0.907877
-0.903846
-0.899267
-0.894142
-0.888474
-0.882267
-0.875524
-0.868249
-0.860448
-0.852124
-0.843282
-0.833929
-0.82407
-0.81371
-0.802856
-0.791515
-0.779693
-0.767398
-0.754637
-0.741418
-0.727749
-0.713637
-0.699093
-0.684124
-0.66874
-0.65295
-0.636764
-0.620191
-0.603241
-0.585926
-0.568254
-0.550238
-0.531887
-0.513214
-0.494229
-0.474944
-0.45537
-0.435521
-0.415406
-0.39504
-0.374434
-0.3536
-0.332552
-0.311302
-0.289863
-0.268248
-0.24647
-0.224542
-0.202478
-0.180291
-0.157995
-0.135603
-0.113129
-0.0905854
-0.0679872
-0.0453477
-0.0226807
0
0
0.0224373
0.0448611
0.0672576
0.0896132
0.111914
0.134148
0.1563
0.178357
0.200305
0.222132
0.243825
0.265369
0.286752
0.307961
0.328983
0.349805
0.370415
0.390801
0.410948
0.430847
0.450484
0.469847
0.488925
0.507706
0.526179
0.544333
0.562156
0.579638
0.596768
0.613535
0.62993
0.645943
0.661564
0.676783
0.691591
0.705979
0.719939
0.733461
0.746538
0.759162
0.771326
0.783021
0.79424
0.804977
0.815226
0.82498
0.834233
0.842979
0.851214
0.858932
0.866128
0.872799
0.878939
0.884547
0.889617
0.894147
0.898134
0.901576
0.904471
0.906816
0.908611
0.909854
0.910545
0.910684
0.910269
0.909302
0.907782
0.905712
0.903092
0.899923
0.896208
0.891949
0.887149
0.88181
0.875936
0.869529
0.862595
0.855138
0.847161
0.83867
0.829669
0.820165
0.810163
0.799669
0.78869
0.777232
0.765302
0.752908
0.740056
0.726755
0.713013
0.698838
0.684239
0.669224
0.653803
0.637985
0.62178
0.605197
0.588247
0.57094
0.553286
0.535297
0.516982
0.498353
0.479422
0.4602
0.440699
0.42093
0.400905
0.380637
0.360138
0.33942
0.318496
0.297379
0.276081
0.254616
0.232996
0.211235
0.189345
0.167341
0.145235
0.12304
0.100772
0.0784413
0.0560636
0.0336518
0.0112195
-0.0112195
-0.0336518
-0.0560636
-0.0784413
-0.100772
-0.12304
-0.145235
-0.167341
-0.189345
-0.211235
-0.232996
-0.254616
-0.276081
-0.297379
-0.318496
-0.33942
-0.360138
-0.380637
-0.400905
-0.42093
-0.440699
-0.4602
-0.479422
-0.498353
-0.516982
-0.535297
-0.553286
-0.57094
-0.588247
-0.605197
-0.62178
-0.637985
-0.653803
-0.669224
-0.684239
-0.698838
-0.713013
-0.726755
-0.740056
-0.752908
-0.765302
-0.777232
-0.78869
-0.799669
-0.810163
-0.820165
-0.829669
-0.83867
-0.847161
-0.855138
-0.862595
-0.869529
-0.875936
-0.88181
-0.887149
-0.891949
-0.896208
-0.899923
-0.903092
-0.905712
-0.907782
-0.909302
-0.910269
-0.910684
-0.910545
-0.909854
-0.908611
-0.906816
-0.904471
-0.901576
-0.898134
-0.894147
-0.889617
-0.884547
-0.878939
-0.872799
-0.866128
-0.858932
-0.851214
-0.842979
-0.834233
-0.82498
-0.815226
-0.804977
-0.79424
-0.783021
-0.771326
-0.759162
-0.746538
-0.733461
-0.719939
-0.705979
-0.691591
-0.676783
-0.661564
-0.645943
-0.62993
-0.613535
-0.596768
-0.579638
-0.562156
-0.544333
-0.526179
-0.507706
-0.488925
-0.469847
-0.450484
-0.430847
-0.410948
-0.390801
-0.370415
-0.349805
-0.328983
-0.307961
-0.286752
-0.265369
-0.243825
-0.222132
-0.200305
-0.178357
-0.1563
-0.134148
-0.111914
-0.0896132
-0.0672576
-0.0448611
-0.0224373
0
0
0.0221803
0.0443472
0.0664871
0.0885867
0.110632
0.132611
0.154509
0.176314
0.198011
0.219588
0.241032
0.262329
0.283467
0.304433
0.325215
0.345798
0.366172
0.386324
0.406241
0.425911
0.445323
0.464465
0.483324
0.50189
0.520152
0.538097
0.555716
0.572998
0.589932
0.606507
0.622715
0.638544
0.653985
0.66903
0.683669
0.697892
0.711692
0.725059
0.737987
0.750466
0.76249
0.774051
0.785142
0.795756
0.805888
0.81553
0.824676
0.833323
0.841463
0.849092
0.856206
0.862801
0.868871
0.874414
0.879426
0.883904
0.887846
0.891248
0.89411
0.896428
0.898203
0.899432
0.900115
0.900252
0.899842
0.898886
0.897384
0.895337
0.892747
0.889615
0.885942
0.881732
0.876987
0.871709
0.865902
0.859569
0.852714
0.845342
0.837456
0.829062
0.820165
0.81077
0.800883
0.790509
0.779656
0.768329
0.756536
0.744283
0.731579
0.71843
0.704845
0.690833
0.676401
0.661558
0.646314
0.630677
0.614657
0.598265
0.581509
0.5644
0.546948
0.529165
0.51106
0.492645
0.47393
0.454928
0.43565
0.416108
0.396312
0.376277
0.356012
0.335532
0.314848
0.293973
0.272919
0.251699
0.230327
0.208815
0.187176
0.165424
0.143571
0.121631
0.0996172
0.0775428
0.0554214
0.0332663
0.011091
-0.011091
-0.0332663
-0.0554214
-0.0775428
-0.0996172
-0.121631
-0.143571
-0.165424
-0.187176
-0.208815
-0.230327
-0.251699
-0.272919
-0.293973
-0.314848
-0.335532
-0.356012
-0.376277
-0.396312
-0.416108
-0.43565
-0.454928
-0.47393
-0.492645
-0.51106
-0.529165
-0.546948
-0.5644
-0.581509
-0.598265
-0.614657
-0.630677
-0.646314
-0.661558
-0.676401
-0.690833
-0.704845
-0.71843
-0.731579
-0.744283
-0.756536
-0.768329
-0.779656
-0.790509
-0.800883
-0.81077
-0.820165
-0.829062
-0.837456
-0.845342
-0.852714
-0.859569
-0.865902
-0.871709
-0.876987
-0.881732
-0.885942
-0.889615
-0.892747
-0.895337
-0.897384
-0.898886
-0.899842
-0.900252
-0.900115
-0.899432
-0.898203
-0.896428
-0.89411
-0.891248
-0.887846
-0.883904
-0.879426
-0.874414
-0.868871
-0.862801
-0.856206
-0.849092
-0.841463
-0.833323
-0.824676
-0.81553
-0.805888
-0.795756
-0.785142
-0.774051
-0.76249
-0.750466
-0.737987
-0.725059
-0.711692
-0.697892
-0.683669
-0.66903
-0.653985
-0.638544
-0.622715
-0.606507
-0.589932
-0.572998
-0.555716
-0.538097
-0.520152
-0.50189
-0.483324
-0.464465
-0.445323
-0.425911
-0.406241
-0.386324
-0.366172
-0.345798
-0.325215
-0.304433
-0.283467
-0.262329
-0.241032
-0.219588
-0.198011
-0.176314
-0.154509
-0.132611
-0.110632
-0.0885867
-0.0664871
-0.0443472
-0.0221803
0
0
0.0219098
0.0438064
0.0656763
0.0875064
0.109283
0.130994
0.152625
0.174163
0.195596
0.21691
0.238092
0.25913
0.28001
0.300721
0.321249
0.341581
0.361707
0.381613
0.401287
0.420717
0.439893
0.458801
0.47743
0.49577
0.513809
0.531535
0.548939
0.56601
0.582737
0.599111
0.615121
0.630757
0.64601
0.660871
0.675331
0.689381
0.703013
0.716217
0.728987
0.741314
0.753192
0.764611
0.775567
0.786052
0.79606
0.805584
0.81462
0.82316
0.831201
0.838738
0.845765
0.852279
0.858275
0.863751
0.868702
0.873125
0.877019
0.88038
0.883206
0.885497
0.887249
0.888463
0.889138
0.889273
0.888868
0.887924
0.88644
0.884418
0.88186
0.878766
0.875138
0.870979
0.866292
0.861078
0.855342
0.849086
0.842315
0.835033
0.827244
0.818952
0.810163
0.800883
0.791116
0.780869
0.770148
0.758959
0.74731
0.735207
0.722657
0.709669
0.69625
0.682408
0.668152
0.65349
0.638432
0.622986
0.607162
0.590969
0.574417
0.557517
0.540278
0.522712
0.504827
0.486637
0.468151
0.449381
0.430338
0.411033
0.391479
0.371688
0.351671
0.33144
0.311008
0.290388
0.269591
0.24863
0.227518
0.206269
0.184894
0.163407
0.14182
0.120148
0.0984023
0.0765972
0.0547455
0.0328606
0.0109558
-0.0109558
-0.0328606
-0.0547455
-0.0765972
-0.0984023
-0.120148
-0.14182
-0.163407
-0.184894
-0.206269
-0.227518
-0.24863
-0.269591
-0.290388
-0.311008
-0.33144
-0.351671
-0.371688
-0.391479
-0.411033
-0.430338
-0.449381
-0.468151
-0.486637
-0.504827
-0.522712
-0.540278
-0.557517
-0.574417
-0.590969
-0.607162
-0.622986
-0.638432
-0.65349
-0.668152
-0.682408
-0.69625
-0.709669
-0.722657
-0.735207
-0.74731
-0.758959
-0.770148
-0.780869
-0.791116
-0.800883
-0.810163
-0.818952
-0.827244
-0.835033
-0.842315
-0.849086
-0.855342
-0.861078
-0.866292
-0.870979
-0.875138
-0.878766
-0.88186
-0.884418
-0.88644
-0.887924
-0.888868
-0.889273
-0.889138
-0.888463
-0.887249
-0.885497
-0.883206
-0.88038
-0.877019
-0.873125
-0.868702
-0.863751
-0.858275
-0.852279
-0.845765
-0.838738
-0.831201
-0.82316
-0.81462
-0.805584
-0.79606
-0.786052
-0.775567
-0.764611
-0.753192
-0.741314
-0.728987
-0.716217
-0.703013
-0.689381
-0.675331
-0.660871
-0.64601
-0.630757
-0.615121
-0.599111
-0.582737
-0.56601
-0.548939
-0.531535
-0.513809
-0.49577
-0.47743
-0.458801
-0.439893
-0.420717
-0.401287
-0.381613
-0.361707
-0.341581
-0.321249
-0.300721
-0.28001
-0.25913
-0.238092
-0.21691
-0.195596
-0.174163
-0.152625
-0.130994
-0.109283
-0.0875064
-0.0656763
-0.0438064
-0.0219098
0
0
0.0216261
0.043239
0.0648256
0.086373
0.107868
0.129297
0.150648
0.171908
0.193063
0.214101
0.235008
0.255774
0.276384
0.296826
0.317088
0.337157
0.357022
0.37667
0.396089
0.415268
0.434195
0.452858
0.471246
0.489348
0.507153
0.524651
0.541829
0.558679
0.575189
0.591351
0.607153
0.622587
0.637643
0.652311
0.666584
0.680452
0.693907
0.70694
0.719545
0.731712
0.743436
0.754708
0.765522
0.775871
0.785749
0.79515
0.804068
0.812498
0.820435
0.827874
0.83481
0.84124
0.847158
0.852563
0.85745
0.861816
0.865659
0.868976
0.871766
0.874027
0.875757
0.876956
0.877622
0.877755
0.877355
0.876423
0.874959
0.872963
0.870437
0.867383
0.863803
0.859698
0.855071
0.849925
0.844263
0.838089
0.831405
0.824217
0.816529
0.808345
0.79967
0.790509
0.780869
0.770755
0.760172
0.749129
0.73763
0.725684
0.713297
0.700477
0.687232
0.673569
0.659498
0.645026
0.630163
0.614917
0.599297
0.583314
0.566977
0.550296
0.53328
0.515941
0.498289
0.480334
0.462087
0.44356
0.424764
0.405709
0.386409
0.366874
0.347116
0.327147
0.30698
0.286626
0.266099
0.24541
0.224571
0.203597
0.182499
0.16129
0.139983
0.118592
0.0971278
0.075605
0.0540364
0.032435
0.0108138
-0.0108138
-0.032435
-0.0540364
-0.075605
-0.0971278
-0.118592
-0.139983
-0.16129
-0.182499
-0.203597
-0.224571
-0.24541
-0.266099
-0.286626
-0.30698
-0.327147
-0.347116
-0.366874
-0.386409
-0.405709
-0.424764
-0.44356
-0.462087
-0.480334
-0.498289
-0.515941
-0.53328
-0.550296
-0.566977
-0.583314
-0.599297
-0.614917
-0.630163
-0.645026
-0.659498
-0.673569
-0.687232
-0.700477
-0.713297
-0.725684
-0.73763
-0.749129
-0.760172
-0.770755
-0.780869
-0.790509
-0.79967
-0.808345
-0.816529
-0.824217
-0.831405
-0.838089
-0.844263
-0.849925
-0.855071
-0.859698
-0.863803
-0.867383
-0.870437
-0.872963
-0.874959
-0.876423
-0.877355
-0.877755
-0.877622
-0.876956
-0.875757
-0.874027
-0.871766
-0.868976
-0.865659
-0.861816
-0.85745
-0.852563
-0.847158
-0.84124
-0.83481
-0.827874
-0.820435
-0.812498
-0.804068
-0.79515
-0.785749
-0.775871
-0.765522
-0.754708
-0.743436
-0.731712
-0.719545
-0.70694
-0.693907
-0.680452
-0.666584
-0.652311
-0.637643
-0.622587
-0.607153
-0.591351
-0.575189
-0.558679
-0.541829
-0.524651
-0.507153
-0.489348
-0.471246
-0.452858
-0.434195
-0.415268
-0.396089
-0.37667
-0.357022
-0.337157
-0.317088
-0.296826
-0.276384
-0.255774
-0.235008
-0.214101
-0.193063
-0.171908
-0.150648
-0.129297
-0.107868
-0.086373
-0.0648256
-0.043239
-0.0216261
0
0
0.0213291
0.0426453
0.0639356
0.0851871
0.106387
0.127522
0.14858
0.169547
0.190412
0.211161
0.231782
0.252262
0.272589
0.29275
0.312734
0.332528
0.35212
0.371498
0.390651
0.409567
0.428233
0.44664
0.464776
0.48263
0.50019
0.517447
0.53439
0.551008
0.567292
0.583232
0.598817
0.614039
0.628888
0.643355
0.657432
0.67111
0.68438
0.697234
0.709666
0.721666
0.733229
0.744346
0.755011
0.765218
0.774961
0.784233
0.793029
0.801343
0.809171
0.816508
0.823349
0.82969
0.835527
0.840857
0.845677
0.849983
0.853774
0.857046
0.859797
0.862027
0.863733
0.864915
0.865572
0.865704
0.865309
0.86439
0.862946
0.860978
0.858487
0.855475
0.851943
0.847895
0.843331
0.838256
0.832672
0.826582
0.81999
0.812901
0.805318
0.797246
0.788691
0.779656
0.770148
0.760173
0.749736
0.738843
0.727503
0.71572
0.703503
0.690859
0.677796
0.664321
0.650443
0.63617
0.621511
0.606474
0.591069
0.575306
0.559193
0.54274
0.525959
0.508857
0.491447
0.473739
0.455743
0.43747
0.418932
0.400139
0.381104
0.361837
0.34235
0.322656
0.302765
0.282691
0.262445
0.24204
0.221488
0.200802
0.179993
0.159076
0.138061
0.116963
0.0957942
0.074567
0.0532945
0.0319897
0.0106654
-0.0106654
-0.0319897
-0.0532945
-0.074567
-0.0957942
-0.116963
-0.138061
-0.159076
-0.179993
-0.200802
-0.221488
-0.24204
-0.262445
-0.282691
-0.302765
-0.322656
-0.34235
-0.361837
-0.381104
-0.400139
-0.418932
-0.43747
-0.455743
-0.473739
-0.491447
-0.508857
-0.525959
-0.54274
-0.559193
-0.575306
-0.591069
-0.606474
-0.621511
-0.63617
-0.650443
-0.664321
-0.677796
-0.690859
-0.703503
-0.71572
-0.727503
-0.738843
-0.749736
-0.760173
-0.770148
-0.779656
-0.788691
-0.797246
-0.805318
-0.812901
-0.81999
-0.826582
-0.832672
-0.838256
-0.843331
-0.847895
-0.851943
-0.855475
-0.858487
-0.860978
-0.862946
-0.86439
-0.865309
-0.865704
-0.865572
-0.864915
-0.863733
-0.862027
-0.859797
-0.857046
-0.853774
-0.849983
-0.845677
-0.840857
-0.835527
-0.82969
-0.823349
-0.816508
-0.809171
-0.801343
-0.793029
-0.784233
-0.774961
-0.765218
-0.755011
-0.744346
-0.733229
-0.721666
-0.709666
-0.697234
-0.68438
-0.67111
-0.657432
-0.643355
-0.628888
-0.614039
-0.598817
-0.583232
-0.567292
-0.551008
-0.53439
-0.517447
-0.50019
-0.48263
-0.464776
-0.44664
-0.428233
-0.409567
-0.390651
-0.371498
-0.35212
-0.332528
-0.312734
-0.29275
-0.272589
-0.252262
-0.231782
-0.211161
-0.190412
-0.169547
-0.14858
-0.127522
-0.106387
-0.0851871
-0.0639356
-0.0426453
-0.0213291
0
0
0.0210193
0.0420258
0.0630068
0.0839495
0.104841
0.125669
0.146421
0.167084
0.187646
0.208093
0.228415
0.248597
0.268629
0.288497
0.308191
0.327697
0.347005
0.366101
0.384976
0.403616
0.422012
0.440152
0.458024
0.475618
0.492924
0.50993
0.526627
0.543004
0.559051
0.574759
0.590118
0.605118
0.619752
0.634009
0.647881
0.66136
0.674437
0.687105
0.699356
0.711182
0.722576
0.733532
0.744043
0.754101
0.763702
0.77284
0.781508
0.789701
0.797415
0.804646
0.811387
0.817636
0.823389
0.828642
0.833391
0.837635
0.84137
0.844595
0.847306
0.849504
0.851185
0.85235
0.852997
0.853127
0.852738
0.851832
0.850409
0.848469
0.846015
0.843046
0.839566
0.835577
0.83108
0.826078
0.820575
0.814574
0.808078
0.801091
0.793619
0.785664
0.777233
0.768329
0.758959
0.749129
0.738844
0.72811
0.716934
0.705322
0.693283
0.680823
0.667949
0.65467
0.640994
0.626928
0.612482
0.597663
0.582482
0.566948
0.551069
0.534856
0.518318
0.501465
0.484308
0.466857
0.449122
0.431115
0.412846
0.394326
0.375567
0.35658
0.337376
0.317968
0.298367
0.278584
0.258633
0.238524
0.21827
0.197885
0.177378
0.156765
0.136056
0.115264
0.0944026
0.0734837
0.0525203
0.0315249
0.0105104
-0.0105104
-0.0315249
-0.0525203
-0.0734837
-0.0944026
-0.115264
-0.136056
-0.156765
-0.177378
-0.197885
-0.21827
-0.238524
-0.258633
-0.278584
-0.298367
-0.317968
-0.337376
-0.35658
-0.375567
-0.394326
-0.412846
-0.431115
-0.449122
-0.466857
-0.484308
-0.501465
-0.518318
-0.534856
-0.551069
-0.566948
-0.582482
-0.597663
-0.612482
-0.626928
-0.640994
-0.65467
-0.667949
-0.680823
-0.693283
-0.705322
-0.716934
-0.72811
-0.738844
-0.749129
-0.758959
-0.768329
-0.777233
-0.785664
-0.793619
-0.801091
-0.808078
-0.814574
-0.820575
-0.826078
-0.83108
-0.835577
-0.839566
-0.843046
-0.846015
-0.848469
-0.850409
-0.851832
-0.852738
-0.853127
-0.852997
-0.85235
-0.851185
-0.849504
-0.847306
-0.844595
-0.84137
-0.837635
-0.833391
-0.828642
-0.823389
-0.817636
-0.811387
-0.804646
-0.797415
-0.789701
-0.781508
-0.77284
-0.763702
-0.754101
-0.744043
-0.733532
-0.722576
-0.711182
-0.699356
-0.687105
-0.674437
-0.66136
-0.647881
-0.634009
-0.619752
-0.605118
-0.590118
-0.574759
-0.559051
-0.543004
-0.526627
-0.50993
-0.492924
-0.475618
-0.458024
-0.440152
-0.422012
-0.403616
-0.384976
-0.366101
-0.347005
-0.327697
-0.308191
-0.288497
-0.268629
-0.248597
-0.228415
-0.208093
-0.187646
-0.167084
-0.146421
-0.125669
-0.104841
-0.0839495
-0.0630068
-0.0420258
-0.0210193
0
0
0.0206966
0.0413807
0.0620397
0.082661
0.103232
0.123741
0.144174
0.16452
0.184766
0.204899
0.224909
0.244781
0.264506
0.284069
0.30346
0.322667
0.341678
0.360482
0.379067
0.397421
0.415535
0.433396
0.450994
0.468318
0.485358
0.502103
0.518543
0.534669
0.55047
0.565937
0.58106
0.59583
0.610239
0.624277
0.637937
0.651209
0.664085
0.676559
0.688621
0.700266
0.711486
0.722273
0.732622
0.742527
0.75198
0.760977
0.769512
0.77758
0.785176
0.792295
0.798933
0.805086
0.810751
0.815923
0.8206
0.824778
0.828456
0.831631
0.834301
0.836465
0.83812
0.839267
0.839905
0.840032
0.83965
0.838757
0.837356
0.835446
0.833029
0.830106
0.82668
0.822751
0.818323
0.813398
0.80798
0.802071
0.795674
0.788795
0.781437
0.773605
0.765303
0.756536
0.74731
0.73763
0.727503
0.716934
0.705929
0.694496
0.682642
0.670373
0.657697
0.644622
0.631155
0.617305
0.60308
0.58849
0.573542
0.558246
0.542611
0.526646
0.510362
0.493768
0.476874
0.459691
0.442228
0.424497
0.406509
0.388273
0.369802
0.351107
0.332198
0.313088
0.293787
0.274308
0.254663
0.234863
0.21492
0.194847
0.174656
0.154358
0.133967
0.113495
0.0929536
0.0723558
0.0517141
0.031041
0.0103491
-0.0103491
-0.031041
-0.0517141
-0.0723558
-0.0929536
-0.113495
-0.133967
-0.154358
-0.174656
-0.194847
-0.21492
-0.234863
-0.254663
-0.274308
-0.293787
-0.313088
-0.332198
-0.351107
-0.369802
-0.388273
-0.406509
-0.424497
-0.442228
-0.459691
-0.476874
-0.493768
-0.510362
-0.526646
-0.542611
-0.558246
-0.573542
-0.58849
-0.60308
-0.617305
-0.631155
-0.644622
-0.657697
-0.670373
-0.682642
-0.694496
-0.705929
-0.716934
-0.727503
-0.73763
-0.74731
-0.756536
-0.765303
-0.773605
-0.781437
-0.788795
-0.795674
-0.802071
-0.80798
-0.813398
-0.818323
-0.822751
-0.82668
-0.830106
-0.833029
-0.835446
-0.837356
-0.838757
-0.83965
-0.840032
-0.839905
-0.839267
-0.83812
-0.836465
-0.834301
-0.831631
-0.828456
-0.824778
-0.8206
-0.815923
-0.810751
-0.805086
-0.798933
-0.792295
-0.785176
-0.77758
-0.769512
-0.760977
-0.75198
-0.742527
-0.732622
-0.722273
-0.711486
-0.700266
-0.688621
-0.676559
-0.664085
-0.651209
-0.637937
-0.624277
-0.610239
-0.59583
-0.58106
-0.565937
-0.55047
-0.534669
-0.518543
-0.502103
-0.485358
-0.468318
-0.450994
-0.433396
-0.415535
-0.397421
-0.379067
-0.360482
-0.341678
-0.322667
-0.30346
-0.284069
-0.264506
-0.244781
-0.224909
-0.204899
-0.184766
-0.16452
-0.144174
-0.123741
-0.103232
-0.082661
-0.0620397
-0.0413807
-0.0206966
0
0
0.0203614
0.0407105
0.0610349
0.0813222
0.10156
0.121736
0.141839
0.161855
0.181773
0.201581
0.221266
0.240817
0.260222
0.279469
0.298546
0.317442
0.336145
0.354644
0.372928
0.390985
0.408805
0.426377
0.44369
0.460733
0.477497
0.493971
0.510145
0.52601
0.541555
0.556771
0.571649
0.586181
0.600356
0.614167
0.627605
0.640662
0.65333
0.665601
0.677469
0.688925
0.699963
0.710576
0.720757
0.730501
0.739802
0.748653
0.75705
0.764987
0.77246
0.779463
0.785994
0.792048
0.79762
0.802708
0.80731
0.81142
0.815039
0.818162
0.820789
0.822918
0.824547
0.825675
0.826302
0.826427
0.826051
0.825173
0.823795
0.821916
0.819538
0.816663
0.813291
0.809426
0.80507
0.800225
0.794894
0.789081
0.782788
0.77602
0.768782
0.761076
0.752908
0.744284
0.735207
0.725684
0.715721
0.705323
0.694497
0.683249
0.671586
0.659516
0.647045
0.634182
0.620933
0.607308
0.593313
0.578959
0.564253
0.549205
0.533823
0.518117
0.502096
0.485771
0.469151
0.452246
0.435066
0.417622
0.399925
0.381985
0.363813
0.34542
0.326818
0.308017
0.289029
0.269866
0.250538
0.231059
0.211439
0.191692
0.171827
0.151859
0.131798
0.111657
0.0914481
0.071184
0.0508766
0.0305383
0.0101815
-0.0101815
-0.0305383
-0.0508766
-0.071184
-0.0914481
-0.111657
-0.131798
-0.151859
-0.171827
-0.191692
-0.211439
-0.231059
-0.250538
-0.269866
-0.289029
-0.308017
-0.326818
-0.34542
-0.363813
-0.381985
-0.399925
-0.417622
-0.435066
-0.452246
-0.469151
-0.485771
-0.502096
-0.518117
-0.533823
-0.549205
-0.564253
-0.578959
-0.593313
-0.607308
-0.620933
-0.634182
-0.647045
-0.659516
-0.671586
-0.683249
-0.694497
-0.705323
-0.715721
-0.725684
-0.735207
-0.744284
-0.752908
-0.761076
-0.768782
-0.77602
-0.782788
-0.789081
-0.794894
-0.800225
-0.80507
-0.809426
-0.813291
-0.816663
-0.819538
-0.821916
-0.823795
-0.825173
-0.826051
-0.826427
-0.826302
-0.825675
-0.824547
-0.822918
-0.820789
-0.818162
-0.815039
-0.81142
-0.80731
-0.802708
-0.79762
-0.792048
-0.785994
-0.779463
-0.77246
-0.764987
-0.75705
-0.748653
-0.739802
-0.730501
-0.720757
-0.710576
-0.699963
-0.688925
-0.677469
-0.665601
-0.65333
-0.640662
-0.627605
-0.614167
-0.600356
-0.586181
-0.571649
-0.556771
-0.541555
-0.52601
-0.510145
-0.493971
-0.477497
-0.460733
-0.44369
-0.426377
-0.408805
-0.390985
-0.372928
-0.354644
-0.336145
-0.317442
-0.298546
-0.279469
-0.260222
-0.240817
-0.221266
-0.201581
-0.181773
-0.161855
-0.141839
-0.121736
-0.10156
-0.0813222
-0.0610349
-0.0407105
-0.0203614
0
0
0.0200139
0.0400156
0.0599931
0.0799341
0.0998266
0.119659
0.139418
0.159092
0.17867
0.19814
0.217489
0.236706
0.25578
0.274698
0.29345
0.312023
0.330407
0.34859
0.366562
0.384311
0.401827
0.419099
0.436116
0.452869
0.469347
0.48554
0.501438
0.517031
0.532311
0.547267
0.561892
0.576175
0.590108
0.603684
0.616892
0.629726
0.642178
0.65424
0.665905
0.677166
0.688015
0.698447
0.708454
0.718032
0.727174
0.735874
0.744127
0.751929
0.759274
0.766159
0.772578
0.778528
0.784005
0.789007
0.793529
0.79757
0.801127
0.804197
0.806779
0.808871
0.810472
0.811581
0.812198
0.812321
0.811951
0.811088
0.809733
0.807886
0.805549
0.802723
0.799409
0.79561
0.791328
0.786566
0.781326
0.775612
0.769427
0.762774
0.755659
0.748085
0.740057
0.731579
0.722658
0.713297
0.703504
0.693283
0.682642
0.671586
0.660123
0.648258
0.636001
0.623357
0.610334
0.596941
0.583186
0.569077
0.554622
0.53983
0.524711
0.509273
0.493526
0.477479
0.461143
0.444526
0.42764
0.410494
0.393099
0.375465
0.357603
0.339524
0.321239
0.302759
0.284096
0.265259
0.246262
0.227115
0.20783
0.18842
0.168894
0.149266
0.129548
0.109751
0.0898872
0.0699689
0.0500082
0.030017
0.0100077
-0.0100077
-0.030017
-0.0500082
-0.0699689
-0.0898872
-0.109751
-0.129548
-0.149266
-0.168894
-0.18842
-0.20783
-0.227115
-0.246262
-0.265259
-0.284096
-0.302759
-0.321239
-0.339524
-0.357603
-0.375465
-0.393099
-0.410494
-0.42764
-0.444526
-0.461143
-0.477479
-0.493526
-0.509273
-0.524711
-0.53983
-0.554622
-0.569077
-0.583186
-0.596941
-0.610334
-0.623357
-0.636001
-0.648258
-0.660123
-0.671586
-0.682642
-0.693283
-0.703504
-0.713297
-0.722658
-0.731579
-0.740057
-0.748085
-0.755659
-0.762774
-0.769427
-0.775612
-0.781326
-0.786566
-0.791328
-0.79561
-0.799409
-0.802723
-0.805549
-0.807886
-0.809733
-0.811088
-0.811951
-0.812321
-0.812198
-0.811581
-0.810472
-0.808871
-0.806779
-0.804197
-0.801127
-0.79757
-0.793529
-0.789007
-0.784005
-0.778528
-0.772578
-0.766159
-0.759274
-0.751929
-0.744127
-0.735874
-0.727174
-0.718032
-0.708454
-0.698447
-0.688015
-0.677166
-0.665905
-0.65424
-0.642178
-0.629726
-0.616892
-0.603684
-0.590108
-0.576175
-0.561892
-0.547267
-0.532311
-0.517031
-0.501438
-0.48554
-0.469347
-0.452869
-0.436116
-0.419099
-0.401827
-0.384311
-0.366562
-0.34859
-0.330407
-0.312023
-0.29345
-0.274698
-0.25578
-0.236706
-0.217489
-0.19814
-0.17867
-0.159092
-0.139418
-0.119659
-0.0998266
-0.0799341
-0.0599931
-0.0400156
-0.0200139
0
0
0.0196542
0.0392965
0.0589149
0.0784975
0.0980325
0.117508
0.136912
0.156233
0.175459
0.194579
0.21358
0.232452
0.251183
0.269761
0.288176
0.306415
0.324469
0.342325
0.359974
0.377404
0.394605
0.411567
0.428278
0.44473
0.460911
0.476813
0.492425
0.507739
0.522744
0.537432
0.551793
0.56582
0.579503
0.592834
0.605805
0.618409
0.630637
0.642482
0.653937
0.664995
0.67565
0.685894
0.695722
0.705127
0.714104
0.722648
0.730753
0.738415
0.745628
0.752389
0.758693
0.764536
0.769915
0.774826
0.779268
0.783236
0.786728
0.789743
0.792279
0.794334
0.795906
0.796995
0.7976
0.797721
0.797358
0.796511
0.79518
0.793366
0.791071
0.788296
0.785042
0.781311
0.777106
0.772429
0.767283
0.761672
0.755598
0.749065
0.742078
0.73464
0.726756
0.718431
0.70967
0.700478
0.69086
0.680823
0.670373
0.659516
0.648259
0.636608
0.62457
0.612153
0.599365
0.586213
0.572705
0.558849
0.544654
0.530128
0.51528
0.50012
0.484656
0.468898
0.452855
0.436537
0.419954
0.403116
0.386034
0.368717
0.351176
0.333422
0.315466
0.297318
0.27899
0.260492
0.241836
0.223033
0.204095
0.185033
0.165859
0.146584
0.12722
0.107778
0.0882717
0.0687114
0.0491094
0.0294776
0.00982784
-0.00982784
-0.0294776
-0.0491094
-0.0687114
-0.0882717
-0.107778
-0.12722
-0.146584
-0.165859
-0.185033
-0.204095
-0.223033
-0.241836
-0.260492
-0.27899
-0.297318
-0.315466
-0.333422
-0.351176
-0.368717
-0.386034
-0.403116
-0.419954
-0.436537
-0.452855
-0.468898
-0.484656
-0.50012
-0.51528
-0.530128
-0.544654
-0.558849
-0.572705
-0.586213
-0.599365
-0.612153
-0.62457
-0.636608
-0.648259
-0.659516
-0.670373
-0.680823
-0.69086
-0.700478
-0.70967
-0.718431
-0.726756
-0.73464
-0.742078
-0.749065
-0.755598
-0.761672
-0.767283
-0.772429
-0.777106
-0.781311
-0.785042
-0.788296
-0.791071
-0.793366
-0.79518
-0.796511
-0.797358
-0.797721
-0.7976
-0.796995
-0.795906
-0.794334
-0.792279
-0.789743
-0.786728
-0.783236
-0.779268
-0.774826
-0.769915
-0.764536
-0.758693
-0.752389
-0.745628
-0.738415
-0.730753
-0.722648
-0.714104
-0.705127
-0.695722
-0.685894
-0.67565
-0.664995
-0.653937
-0.642482
-0.630637
-0.618409
-0.605805
-0.592834
-0.579503
-0.56582
-0.551793
-0.537432
-0.522744
-0.507739
-0.492425
-0.476813
-0.460911
-0.44473
-0.428278
-0.411567
-0.394605
-0.377404
-0.359974
-0.342325
-0.324469
-0.306415
-0.288176
-0.269761
-0.251183
-0.232452
-0.21358
-0.194579
-0.175459
-0.156233
-0.136912
-0.117508
-0.0980325
-0.0784975
-0.0589149
-0.0392965
-0.0196542
0
0
0.0192826
0.0385534
0.0578009
0.0770132
0.0961788
0.115286
0.134323
0.153279
0.172142
0.1909
0.209542
0.228057
0.246433
0.26466
0.282727
0.300621
0.318333
0.335852
0.353167
0.370268
0.387144
0.403784
0.42018
0.43632
0.452196
0.467797
0.483114
0.498138
0.51286
0.52727
0.541359
0.555121
0.568545
0.581624
0.59435
0.606715
0.618712
0.630333
0.641572
0.652421
0.662874
0.672924
0.682566
0.691794
0.700602
0.708984
0.716936
0.724453
0.731529
0.738162
0.744347
0.750079
0.755357
0.760175
0.764533
0.768426
0.771852
0.77481
0.777298
0.779314
0.780856
0.781925
0.782519
0.782638
0.782281
0.78145
0.780144
0.778365
0.776113
0.77339
0.770198
0.766537
0.762412
0.757824
0.752775
0.74727
0.741311
0.734902
0.728046
0.720749
0.713014
0.704846
0.696251
0.687232
0.677797
0.66795
0.657697
0.647046
0.636001
0.62457
0.61276
0.600578
0.588032
0.575128
0.561876
0.548282
0.534355
0.520104
0.505537
0.490663
0.475492
0.460032
0.444292
0.428283
0.412013
0.395494
0.378734
0.361745
0.344536
0.327118
0.309501
0.291696
0.273714
0.255566
0.237263
0.218816
0.200236
0.181534
0.162723
0.143812
0.124814
0.10574
0.0866026
0.0674122
0.0481808
0.0289202
0.00964201
-0.00964201
-0.0289202
-0.0481808
-0.0674122
-0.0866026
-0.10574
-0.124814
-0.143812
-0.162723
-0.181534
-0.200236
-0.218816
-0.237263
-0.255566
-0.273714
-0.291696
-0.309501
-0.327118
-0.344536
-0.361745
-0.378734
-0.395494
-0.412013
-0.428283
-0.444292
-0.460032
-0.475492
-0.490663
-0.505537
-0.520104
-0.534355
-0.548282
-0.561876
-0.575128
-0.588032
-0.600578
-0.61276
-0.62457
-0.636001
-0.647046
-0.657697
-0.66795
-0.677797
-0.687232
-0.696251
-0.704846
-0.713014
-0.720749
-0.728046
-0.734902
-0.741311
-0.74727
-0.752775
-0.757824
-0.762412
-0.766537
-0.770198
-0.77339
-0.776113
-0.778365
-0.780144
-0.78145
-0.782281
-0.782638
-0.782519
-0.781925
-0.780856
-0.779314
-0.777298
-0.77481
-0.771852
-0.768426
-0.764533
-0.760175
-0.755357
-0.750079
-0.744347
-0.738162
-0.731529
-0.724453
-0.716936
-0.708984
-0.700602
-0.691794
-0.682566
-0.672924
-0.662874
-0.652421
-0.641572
-0.630333
-0.618712
-0.606715
-0.59435
-0.581624
-0.568545
-0.555121
-0.541359
-0.52727
-0.51286
-0.498138
-0.483114
-0.467797
-0.452196
-0.43632
-0.42018
-0.403784
-0.387144
-0.370268
-0.353167
-0.335852
-0.318333
-0.300621
-0.282727
-0.26466
-0.246433
-0.228057
-0.209542
-0.1909
-0.172142
-0.153279
-0.134323
-0.115286
-0.0961788
-0.0770132
-0.0578009
-0.0385534
-0.0192826
0
0
0.0188992
0.037787
0.0566518
0.0754822
0.0942668
0.112994
0.131653
0.150232
0.168719
0.187105
0.205376
0.223523
0.241534
0.259399
0.277106
0.294645
0.312005
0.329175
0.346146
0.362907
0.379447
0.395757
0.411827
0.427646
0.443206
0.458497
0.47351
0.488235
0.502664
0.516787
0.530597
0.544085
0.557242
0.570061
0.582534
0.594654
0.606412
0.617802
0.628817
0.639451
0.649696
0.659547
0.668997
0.678041
0.686674
0.694889
0.702683
0.71005
0.716986
0.723487
0.729549
0.735168
0.74034
0.745063
0.749334
0.753149
0.756508
0.759407
0.761845
0.763821
0.765333
0.76638
0.766962
0.767079
0.766729
0.765915
0.764635
0.762891
0.760684
0.758015
0.754886
0.751299
0.747255
0.742758
0.73781
0.732414
0.726573
0.720292
0.713573
0.70642
0.698839
0.690834
0.682409
0.67357
0.664322
0.654671
0.644622
0.634182
0.623357
0.612154
0.600578
0.588639
0.576342
0.563695
0.550705
0.537382
0.523732
0.509764
0.495487
0.480909
0.466039
0.450886
0.435459
0.419768
0.403823
0.387631
0.371205
0.354553
0.337686
0.320615
0.303348
0.285897
0.268273
0.250486
0.232546
0.214466
0.196255
0.177925
0.159488
0.140953
0.122333
0.103638
0.0848809
0.066072
0.047223
0.0283452
0.00945033
-0.00945033
-0.0283452
-0.047223
-0.066072
-0.0848809
-0.103638
-0.122333
-0.140953
-0.159488
-0.177925
-0.196255
-0.214466
-0.232546
-0.250486
-0.268273
-0.285897
-0.303348
-0.320615
-0.337686
-0.354553
-0.371205
-0.387631
-0.403823
-0.419768
-0.435459
-0.450886
-0.466039
-0.480909
-0.495487
-0.509764
-0.523732
-0.537382
-0.550705
-0.563695
-0.576342
-0.588639
-0.600578
-0.612154
-0.623357
-0.634182
-0.644622
-0.654671
-0.664322
-0.67357
-0.682409
-0.690834
-0.698839
-0.70642
-0.713573
-0.720292
-0.726573
-0.732414
-0.73781
-0.742758
-0.747255
-0.751299
-0.754886
-0.758015
-0.760684
-0.762891
-0.764635
-0.765915
-0.766729
-0.767079
-0.766962
-0.76638
-0.765333
-0.763821
-0.761845
-0.759407
-0.756508
-0.753149
-0.749334
-0.745063
-0.74034
-0.735168
-0.729549
-0.723487
-0.716986
-0.71005
-0.702683
-0.694889
-0.686674
-0.678041
-0.668997
-0.659547
-0.649696
-0.639451
-0.628817
-0.617802
-0.606412
-0.594654
-0.582534
-0.570061
-0.557242
-0.544085
-0.530597
-0.516787
-0.502664
-0.488235
-0.47351
-0.458497
-0.443206
-0.427646
-0.411827
-0.395757
-0.379447
-0.362907
-0.346146
-0.329175
-0.312005
-0.294645
-0.277106
-0.259399
-0.241534
-0.223523
-0.205376
-0.187105
-0.168719
-0.150232
-0.131653
-0.112994
-0.0942668
-0.0754822
-0.0566518
-0.037787
-0.0188992
0
0
0.0185044
0.0369976
0.0554683
0.0739053
0.0922975
0.110634
0.128903
0.147093
0.165195
0.183196
0.201086
0.218854
0.236489
0.25398
0.271317
0.28849
0.305487
0.322299
0.338915
0.355326
0.37152
0.387489
0.403223
0.418713
0.433948
0.448919
0.463618
0.478036
0.492163
0.505991
0.519513
0.532719
0.545601
0.558152
0.570365
0.582231
0.593744
0.604896
0.615681
0.626092
0.636123
0.645768
0.655021
0.663876
0.672329
0.680373
0.688004
0.695217
0.702008
0.708373
0.714308
0.71981
0.724874
0.729498
0.73368
0.737416
0.740704
0.743543
0.74593
0.747864
0.749345
0.75037
0.75094
0.751054
0.750712
0.749914
0.748661
0.746954
0.744793
0.74218
0.739116
0.735604
0.731645
0.727241
0.722397
0.717113
0.711395
0.705244
0.698666
0.691663
0.68424
0.676402
0.668153
0.659499
0.650444
0.640995
0.631156
0.620934
0.610335
0.599365
0.588032
0.576342
0.564301
0.551919
0.539201
0.526156
0.512791
0.499115
0.485136
0.470863
0.456303
0.441467
0.426362
0.410999
0.395386
0.379534
0.36345
0.347147
0.330632
0.313917
0.297011
0.279925
0.262668
0.245253
0.227688
0.209986
0.192155
0.174208
0.156156
0.138008
0.119777
0.101473
0.0831077
0.0646917
0.0462364
0.0277531
0.0092529
-0.0092529
-0.0277531
-0.0462364
-0.0646917
-0.0831077
-0.101473
-0.119777
-0.138008
-0.156156
-0.174208
-0.192155
-0.209986
-0.227688
-0.245253
-0.262668
-0.279925
-0.297011
-0.313917
-0.330632
-0.347147
-0.36345
-0.379534
-0.395386
-0.410999
-0.426362
-0.441467
-0.456303
-0.470863
-0.485136
-0.499115
-0.512791
-0.526156
-0.539201
-0.551919
-0.564301
-0.576342
-0.588032
-0.599365
-0.610335
-0.620934
-0.631156
-0.640995
-0.650444
-0.659499
-0.668153
-0.676402
-0.68424
-0.691663
-0.698666
-0.705244
-0.711395
-0.717113
-0.722397
-0.727241
-0.731645
-0.735604
-0.739116
-0.74218
-0.744793
-0.746954
-0.748661
-0.749914
-0.750712
-0.751054
-0.75094
-0.75037
-0.749345
-0.747864
-0.74593
-0.743543
-0.740704
-0.737416
-0.73368
-0.729498
-0.724874
-0.71981
-0.714308
-0.708373
-0.702008
-0.695217
-0.688004
-0.680373
-0.672329
-0.663876
-0.655021
-0.645768
-0.636123
-0.626092
-0.615681
-0.604896
-0.593744
-0.582231
-0.570365
-0.558152
-0.545601
-0.532719
-0.519513
-0.505991
-0.492163
-0.478036
-0.463618
-0.448919
-0.433948
-0.418713
-0.403223
-0.387489
-0.37152
-0.355326
-0.338915
-0.322299
-0.305487
-0.28849
-0.271317
-0.25398
-0.236489
-0.218854
-0.201086
-0.183196
-0.165195
-0.147093
-0.128903
-0.110634
-0.0922975
-0.0739053
-0.0554683
-0.0369976
-0.0185044
0
0
0.0180984
0.0361857
0.0542511
0.0722836
0.0902722
0.108206
0.126074
0.143866
0.16157
0.179176
0.196673
0.214051
0.231299
0.248407
0.265364
0.282159
0.298784
0.315227
0.331478
0.347529
0.363368
0.378987
0.394375
0.409525
0.424425
0.439068
0.453445
0.467546
0.481363
0.494888
0.508113
0.521029
0.533629
0.545905
0.557849
0.569455
0.580715
0.591623
0.602171
0.612354
0.622165
0.631598
0.640648
0.649309
0.657576
0.665443
0.672907
0.679962
0.686604
0.692829
0.698634
0.704015
0.708968
0.713491
0.71758
0.721234
0.724451
0.727227
0.729562
0.731454
0.732902
0.733904
0.734462
0.734573
0.734239
0.733459
0.732233
0.730563
0.72845
0.725894
0.722897
0.719462
0.71559
0.711283
0.706545
0.701378
0.695784
0.689769
0.683335
0.676485
0.669226
0.66156
0.653492
0.645027
0.636171
0.626929
0.617306
0.607308
0.596942
0.586213
0.575129
0.563695
0.551919
0.539808
0.527369
0.51461
0.501539
0.488163
0.474491
0.46053
0.44629
0.43178
0.417007
0.401981
0.38671
0.371205
0.355475
0.339529
0.323377
0.307028
0.290493
0.273782
0.256905
0.239871
0.222692
0.205378
0.187939
0.170386
0.152729
0.13498
0.117149
0.0992466
0.0812841
0.0632722
0.0452219
0.0271441
0.00904987
-0.00904987
-0.0271441
-0.0452219
-0.0632722
-0.0812841
-0.0992466
-0.117149
-0.13498
-0.152729
-0.170386
-0.187939
-0.205378
-0.222692
-0.239871
-0.256905
-0.273782
-0.290493
-0.307028
-0.323377
-0.339529
-0.355475
-0.371205
-0.38671
-0.401981
-0.417007
-0.43178
-0.44629
-0.46053
-0.474491
-0.488163
-0.501539
-0.51461
-0.527369
-0.539808
-0.551919
-0.563695
-0.575129
-0.586213
-0.596942
-0.607308
-0.617306
-0.626929
-0.636171
-0.645027
-0.653492
-0.66156
-0.669226
-0.676485
-0.683335
-0.689769
-0.695784
-0.701378
-0.706545
-0.711283
-0.71559
-0.719462
-0.722897
-0.725894
-0.72845
-0.730563
-0.732233
-0.733459
-0.734239
-0.734573
-0.734462
-0.733904
-0.732902
-0.731454
-0.729562
-0.727227
-0.724451
-0.721234
-0.71758
-0.713491
-0.708968
-0.704015
-0.698634
-0.692829
-0.686604
-0.679962
-0.672907
-0.665443
-0.657576
-0.649309
-0.640648
-0.631598
-0.622165
-0.612354
-0.602171
-0.591623
-0.580715
-0.569455
-0.557849
-0.545905
-0.533629
-0.521029
-0.508113
-0.494888
-0.481363
-0.467546
-0.453445
-0.439068
-0.424425
-0.409525
-0.394375
-0.378987
-0.363368
-0.347529
-0.331478
-0.315227
-0.298784
-0.282159
-0.265364
-0.248407
-0.231299
-0.214051
-0.196673
-0.179176
-0.16157
-0.143866
-0.126074
-0.108206
-0.0902722
-0.0722836
-0.0542511
-0.0361857
-0.0180984
0
0
0.0176813
0.0353519
0.053001
0.070618
0.0881921
0.105713
0.123169
0.140551
0.157847
0.175047
0.192141
0.209119
0.225969
0.242683
0.259249
0.275657
0.291899
0.307963
0.32384
0.339521
0.354995
0.370254
0.385288
0.400088
0.414645
0.428951
0.442996
0.456772
0.470271
0.483485
0.496405
0.509023
0.521333
0.533326
0.544995
0.556333
0.567334
0.57799
0.588295
0.598243
0.607828
0.617044
0.625886
0.634347
0.642423
0.650109
0.657401
0.664293
0.670783
0.676865
0.682536
0.687792
0.692631
0.69705
0.701045
0.704615
0.707757
0.71047
0.712751
0.714599
0.716014
0.716993
0.717538
0.717647
0.71732
0.716558
0.715361
0.713729
0.711664
0.709167
0.70624
0.702884
0.699101
0.694893
0.690264
0.685216
0.679752
0.673875
0.667589
0.660897
0.653805
0.646315
0.638434
0.630164
0.621512
0.612483
0.603082
0.593314
0.583187
0.572705
0.561876
0.550706
0.539201
0.527369
0.515217
0.502752
0.489982
0.476914
0.463557
0.449918
0.436007
0.42183
0.407398
0.392718
0.3778
0.362652
0.347284
0.331705
0.315925
0.299954
0.2838
0.267473
0.250985
0.234344
0.217561
0.200645
0.183608
0.16646
0.14921
0.13187
0.114449
0.0969597
0.079411
0.0618142
0.0441798
0.0265186
0.00884133
-0.00884133
-0.0265186
-0.0441798
-0.0618142
-0.079411
-0.0969597
-0.114449
-0.13187
-0.14921
-0.16646
-0.183608
-0.200645
-0.217561
-0.234344
-0.250985
-0.267473
-0.2838
-0.299954
-0.315925
-0.331705
-0.347284
-0.362652
-0.3778
-0.392718
-0.407398
-0.42183
-0.436007
-0.449918
-0.463557
-0.476914
-0.489982
-0.502752
-0.515217
-0.527369
-0.539201
-0.550706
-0.561876
-0.572705
-0.583187
-0.593314
-0.603082
-0.612483
-0.621512
-0.630164
-0.638434
-0.646315
-0.653805
-0.660897
-0.667589
-0.673875
-0.679752
-0.685216
-0.690264
-0.694893
-0.699101
-0.702884
-0.70624
-0.709167
-0.711664
-0.713729
-0.715361
-0.716558
-0.71732
-0.717647
-0.717538
-0.716993
-0.716014
-0.714599
-0.712751
-0.71047
-0.707757
-0.704615
-0.701045
-0.69705
-0.692631
-0.687792
-0.682536
-0.676865
-0.670783
-0.664293
-0.657401
-0.650109
-0.642423
-0.634347
-0.625886
-0.617044
-0.607828
-0.598243
-0.588295
-0.57799
-0.567334
-0.556333
-0.544995
-0.533326
-0.521333
-0.509023
-0.496405
-0.483485
-0.470271
-0.456772
-0.442996
-0.428951
-0.414645
-0.400088
-0.385288
-0.370254
-0.354995
-0.339521
-0.32384
-0.307963
-0.291899
-0.275657
-0.259249
-0.242683
-0.225969
-0.209119
-0.192141
-0.175047
-0.157847
-0.140551
-0.123169
-0.105713
-0.0881921
-0.070618
-0.053001
-0.0353519
-0.0176813
0
0
0.0172536
0.0344966
0.0517188
0.0689095
0.0860584
0.103155
0.120189
0.13715
0.154028
0.170812
0.187493
0.20406
0.220502
0.236812
0.252977
0.268988
0.284837
0.300512
0.316005
0.331306
0.346406
0.361296
0.375967
0.390409
0.404614
0.418573
0.432279
0.445722
0.458894
0.471788
0.484395
0.496708
0.50872
0.520423
0.53181
0.542874
0.553608
0.564007
0.574062
0.58377
0.593123
0.602116
0.610743
0.619
0.626881
0.634381
0.641496
0.648222
0.654554
0.660489
0.666023
0.671152
0.675874
0.680186
0.684085
0.687568
0.690634
0.693281
0.695507
0.69731
0.698691
0.699647
0.700178
0.700285
0.699966
0.699222
0.698054
0.696462
0.694447
0.69201
0.689154
0.685879
0.682187
0.678082
0.673564
0.668638
0.663306
0.657572
0.651438
0.644908
0.637987
0.630679
0.622988
0.614918
0.606476
0.597665
0.588491
0.57896
0.569078
0.55885
0.548283
0.537382
0.526156
0.51461
0.502752
0.490589
0.478128
0.465376
0.452342
0.439033
0.425458
0.411625
0.397541
0.383217
0.368659
0.353878
0.338882
0.32368
0.308282
0.292697
0.276934
0.261002
0.244913
0.228674
0.212297
0.195791
0.179166
0.162432
0.1456
0.128679
0.111681
0.0946139
0.0774898
0.0603187
0.043111
0.0258771
0.00862743
-0.00862743
-0.0258771
-0.043111
-0.0603187
-0.0774898
-0.0946139
-0.111681
-0.128679
-0.1456
-0.162432
-0.179166
-0.195791
-0.212297
-0.228674
-0.244913
-0.261002
-0.276934
-0.292697
-0.308282
-0.32368
-0.338882
-0.353878
-0.368659
-0.383217
-0.397541
-0.411625
-0.425458
-0.439033
-0.452342
-0.465376
-0.478128
-0.490589
-0.502752
-0.51461
-0.526156
-0.537382
-0.548283
-0.55885
-0.569078
-0.57896
-0.588491
-0.597665
-0.606476
-0.614918
-0.622988
-0.630679
-0.637987
-0.644908
-0.651438
-0.657572
-0.663306
-0.668638
-0.673564
-0.678082
-0.682187
-0.685879
-0.689154
-0.69201
-0.694447
-0.696462
-0.698054
-0.699222
-0.699966
-0.700285
-0.700178
-0.699647
-0.698691
-0.69731
-0.695507
-0.693281
-0.690634
-0.687568
-0.684085
-0.680186
-0.675874
-0.671152
-0.666023
-0.660489
-0.654554
-0.648222
-0.641496
-0.634381
-0.626881
-0.619
-0.610743
-0.602116
-0.593123
-0.58377
-0.574062
-0.564007
-0.553608
-0.542874
-0.53181
-0.520423
-0.50872
-0.496708
-0.484395
-0.471788
-0.458894
-0.445722
-0.432279
-0.418573
-0.404614
-0.390409
-0.375967
-0.361296
-0.346406
-0.331306
-0.316005
-0.300512
-0.284837
-0.268988
-0.252977
-0.236812
-0.220502
-0.20406
-0.187493
-0.170812
-0.154028
-0.13715
-0.120189
-0.103155
-0.0860584
-0.0689095
-0.0517188
-0.0344966
-0.0172536
0
0
0.0168153
0.0336204
0.0504051
0.0671592
0.0838725
0.100535
0.117136
0.133667
0.150116
0.166474
0.18273
0.198876
0.214902
0.230796
0.246551
0.262156
0.277602
0.292879
0.307979
0.322891
0.337608
0.352119
0.366417
0.380492
0.394336
0.407941
0.421299
0.4344
0.447238
0.459804
0.472091
0.484092
0.495798
0.507204
0.518302
0.529085
0.539546
0.549681
0.559481
0.568942
0.578058
0.586822
0.59523
0.603277
0.610958
0.618268
0.625202
0.631757
0.637928
0.643712
0.649106
0.654105
0.658707
0.662909
0.666709
0.670104
0.673092
0.675672
0.677841
0.679599
0.680944
0.681876
0.682394
0.682497
0.682186
0.681462
0.680323
0.678771
0.676808
0.674433
0.671649
0.668457
0.664859
0.660858
0.656456
0.651655
0.646458
0.640869
0.634891
0.628527
0.621782
0.61466
0.607164
0.599299
0.591071
0.582484
0.573543
0.564254
0.554623
0.544655
0.534356
0.523733
0.512792
0.501539
0.489982
0.478128
0.465983
0.453555
0.440852
0.427882
0.414651
0.401169
0.387444
0.373483
0.359295
0.34489
0.330274
0.315459
0.300452
0.285262
0.269899
0.254373
0.238692
0.222866
0.206905
0.190818
0.174615
0.158307
0.141902
0.125411
0.108844
0.0922107
0.0755216
0.0587866
0.0420159
0.0252198
0.00840829
-0.00840829
-0.0252198
-0.0420159
-0.0587866
-0.0755216
-0.0922107
-0.108844
-0.125411
-0.141902
-0.158307
-0.174615
-0.190818
-0.206905
-0.222866
-0.238692
-0.254373
-0.269899
-0.285262
-0.300452
-0.315459
-0.330274
-0.34489
-0.359295
-0.373483
-0.387444
-0.401169
-0.414651
-0.427882
-0.440852
-0.453555
-0.465983
-0.478128
-0.489982
-0.501539
-0.512792
-0.523733
-0.534356
-0.544655
-0.554623
-0.564254
-0.573543
-0.582484
-0.591071
-0.599299
-0.607164
-0.61466
-0.621782
-0.628527
-0.634891
-0.640869
-0.646458
-0.651655
-0.656456
-0.660858
-0.664859
-0.668457
-0.671649
-0.674433
-0.676808
-0.678771
-0.680323
-0.681462
-0.682186
-0.682497
-0.682394
-0.681876
-0.680944
-0.679599
-0.677841
-0.675672
-0.673092
-0.670104
-0.666709
-0.662909
-0.658707
-0.654105
-0.649106
-0.643712
-0.637928
-0.631757
-0.625202
-0.618268
-0.610958
-0.603277
-0.59523
-0.586822
-0.578058
-0.568942
-0.559481
-0.549681
-0.539546
-0.529085
-0.518302
-0.507204
-0.495798
-0.484092
-0.472091
-0.459804
-0.447238
-0.4344
-0.421299
-0.407941
-0.394336
-0.380492
-0.366417
-0.352119
-0.337608
-0.322891
-0.307979
-0.292879
-0.277602
-0.262156
-0.246551
-0.230796
-0.214902
-0.198876
-0.18273
-0.166474
-0.150116
-0.133667
-0.117136
-0.100535
-0.0838725
-0.0671592
-0.0504051
-0.0336204
-0.0168153
0
0
0.0163669
0.0327238
0.0490608
0.0653681
0.0816357
0.0978537
0.114012
0.130102
0.146112
0.162034
0.177857
0.193573
0.20917
0.224641
0.239976
0.255165
0.270198
0.285068
0.299765
0.31428
0.328604
0.342728
0.356645
0.370345
0.38382
0.397062
0.410063
0.422815
0.43531
0.447541
0.459501
0.471181
0.482576
0.493677
0.504479
0.514974
0.525157
0.535021
0.54456
0.553769
0.562641
0.571172
0.579356
0.587188
0.594664
0.601779
0.608529
0.614909
0.620915
0.626545
0.631795
0.63666
0.64114
0.64523
0.648928
0.652233
0.655141
0.657652
0.659763
0.661474
0.662784
0.663691
0.664195
0.664295
0.663993
0.663287
0.662179
0.660669
0.658758
0.656446
0.653737
0.65063
0.647128
0.643234
0.638949
0.634276
0.629218
0.623778
0.617959
0.611765
0.6052
0.598267
0.590971
0.583316
0.575308
0.56695
0.558247
0.549206
0.539832
0.530129
0.520105
0.509765
0.499116
0.488163
0.476915
0.465376
0.453556
0.441459
0.429095
0.416471
0.403593
0.39047
0.377111
0.363522
0.349713
0.335692
0.321466
0.307046
0.292439
0.277654
0.262701
0.247589
0.232326
0.216922
0.201387
0.185729
0.169958
0.154085
0.138117
0.122066
0.105941
0.0897515
0.0735075
0.0572188
0.0408954
0.0245472
0.00818405
-0.00818405
-0.0245472
-0.0408954
-0.0572188
-0.0735075
-0.0897515
-0.105941
-0.122066
-0.138117
-0.154085
-0.169958
-0.185729
-0.201387
-0.216922
-0.232326
-0.247589
-0.262701
-0.277654
-0.292439
-0.307046
-0.321466
-0.335692
-0.349713
-0.363522
-0.377111
-0.39047
-0.403593
-0.416471
-0.429095
-0.441459
-0.453556
-0.465376
-0.476915
-0.488163
-0.499116
-0.509765
-0.520105
-0.530129
-0.539832
-0.549206
-0.558247
-0.56695
-0.575308
-0.583316
-0.590971
-0.598267
-0.6052
-0.611765
-0.617959
-0.623778
-0.629218
-0.634276
-0.638949
-0.643234
-0.647128
-0.65063
-0.653737
-0.656446
-0.658758
-0.660669
-0.662179
-0.663287
-0.663993
-0.664295
-0.664195
-0.663691
-0.662784
-0.661474
-0.659763
-0.657652
-0.655141
-0.652233
-0.648928
-0.64523
-0.64114
-0.63666
-0.631795
-0.626545
-0.620915
-0.614909
-0.608529
-0.601779
-0.594664
-0.587188
-0.579356
-0.571172
-0.562641
-0.553769
-0.54456
-0.535021
-0.525157
-0.514974
-0.504479
-0.493677
-0.482576
-0.471181
-0.459501
-0.447541
-0.43531
-0.422815
-0.410063
-0.397062
-0.38382
-0.370345
-0.356645
-0.342728
-0.328604
-0.31428
-0.299765
-0.285068
-0.270198
-0.255165
-0.239976
-0.224641
-0.20917
-0.193573
-0.177857
-0.162034
-0.146112
-0.130102
-0.114012
-0.0978537
-0.0816357
-0.0653681
-0.0490608
-0.0327238
-0.0163669
0
0
0.0159085
0.0318073
0.0476868
0.0635373
0.0793493
0.0951131
0.110819
0.126458
0.14202
0.157496
0.172876
0.188151
0.203312
0.21835
0.233255
0.248018
0.262631
0.277084
0.29137
0.305478
0.319401
0.33313
0.346656
0.359972
0.37307
0.385941
0.398578
0.410973
0.423119
0.435007
0.446632
0.457985
0.46906
0.479851
0.49035
0.500551
0.510449
0.520037
0.529309
0.538259
0.546883
0.555175
0.56313
0.570743
0.578009
0.584925
0.591485
0.597687
0.603525
0.608997
0.6141
0.618829
0.623183
0.627159
0.630754
0.633966
0.636793
0.639233
0.641285
0.642948
0.644221
0.645103
0.645593
0.645691
0.645397
0.644711
0.643633
0.642166
0.640308
0.638061
0.635427
0.632408
0.629004
0.625219
0.621053
0.616511
0.611595
0.606307
0.600652
0.594631
0.58825
0.581511
0.57442
0.566979
0.559195
0.551071
0.542612
0.533825
0.524713
0.515282
0.505539
0.495488
0.485137
0.474491
0.463558
0.452343
0.440853
0.429095
0.417078
0.404806
0.39229
0.379535
0.366549
0.353341
0.339919
0.32629
0.312463
0.298446
0.284249
0.269878
0.255344
0.240655
0.225819
0.210847
0.195747
0.180527
0.165198
0.149769
0.134249
0.118648
0.102974
0.0872378
0.0714487
0.0556163
0.03975
0.0238597
0.00795484
-0.00795484
-0.0238597
-0.03975
-0.0556163
-0.0714487
-0.0872378
-0.102974
-0.118648
-0.134249
-0.149769
-0.165198
-0.180527
-0.195747
-0.210847
-0.225819
-0.240655
-0.255344
-0.269878
-0.284249
-0.298446
-0.312463
-0.32629
-0.339919
-0.353341
-0.366549
-0.379535
-0.39229
-0.404806
-0.417078
-0.429095
-0.440853
-0.452343
-0.463558
-0.474491
-0.485137
-0.495488
-0.505539
-0.515282
-0.524713
-0.533825
-0.542612
-0.551071
-0.559195
-0.566979
-0.57442
-0.581511
-0.58825
-0.594631
-0.600652
-0.606307
-0.611595
-0.616511
-0.621053
-0.625219
-0.629004
-0.632408
-0.635427
-0.638061
-0.640308
-0.642166
-0.643633
-0.644711
-0.645397
-0.645691
-0.645593
-0.645103
-0.644221
-0.642948
-0.641285
-0.639233
-0.636793
-0.633966
-0.630754
-0.627159
-0.623183
-0.618829
-0.6141
-0.608997
-0.603525
-0.597687
-0.591485
-0.584925
-0.578009
-0.570743
-0.56313
-0.555175
-0.546883
-0.538259
-0.529309
-0.520037
-0.510449
-0.500551
-0.49035
-0.479851
-0.46906
-0.457985
-0.446632
-0.435007
-0.423119
-0.410973
-0.398578
-0.385941
-0.37307
-0.359972
-0.346656
-0.33313
-0.319401
-0.305478
-0.29137
-0.277084
-0.262631
-0.248018
-0.233255
-0.21835
-0.203312
-0.188151
-0.172876
-0.157496
-0.14202
-0.126458
-0.110819
-0.0951131
-0.0793493
-0.0635373
-0.0476868
-0.0318073
-0.0159085
0
0
0.0154404
0.0308715
0.0462838
0.061668
0.0770148
0.0923148
0.107559
0.122737
0.137842
0.152862
0.16779
0.182616
0.19733
0.211926
0.226392
0.240721
0.254904
0.268932
0.282797
0.29649
0.310004
0.323329
0.336457
0.349382
0.362094
0.374587
0.386852
0.398882
0.41067
0.422209
0.433491
0.44451
0.45526
0.465733
0.475923
0.485825
0.495431
0.504737
0.513736
0.522423
0.530793
0.538841
0.546562
0.553951
0.561004
0.567716
0.574083
0.580102
0.585769
0.59108
0.596032
0.600623
0.604848
0.608707
0.612196
0.615314
0.618057
0.620426
0.622418
0.624032
0.625267
0.626123
0.626598
0.626694
0.626408
0.625743
0.624697
0.623272
0.621469
0.619289
0.616732
0.613801
0.610498
0.606824
0.602781
0.598373
0.593601
0.588469
0.58298
0.577136
0.570943
0.564403
0.55752
0.550298
0.542743
0.534858
0.526648
0.518119
0.509275
0.500122
0.490665
0.48091
0.470864
0.460531
0.449919
0.439034
0.427882
0.416471
0.404807
0.392897
0.380748
0.368368
0.355765
0.342945
0.329918
0.31669
0.30327
0.289666
0.275886
0.261938
0.247831
0.233574
0.219176
0.204644
0.189987
0.175216
0.160338
0.145363
0.130299
0.115157
0.0999443
0.0846712
0.0693466
0.05398
0.0385806
0.0231577
0.0077208
-0.0077208
-0.0231577
-0.0385806
-0.05398
-0.0693466
-0.0846712
-0.0999443
-0.115157
-0.130299
-0.145363
-0.160338
-0.175216
-0.189987
-0.204644
-0.219176
-0.233574
-0.247831
-0.261938
-0.275886
-0.289666
-0.30327
-0.31669
-0.329918
-0.342945
-0.355765
-0.368368
-0.380748
-0.392897
-0.404807
-0.416471
-0.427882
-0.439034
-0.449919
-0.460531
-0.470864
-0.48091
-0.490665
-0.500122
-0.509275
-0.518119
-0.526648
-0.534858
-0.542743
-0.550298
-0.55752
-0.564403
-0.570943
-0.577136
-0.58298
-0.588469
-0.593601
-0.598373
-0.602781
-0.606824
-0.610498
-0.613801
-0.616732
-0.619289
-0.621469
-0.623272
-0.624697
-0.625743
-0.626408
-0.626694
-0.626598
-0.626123
-0.625267
-0.624032
-0.622418
-0.620426
-0.618057
-0.615314
-0.612196
-0.608707
-0.604848
-0.600623
-0.596032
-0.59108
-0.585769
-0.580102
-0.574083
-0.567716
-0.561004
-0.553951
-0.546562
-0.538841
-0.530793
-0.522423
-0.513736
-0.504737
-0.495431
-0.485825
-0.475923
-0.465733
-0.45526
-0.44451
-0.433491
-0.422209
-0.41067
-0.398882
-0.386852
-0.374587
-0.362094
-0.349382
-0.336457
-0.323329
-0.310004
-0.29649
-0.282797
-0.268932
-0.254904
-0.240721
-0.226392
-0.211926
-0.19733
-0.182616
-0.16779
-0.152862
-0.137842
-0.122737
-0.107559
-0.0923148
-0.0770148
-0.061668
-0.0462838
-0.0308715
-0.0154404
0
0
0.014963
0.0299169
0.0448527
0.0597612
0.0746335
0.0894604
0.104233
0.118942
0.13358
0.148136
0.162602
0.176969
0.191229
0.205373
0.219392
0.233278
0.247022
0.260617
0.274053
0.287323
0.300418
0.313331
0.326054
0.338579
0.350898
0.363004
0.37489
0.386548
0.397972
0.409154
0.420088
0.430766
0.441183
0.451332
0.461208
0.470803
0.480112
0.48913
0.497851
0.50627
0.514381
0.52218
0.529662
0.536823
0.543657
0.550162
0.556333
0.562165
0.567657
0.572804
0.577603
0.582051
0.586147
0.589886
0.593267
0.596288
0.598947
0.601242
0.603173
0.604737
0.605934
0.606763
0.607224
0.607316
0.60704
0.606395
0.605381
0.604001
0.602253
0.60014
0.597663
0.594823
0.591621
0.588061
0.584143
0.579871
0.575247
0.570274
0.564954
0.559291
0.553289
0.546951
0.540281
0.533283
0.525961
0.51832
0.510364
0.502099
0.493528
0.484658
0.475494
0.466041
0.456305
0.446292
0.436008
0.425459
0.414652
0.403594
0.39229
0.380748
0.368975
0.356978
0.344765
0.332342
0.319717
0.306898
0.293893
0.280709
0.267355
0.253839
0.240168
0.226352
0.212399
0.198316
0.184113
0.169798
0.15538
0.140868
0.126271
0.111596
0.0968541
0.0820531
0.0672024
0.0523109
0.0373876
0.0224417
0.00748207
-0.00748207
-0.0224417
-0.0373876
-0.0523109
-0.0672024
-0.0820531
-0.0968541
-0.111596
-0.126271
-0.140868
-0.15538
-0.169798
-0.184113
-0.198316
-0.212399
-0.226352
-0.240168
-0.253839
-0.267355
-0.280709
-0.293893
-0.306898
-0.319717
-0.332342
-0.344765
-0.356978
-0.368975
-0.380748
-0.39229
-0.403594
-0.414652
-0.425459
-0.436008
-0.446292
-0.456305
-0.466041
-0.475494
-0.484658
-0.493528
-0.502099
-0.510364
-0.51832
-0.525961
-0.533283
-0.540281
-0.546951
-0.553289
-0.559291
-0.564954
-0.570274
-0.575247
-0.579871
-0.584143
-0.588061
-0.591621
-0.594823
-0.597663
-0.60014
-0.602253
-0.604001
-0.605381
-0.606395
-0.60704
-0.607316
-0.607224
-0.606763
-0.605934
-0.604737
-0.603173
-0.601242
-0.598947
-0.596288
-0.593267
-0.589886
-0.586147
-0.582051
-0.577603
-0.572804
-0.567657
-0.562165
-0.556333
-0.550162
-0.543657
-0.536823
-0.529662
-0.52218
-0.514381
-0.50627
-0.497851
-0.48913
-0.480112
-0.470803
-0.461208
-0.451332
-0.441183
-0.430766
-0.420088
-0.409154
-0.397972
-0.386548
-0.37489
-0.363004
-0.350898
-0.338579
-0.326054
-0.313331
-0.300418
-0.287323
-0.274053
-0.260617
-0.247022
-0.233278
-0.219392
-0.205373
-0.191229
-0.176969
-0.162602
-0.148136
-0.13358
-0.118942
-0.104233
-0.0894604
-0.0746335
-0.0597612
-0.0448527
-0.0299169
-0.014963
0
0
0.0144765
0.0289442
0.0433944
0.0578181
0.0722068
0.0865517
0.100844
0.115075
0.129236
0.143319
0.157315
0.171215
0.185011
0.198695
0.212259
0.225693
0.238991
0.252143
0.265142
0.277981
0.29065
0.303144
0.315453
0.32757
0.339489
0.351202
0.362701
0.37398
0.385032
0.395851
0.406429
0.41676
0.426839
0.436658
0.446212
0.455495
0.464502
0.473227
0.481664
0.489809
0.497657
0.505202
0.512441
0.519369
0.525981
0.532274
0.538244
0.543887
0.5492
0.55418
0.558823
0.563127
0.567089
0.570706
0.573978
0.5769
0.579473
0.581694
0.583561
0.585075
0.586233
0.587035
0.587481
0.58757
0.587302
0.586678
0.585698
0.584362
0.582672
0.580627
0.578231
0.575483
0.572385
0.568941
0.565151
0.561017
0.556544
0.551732
0.546585
0.541107
0.5353
0.529168
0.522715
0.515944
0.50886
0.501467
0.49377
0.485773
0.477482
0.4689
0.460033
0.450888
0.441468
0.431781
0.421832
0.411626
0.40117
0.390471
0.379535
0.368369
0.356978
0.345372
0.333555
0.321536
0.309322
0.29692
0.284337
0.271582
0.258662
0.245586
0.23236
0.218993
0.205493
0.191868
0.178127
0.164277
0.150328
0.136288
0.122165
0.107968
0.093705
0.0793853
0.0650174
0.0506101
0.036172
0.021712
0.0072388
-0.0072388
-0.021712
-0.036172
-0.0506101
-0.0650174
-0.0793853
-0.093705
-0.107968
-0.122165
-0.136288
-0.150328
-0.164277
-0.178127
-0.191868
-0.205493
-0.218993
-0.23236
-0.245586
-0.258662
-0.271582
-0.284337
-0.29692
-0.309322
-0.321536
-0.333555
-0.345372
-0.356978
-0.368369
-0.379535
-0.390471
-0.40117
-0.411626
-0.421832
-0.431781
-0.441468
-0.450888
-0.460033
-0.4689
-0.477482
-0.485773
-0.49377
-0.501467
-0.50886
-0.515944
-0.522715
-0.529168
-0.5353
-0.541107
-0.546585
-0.551732
-0.556544
-0.561017
-0.565151
-0.568941
-0.572385
-0.575483
-0.578231
-0.580627
-0.582672
-0.584362
-0.585698
-0.586678
-0.587302
-0.58757
-0.587481
-0.587035
-0.586233
-0.585075
-0.583561
-0.581694
-0.579473
-0.5769
-0.573978
-0.570706
-0.567089
-0.563127
-0.558823
-0.55418
-0.5492
-0.543887
-0.538244
-0.532274
-0.525981
-0.519369
-0.512441
-0.505202
-0.497657
-0.489809
-0.481664
-0.473227
-0.464502
-0.455495
-0.446212
-0.436658
-0.426839
-0.41676
-0.406429
-0.395851
-0.385032
-0.37398
-0.362701
-0.351202
-0.339489
-0.32757
-0.315453
-0.303144
-0.29065
-0.277981
-0.265142
-0.252143
-0.238991
-0.225693
-0.212259
-0.198695
-0.185011
-0.171215
-0.157315
-0.143319
-0.129236
-0.115075
-0.100844
-0.0865517
-0.0722068
-0.0578181
-0.0433944
-0.0289442
-0.0144765
0
0
0.0139812
0.0279539
0.0419097
0.05584
0.0697364
0.0835905
0.0973938
0.111138
0.124815
0.138416
0.151933
0.165357
0.178682
0.191897
0.204997
0.217972
0.230814
0.243516
0.256071
0.26847
0.280706
0.292772
0.30466
0.316363
0.327874
0.339186
0.350292
0.361185
0.371859
0.382307
0.392524
0.402501
0.412235
0.421718
0.430946
0.439911
0.44861
0.457036
0.465185
0.473051
0.48063
0.487917
0.494909
0.501599
0.507985
0.514063
0.519829
0.525279
0.53041
0.535219
0.539704
0.54386
0.547687
0.551181
0.55434
0.557163
0.559647
0.561792
0.563596
0.565057
0.566176
0.56695
0.567381
0.567467
0.567209
0.566606
0.565659
0.564369
0.562736
0.560762
0.558447
0.555793
0.552802
0.549475
0.545815
0.541823
0.537502
0.532855
0.527885
0.522594
0.516985
0.511063
0.504831
0.498292
0.49145
0.484311
0.476877
0.469153
0.461145
0.452857
0.444294
0.435461
0.426364
0.417008
0.407399
0.397543
0.387445
0.377112
0.36655
0.355765
0.344765
0.333555
0.322143
0.310535
0.298739
0.286761
0.274609
0.262291
0.249813
0.237183
0.22441
0.2115
0.198462
0.185304
0.172032
0.158657
0.145185
0.131625
0.117985
0.104274
0.090499
0.0766692
0.062793
0.0488785
0.0349345
0.0209692
0.00699113
-0.00699113
-0.0209692
-0.0349345
-0.0488785
-0.062793
-0.0766692
-0.090499
-0.104274
-0.117985
-0.131625
-0.145185
-0.158657
-0.172032
-0.185304
-0.198462
-0.2115
-0.22441
-0.237183
-0.249813
-0.262291
-0.274609
-0.286761
-0.298739
-0.310535
-0.322143
-0.333555
-0.344765
-0.355765
-0.36655
-0.377112
-0.387445
-0.397543
-0.407399
-0.417008
-0.426364
-0.435461
-0.444294
-0.452857
-0.461145
-0.469153
-0.476877
-0.484311
-0.49145
-0.498292
-0.504831
-0.511063
-0.516985
-0.522594
-0.527885
-0.532855
-0.537502
-0.541823
-0.545815
-0.549475
-0.552802
-0.555793
-0.558447
-0.560762
-0.562736
-0.564369
-0.565659
-0.566606
-0.567209
-0.567467
-0.567381
-0.56695
-0.566176
-0.565057
-0.563596
-0.561792
-0.559647
-0.557163
-0.55434
-0.551181
-0.547687
-0.54386
-0.539704
-0.535219
-0.53041
-0.525279
-0.519829
-0.514063
-0.507985
-0.501599
-0.494909
-0.487917
-0.48063
-0.473051
-0.465185
-0.457036
-0.44861
-0.439911
-0.430946
-0.421718
-0.412235
-0.402501
-0.392524
-0.382307
-0.371859
-0.361185
-0.350292
-0.339186
-0.327874
-0.316363
-0.30466
-0.292772
-0.280706
-0.26847
-0.256071
-0.243516
-0.230814
-0.217972
-0.204997
-0.191897
-0.178682
-0.165357
-0.151933
-0.138416
-0.124815
-0.111138
-0.0973938
-0.0835905
-0.0697364
-0.05584
-0.0419097
-0.0279539
-0.0139812
0
0
0.0134774
0.0269467
0.0403996
0.0538279
0.0672236
0.0805785
0.0938844
0.107133
0.120317
0.133428
0.146458
0.159399
0.172243
0.184983
0.19761
0.210117
0.222497
0.234742
0.246844
0.258796
0.270592
0.282223
0.293682
0.304964
0.31606
0.326964
0.33767
0.348171
0.35846
0.368532
0.37838
0.387998
0.397381
0.406523
0.415417
0.42406
0.432445
0.440568
0.448423
0.456006
0.463312
0.470337
0.477076
0.483525
0.489681
0.49554
0.501098
0.506352
0.511298
0.515934
0.520257
0.524263
0.527952
0.53132
0.534366
0.537087
0.539482
0.541549
0.543288
0.544697
0.545775
0.546522
0.546937
0.54702
0.546771
0.54619
0.545277
0.544034
0.54246
0.540556
0.538325
0.535767
0.532883
0.529676
0.526148
0.5223
0.518135
0.513655
0.508864
0.503763
0.498357
0.492648
0.48664
0.480337
0.473742
0.46686
0.459694
0.452249
0.444529
0.43654
0.428285
0.419771
0.411001
0.401982
0.39272
0.383218
0.373484
0.363524
0.353342
0.342946
0.332342
0.321536
0.310535
0.299346
0.287974
0.276428
0.264714
0.252839
0.240811
0.228637
0.216324
0.203879
0.191311
0.178627
0.165834
0.15294
0.139954
0.126882
0.113734
0.100517
0.0872381
0.0739067
0.0605304
0.0471173
0.0336757
0.0202136
0.00673923
-0.00673923
-0.0202136
-0.0336757
-0.0471173
-0.0605304
-0.0739067
-0.0872381
-0.100517
-0.113734
-0.126882
-0.139954
-0.15294
-0.165834
-0.178627
-0.191311
-0.203879
-0.216324
-0.228637
-0.240811
-0.252839
-0.264714
-0.276428
-0.287974
-0.299346
-0.310535
-0.321536
-0.332342
-0.342946
-0.353342
-0.363524
-0.373484
-0.383218
-0.39272
-0.401982
-0.411001
-0.419771
-0.428285
-0.43654
-0.444529
-0.452249
-0.459694
-0.46686
-0.473742
-0.480337
-0.48664
-0.492648
-0.498357
-0.503763
-0.508864
-0.513655
-0.518135
-0.5223
-0.526148
-0.529676
-0.532883
-0.535767
-0.538325
-0.540556
-0.54246
-0.544034
-0.545277
-0.54619
-0.546771
-0.54702
-0.546937
-0.546522
-0.545775
-0.544697
-0.543288
-0.541549
-0.539482
-0.537087
-0.534366
-0.53132
-0.527952
-0.524263
-0.520257
-0.515934
-0.511298
-0.506352
-0.501098
-0.49554
-0.489681
-0.483525
-0.477076
-0.470337
-0.463312
-0.456006
-0.448423
-0.440568
-0.432445
-0.42406
-0.415417
-0.406523
-0.397381
-0.387998
-0.37838
-0.368532
-0.35846
-0.348171
-0.33767
-0.326964
-0.31606
-0.304964
-0.293682
-0.282223
-0.270592
-0.258796
-0.246844
-0.234742
-0.222497
-0.210117
-0.19761
-0.184983
-0.172243
-0.159399
-0.146458
-0.133428
-0.120317
-0.107133
-0.0938844
-0.0805785
-0.0672236
-0.0538279
-0.0403996
-0.0269467
-0.0134774
0
0
0.0129655
0.0259231
0.0388649
0.0517832
0.06467
0.0775176
0.0903181
0.103064
0.115747
0.12836
0.140895
0.153344
0.1657
0.177956
0.190104
0.202136
0.214045
0.225825
0.237467
0.248966
0.260313
0.271502
0.282526
0.293379
0.304054
0.314544
0.324843
0.334945
0.344843
0.354533
0.364007
0.37326
0.382286
0.39108
0.399637
0.407951
0.416018
0.423832
0.431389
0.438684
0.445712
0.45247
0.458953
0.465158
0.47108
0.476716
0.482063
0.487117
0.491876
0.496335
0.500494
0.504349
0.507897
0.511137
0.514067
0.516685
0.518989
0.520978
0.52265
0.524006
0.525043
0.525761
0.526161
0.52624
0.526001
0.525442
0.524564
0.523368
0.521853
0.520022
0.517876
0.515415
0.512641
0.509556
0.506161
0.502459
0.498452
0.494143
0.489534
0.484627
0.479426
0.473934
0.468154
0.462091
0.455746
0.449125
0.442231
0.435069
0.427643
0.419957
0.412016
0.403825
0.395389
0.386712
0.377801
0.368661
0.359297
0.349715
0.33992
0.329919
0.319718
0.309322
0.298739
0.287975
0.277035
0.265928
0.254659
0.243235
0.231664
0.219952
0.208106
0.196135
0.184044
0.171841
0.159534
0.14713
0.134637
0.122063
0.109414
0.0966983
0.0839242
0.0710992
0.058231
0.0453275
0.0323965
0.0194457
0.00648323
-0.00648323
-0.0194457
-0.0323965
-0.0453275
-0.058231
-0.0710992
-0.0839242
-0.0966983
-0.109414
-0.122063
-0.134637
-0.14713
-0.159534
-0.171841
-0.184044
-0.196135
-0.208106
-0.219952
-0.231664
-0.243235
-0.254659
-0.265928
-0.277035
-0.287975
-0.298739
-0.309322
-0.319718
-0.329919
-0.33992
-0.349715
-0.359297
-0.368661
-0.377801
-0.386712
-0.395389
-0.403825
-0.412016
-0.419957
-0.427643
-0.435069
-0.442231
-0.449125
-0.455746
-0.462091
-0.468154
-0.473934
-0.479426
-0.484627
-0.489534
-0.494143
-0.498452
-0.502459
-0.506161
-0.509556
-0.512641
-0.515415
-0.517876
-0.520022
-0.521853
-0.523368
-0.524564
-0.525442
-0.526001
-0.52624
-0.526161
-0.525761
-0.525043
-0.524006
-0.52265
-0.520978
-0.518989
-0.516685
-0.514067
-0.511137
-0.507897
-0.504349
-0.500494
-0.496335
-0.491876
-0.487117
-0.482063
-0.476716
-0.47108
-0.465158
-0.458953
-0.45247
-0.445712
-0.438684
-0.431389
-0.423832
-0.416018
-0.407951
-0.399637
-0.39108
-0.382286
-0.37326
-0.364007
-0.354533
-0.344843
-0.334945
-0.324843
-0.314544
-0.304054
-0.293379
-0.282526
-0.271502
-0.260313
-0.248966
-0.237467
-0.225825
-0.214045
-0.202136
-0.190104
-0.177956
-0.1657
-0.153344
-0.140895
-0.12836
-0.115747
-0.103064
-0.0903181
-0.0775176
-0.06467
-0.0517832
-0.0388649
-0.0259231
-0.0129655
0
0
0.0124456
0.0248837
0.0373067
0.049707
0.0620772
0.0744096
0.0866969
0.0989316
0.111106
0.123213
0.135246
0.147196
0.159057
0.170821
0.182482
0.194031
0.205463
0.216771
0.227946
0.238984
0.249876
0.260616
0.271199
0.281616
0.291863
0.301933
0.311819
0.321516
0.331017
0.340318
0.349412
0.358294
0.366959
0.3754
0.383614
0.391595
0.399338
0.406839
0.414093
0.421095
0.427842
0.434329
0.440552
0.446508
0.452193
0.457603
0.462735
0.467587
0.472155
0.476436
0.480427
0.484127
0.487534
0.490644
0.493456
0.495969
0.49818
0.50009
0.501695
0.502996
0.503992
0.504682
0.505065
0.505142
0.504912
0.504375
0.503532
0.502384
0.50093
0.499173
0.497112
0.49475
0.492087
0.489126
0.485867
0.482314
0.478468
0.474331
0.469906
0.465196
0.460204
0.454932
0.449384
0.443564
0.437474
0.431118
0.424501
0.417626
0.410497
0.403119
0.395497
0.387634
0.379536
0.371208
0.362654
0.35388
0.344891
0.335693
0.326291
0.316691
0.306899
0.29692
0.286762
0.276429
0.265928
0.255266
0.244448
0.233483
0.222375
0.211133
0.199763
0.188271
0.176665
0.164951
0.153138
0.141231
0.129239
0.117169
0.105027
0.0928213
0.0805594
0.0682486
0.0558963
0.0435102
0.0310976
0.0186661
0.00622329
-0.00622329
-0.0186661
-0.0310976
-0.0435102
-0.0558963
-0.0682486
-0.0805594
-0.0928213
-0.105027
-0.117169
-0.129239
-0.141231
-0.153138
-0.164951
-0.176665
-0.188271
-0.199763
-0.211133
-0.222375
-0.233483
-0.244448
-0.255266
-0.265928
-0.276429
-0.286762
-0.29692
-0.306899
-0.316691
-0.326291
-0.335693
-0.344891
-0.35388
-0.362654
-0.371208
-0.379536
-0.387634
-0.395497
-0.403119
-0.410497
-0.417626
-0.424501
-0.431118
-0.437474
-0.443564
-0.449384
-0.454932
-0.460204
-0.465196
-0.469906
-0.474331
-0.478468
-0.482314
-0.485867
-0.489126
-0.492087
-0.49475
-0.497112
-0.499173
-0.50093
-0.502384
-0.503532
-0.504375
-0.504912
-0.505142
-0.505065
-0.504682
-0.503992
-0.502996
-0.501695
-0.50009
-0.49818
-0.495969
-0.493456
-0.490644
-0.487534
-0.484127
-0.480427
-0.476436
-0.472155
-0.467587
-0.462735
-0.457603
-0.452193
-0.446508
-0.440552
-0.434329
-0.427842
-0.421095
-0.414093
-0.406839
-0.399338
-0.391595
-0.383614
-0.3754
-0.366959
-0.358294
-0.349412
-0.340318
-0.331017
-0.321516
-0.311819
-0.301933
-0.291863
-0.281616
-0.271199
-0.260616
-0.249876
-0.238984
-0.227946
-0.216771
-0.205463
-0.194031
-0.182482
-0.170821
-0.159057
-0.147196
-0.135246
-0.123213
-0.111106
-0.0989316
-0.0866969
-0.0744096
-0.0620772
-0.049707
-0.0373067
-0.0248837
-0.0124456
0
0
0.0119182
0.0238293
0.0357258
0.0476007
0.0594466
0.0712565
0.0830231
0.0947393
0.106398
0.117992
0.129515
0.140958
0.152317
0.163582
0.174749
0.185809
0.196757
0.207585
0.218287
0.228857
0.239287
0.249573
0.259707
0.269683
0.279495
0.289138
0.298605
0.307891
0.31699
0.325897
0.334606
0.343111
0.351409
0.359493
0.367358
0.375001
0.382416
0.389599
0.396546
0.403251
0.409712
0.415924
0.421884
0.427587
0.433031
0.438212
0.443127
0.447773
0.452147
0.456246
0.460069
0.463612
0.466874
0.469853
0.472546
0.474952
0.47707
0.478898
0.480436
0.481682
0.482635
0.483296
0.483663
0.483736
0.483516
0.483002
0.482195
0.481095
0.479703
0.47802
0.476047
0.473785
0.471235
0.468399
0.465279
0.461876
0.458192
0.454231
0.449994
0.445484
0.440703
0.435654
0.430342
0.424768
0.418936
0.412849
0.406512
0.399929
0.393102
0.386037
0.378737
0.371208
0.363453
0.355478
0.347286
0.338884
0.330276
0.321468
0.312465
0.303271
0.293894
0.284338
0.27461
0.264715
0.254659
0.244449
0.23409
0.223589
0.212952
0.202186
0.191298
0.180293
0.169179
0.157962
0.146649
0.135247
0.123763
0.112204
0.100576
0.0888879
0.0771456
0.0653565
0.0535277
0.0416664
0.0297798
0.0178751
0.00595958
-0.00595958
-0.0178751
-0.0297798
-0.0416664
-0.0535277
-0.0653565
-0.0771456
-0.0888879
-0.100576
-0.112204
-0.123763
-0.135247
-0.146649
-0.157962
-0.169179
-0.180293
-0.191298
-0.202186
-0.212952
-0.223589
-0.23409
-0.244449
-0.254659
-0.264715
-0.27461
-0.284338
-0.293894
-0.303271
-0.312465
-0.321468
-0.330276
-0.338884
-0.347286
-0.355478
-0.363453
-0.371208
-0.378737
-0.386037
-0.393102
-0.399929
-0.406512
-0.412849
-0.418936
-0.424768
-0.430342
-0.435654
-0.440703
-0.445484
-0.449994
-0.454231
-0.458192
-0.461876
-0.465279
-0.468399
-0.471235
-0.473785
-0.476047
-0.47802
-0.479703
-0.481095
-0.482195
-0.483002
-0.483516
-0.483736
-0.483663
-0.483296
-0.482635
-0.481682
-0.480436
-0.478898
-0.47707
-0.474952
-0.472546
-0.469853
-0.466874
-0.463612
-0.460069
-0.456246
-0.452147
-0.447773
-0.443127
-0.438212
-0.433031
-0.427587
-0.421884
-0.415924
-0.409712
-0.403251
-0.396546
-0.389599
-0.382416
-0.375001
-0.367358
-0.359493
-0.351409
-0.343111
-0.334606
-0.325897
-0.31699
-0.307891
-0.298605
-0.289138
-0.279495
-0.269683
-0.259707
-0.249573
-0.239287
-0.228857
-0.218287
-0.207585
-0.196757
-0.185809
-0.174749
-0.163582
-0.152317
-0.140958
-0.129515
-0.117992
-0.106398
-0.0947393
-0.0830231
-0.0712565
-0.0594466
-0.0476007
-0.0357258
-0.0238293
-0.0119182
0
0
0.0113836
0.0227603
0.0341232
0.0454654
0.05678
0.0680601
0.0792989
0.0904895
0.101625
0.112699
0.123705
0.134635
0.145484
0.156245
0.16691
0.177474
0.187931
0.198273
0.208495
0.218591
0.228554
0.238378
0.248057
0.257586
0.266958
0.276168
0.285211
0.29408
0.302771
0.311278
0.319596
0.32772
0.335645
0.343367
0.35088
0.35818
0.365262
0.372123
0.378757
0.385162
0.391333
0.397267
0.402959
0.408407
0.413606
0.418555
0.423249
0.427687
0.431865
0.43578
0.439431
0.442816
0.445931
0.448776
0.451348
0.453647
0.45567
0.457416
0.458885
0.460075
0.460985
0.461616
0.461967
0.462037
0.461826
0.461336
0.460565
0.459514
0.458185
0.456577
0.454693
0.452532
0.450096
0.447388
0.444407
0.441157
0.437639
0.433855
0.429808
0.4255
0.420934
0.416112
0.411038
0.405714
0.400143
0.39433
0.388277
0.381989
0.375469
0.36872
0.361748
0.354557
0.34715
0.339532
0.331708
0.323683
0.315461
0.307048
0.298448
0.289667
0.280711
0.271584
0.262292
0.25284
0.243236
0.233483
0.223589
0.213559
0.2034
0.193117
0.182716
0.172205
0.16159
0.150876
0.14007
0.12918
0.118211
0.10717
0.0960647
0.0849007
0.0736851
0.0624248
0.0511266
0.0397973
0.0284439
0.0170733
0.00569224
-0.00569224
-0.0170733
-0.0284439
-0.0397973
-0.0511266
-0.0624248
-0.0736851
-0.0849007
-0.0960647
-0.10717
-0.118211
-0.12918
-0.14007
-0.150876
-0.16159
-0.172205
-0.182716
-0.193117
-0.2034
-0.213559
-0.223589
-0.233483
-0.243236
-0.25284
-0.262292
-0.271584
-0.280711
-0.289667
-0.298448
-0.307048
-0.315461
-0.323683
-0.331708
-0.339532
-0.34715
-0.354557
-0.361748
-0.36872
-0.375469
-0.381989
-0.388277
-0.39433
-0.400143
-0.405714
-0.411038
-0.416112
-0.420934
-0.4255
-0.429808
-0.433855
-0.437639
-0.441157
-0.444407
-0.447388
-0.450096
-0.452532
-0.454693
-0.456577
-0.458185
-0.459514
-0.460565
-0.461336
-0.461826
-0.462037
-0.461967
-0.461616
-0.460985
-0.460075
-0.458885
-0.457416
-0.45567
-0.453647
-0.451348
-0.448776
-0.445931
-0.442816
-0.439431
-0.43578
-0.431865
-0.427687
-0.423249
-0.418555
-0.413606
-0.408407
-0.402959
-0.397267
-0.391333
-0.385162
-0.378757
-0.372123
-0.365262
-0.35818
-0.35088
-0.343367
-0.335645
-0.32772
-0.319596
-0.311278
-0.302771
-0.29408
-0.285211
-0.276168
-0.266958
-0.257586
-0.248057
-0.238378
-0.228554
-0.218591
-0.208495
-0.198273
-0.187931
-0.177474
-0.16691
-0.156245
-0.145484
-0.134635
-0.123705
-0.112699
-0.101625
-0.0904895
-0.0792989
-0.0680601
-0.05678
-0.0454654
-0.0341232
-0.0227603
-0.0113836
0
0
0.0108421
0.0216776
0.0324999
0.0433026
0.0540789
0.0648224
0.0755265
0.0861848
0.0967908
0.107338
0.11782
0.128231
0.138563
0.148812
0.15897
0.169032
0.178991
0.188841
0.198577
0.208192
0.217681
0.227038
0.236256
0.245332
0.254258
0.26303
0.271643
0.28009
0.288368
0.29647
0.304393
0.31213
0.319678
0.327032
0.334188
0.34114
0.347886
0.35442
0.360739
0.36684
0.372717
0.378368
0.38379
0.388978
0.39393
0.398644
0.403115
0.407341
0.41132
0.41505
0.418527
0.42175
0.424718
0.427427
0.429877
0.432066
0.433993
0.435656
0.437055
0.438188
0.439056
0.439656
0.43999
0.440057
0.439857
0.439389
0.438655
0.437655
0.436389
0.434857
0.433062
0.431004
0.428685
0.426105
0.423266
0.420171
0.41682
0.413216
0.409362
0.405259
0.40091
0.396317
0.391484
0.386413
0.381108
0.375571
0.369806
0.363817
0.357607
0.35118
0.344539
0.33769
0.330635
0.32338
0.315928
0.308285
0.300454
0.292441
0.284251
0.275888
0.267357
0.258664
0.249814
0.240812
0.231665
0.222376
0.212953
0.2034
0.193724
0.18393
0.174024
0.164013
0.153903
0.143698
0.133407
0.123035
0.112588
0.102072
0.0914948
0.0808618
0.0701798
0.0594552
0.0486944
0.0379041
0.0270908
0.0162611
0.00542146
-0.00542146
-0.0162611
-0.0270908
-0.0379041
-0.0486944
-0.0594552
-0.0701798
-0.0808618
-0.0914948
-0.102072
-0.112588
-0.123035
-0.133407
-0.143698
-0.153903
-0.164013
-0.174024
-0.18393
-0.193724
-0.2034
-0.212953
-0.222376
-0.231665
-0.240812
-0.249814
-0.258664
-0.267357
-0.275888
-0.284251
-0.292441
-0.300454
-0.308285
-0.315928
-0.32338
-0.330635
-0.33769
-0.344539
-0.35118
-0.357607
-0.363817
-0.369806
-0.375571
-0.381108
-0.386413
-0.391484
-0.396317
-0.40091
-0.405259
-0.409362
-0.413216
-0.41682
-0.420171
-0.423266
-0.426105
-0.428685
-0.431004
-0.433062
-0.434857
-0.436389
-0.437655
-0.438655
-0.439389
-0.439857
-0.440057
-0.43999
-0.439656
-0.439056
-0.438188
-0.437055
-0.435656
-0.433993
-0.432066
-0.429877
-0.427427
-0.424718
-0.42175
-0.418527
-0.41505
-0.41132
-0.407341
-0.403115
-0.398644
-0.39393
-0.388978
-0.38379
-0.378368
-0.372717
-0.36684
-0.360739
-0.35442
-0.347886
-0.34114
-0.334188
-0.327032
-0.319678
-0.31213
-0.304393
-0.29647
-0.288368
-0.28009
-0.271643
-0.26303
-0.254258
-0.245332
-0.236256
-0.227038
-0.217681
-0.208192
-0.198577
-0.188841
-0.178991
-0.169032
-0.15897
-0.148812
-0.138563
-0.128231
-0.11782
-0.107338
-0.0967908
-0.0861848
-0.0755265
-0.0648224
-0.0540789
-0.0433026
-0.0324999
-0.0216776
-0.0108421
0
0
0.010294
0.0205817
0.0308569
0.0411134
0.051345
0.0615453
0.0717083
0.0818278
0.0918976
0.101912
0.111864
0.121748
0.131558
0.141289
0.150933
0.160486
0.169942
0.179294
0.188538
0.197667
0.206676
0.21556
0.224313
0.232929
0.241404
0.249733
0.25791
0.265931
0.27379
0.281482
0.289004
0.296351
0.303517
0.310499
0.317293
0.323894
0.330299
0.336503
0.342502
0.348294
0.353875
0.35924
0.364387
0.369314
0.374015
0.37849
0.382735
0.386748
0.390526
0.394067
0.397369
0.400429
0.403246
0.405819
0.408145
0.410223
0.412053
0.413632
0.41496
0.416036
0.416859
0.41743
0.417747
0.41781
0.41762
0.417176
0.416479
0.415529
0.414327
0.412873
0.411169
0.409215
0.407013
0.404563
0.401868
0.398929
0.395748
0.392326
0.388667
0.384771
0.380642
0.376281
0.371693
0.366878
0.361841
0.356584
0.351111
0.345425
0.339528
0.333426
0.327121
0.320618
0.31392
0.307032
0.299957
0.2927
0.285265
0.277657
0.26988
0.26194
0.253841
0.245587
0.237185
0.228638
0.219953
0.211134
0.202187
0.193117
0.18393
0.174631
0.165227
0.155722
0.146122
0.136434
0.126663
0.116815
0.106896
0.0969119
0.0868693
0.0767739
0.0666319
0.0564494
0.0462327
0.0359879
0.0257213
0.015439
0.00514738
-0.00514738
-0.015439
-0.0257213
-0.0359879
-0.0462327
-0.0564494
-0.0666319
-0.0767739
-0.0868693
-0.0969119
-0.106896
-0.116815
-0.126663
-0.136434
-0.146122
-0.155722
-0.165227
-0.174631
-0.18393
-0.193117
-0.202187
-0.211134
-0.219953
-0.228638
-0.237185
-0.245587
-0.253841
-0.26194
-0.26988
-0.277657
-0.285265
-0.2927
-0.299957
-0.307032
-0.31392
-0.320618
-0.327121
-0.333426
-0.339528
-0.345425
-0.351111
-0.356584
-0.361841
-0.366878
-0.371693
-0.376281
-0.380642
-0.384771
-0.388667
-0.392326
-0.395748
-0.398929
-0.401868
-0.404563
-0.407013
-0.409215
-0.411169
-0.412873
-0.414327
-0.415529
-0.416479
-0.417176
-0.41762
-0.41781
-0.417747
-0.41743
-0.416859
-0.416036
-0.41496
-0.413632
-0.412053
-0.410223
-0.408145
-0.405819
-0.403246
-0.400429
-0.397369
-0.394067
-0.390526
-0.386748
-0.382735
-0.37849
-0.374015
-0.369314
-0.364387
-0.35924
-0.353875
-0.348294
-0.342502
-0.336503
-0.330299
-0.323894
-0.317293
-0.310499
-0.303517
-0.296351
-0.289004
-0.281482
-0.27379
-0.265931
-0.25791
-0.249733
-0.241404
-0.232929
-0.224313
-0.21556
-0.206676
-0.197667
-0.188538
-0.179294
-0.169942
-0.160486
-0.150933
-0.141289
-0.131558
-0.121748
-0.111864
-0.101912
-0.0918976
-0.0818278
-0.0717083
-0.0615453
-0.051345
-0.0411134
-0.0308569
-0.0205817
-0.010294
0
0
0.00973961
0.0194733
0.0291952
0.0388993
0.0485799
0.0582309
0.0678466
0.0774211
0.0869486
0.0964233
0.105839
0.115191
0.124473
0.13368
0.142805
0.151844
0.16079
0.169639
0.178385
0.187022
0.195546
0.203951
0.212233
0.220385
0.228404
0.236284
0.244021
0.251609
0.259045
0.266324
0.27344
0.280391
0.287172
0.293778
0.300206
0.306452
0.312511
0.318381
0.324058
0.329537
0.334817
0.339894
0.344764
0.349425
0.353873
0.358107
0.362124
0.365921
0.369495
0.372845
0.375969
0.378865
0.38153
0.383964
0.386165
0.388131
0.389862
0.391356
0.392613
0.393631
0.39441
0.39495
0.39525
0.39531
0.39513
0.39471
0.39405
0.393152
0.392014
0.390639
0.389026
0.387178
0.385094
0.382776
0.380226
0.377445
0.374436
0.371198
0.367736
0.36405
0.360143
0.356017
0.351676
0.347121
0.342355
0.337381
0.332203
0.326822
0.321244
0.31547
0.309505
0.303352
0.297014
0.290497
0.283803
0.276937
0.269902
0.262704
0.255347
0.247834
0.240171
0.232362
0.224412
0.216325
0.208108
0.199764
0.191299
0.182717
0.174025
0.165227
0.156329
0.147336
0.138253
0.129086
0.119841
0.110524
0.101139
0.0916929
0.0821911
0.0726394
0.0630435
0.0534094
0.0437429
0.0340498
0.0243361
0.0146076
0.00487017
-0.00487017
-0.0146076
-0.0243361
-0.0340498
-0.0437429
-0.0534094
-0.0630435
-0.0726394
-0.0821911
-0.0916929
-0.101139
-0.110524
-0.119841
-0.129086
-0.138253
-0.147336
-0.156329
-0.165227
-0.174025
-0.182717
-0.191299
-0.199764
-0.208108
-0.216325
-0.224412
-0.232362
-0.240171
-0.247834
-0.255347
-0.262704
-0.269902
-0.276937
-0.283803
-0.290497
-0.297014
-0.303352
-0.309505
-0.31547
-0.321244
-0.326822
-0.332203
-0.337381
-0.342355
-0.347121
-0.351676
-0.356017
-0.360143
-0.36405
-0.367736
-0.371198
-0.374436
-0.377445
-0.380226
-0.382776
-0.385094
-0.387178
-0.389026
-0.390639
-0.392014
-0.393152
-0.39405
-0.39471
-0.39513
-0.39531
-0.39525
-0.39495
-0.39441
-0.393631
-0.392613
-0.391356
-0.389862
-0.388131
-0.386165
-0.383964
-0.38153
-0.378865
-0.375969
-0.372845
-0.369495
-0.365921
-0.362124
-0.358107
-0.353873
-0.349425
-0.344764
-0.339894
-0.334817
-0.329537
-0.324058
-0.318381
-0.312511
-0.306452
-0.300206
-0.293778
-0.287172
-0.280391
-0.27344
-0.266324
-0.259045
-0.251609
-0.244021
-0.236284
-0.228404
-0.220385
-0.212233
-0.203951
-0.195546
-0.187022
-0.178385
-0.169639
-0.16079
-0.151844
-0.142805
-0.13368
-0.124473
-0.115191
-0.105839
-0.0964233
-0.0869486
-0.0774211
-0.0678466
-0.0582309
-0.0485799
-0.0388993
-0.0291952
-0.0194733
-0.00973961
0
0
0.00917933
0.0183531
0.0275157
0.0366616
0.0457853
0.0548811
0.0639437
0.0729674
0.0819468
0.0908765
0.099751
0.108565
0.117313
0.12599
0.13459
0.143109
0.15154
0.15988
0.168123
0.176263
0.184297
0.192219
0.200024
0.207707
0.215265
0.222692
0.229983
0.237135
0.244143
0.251003
0.25771
0.264261
0.270652
0.276878
0.282936
0.288823
0.294534
0.300066
0.305416
0.310581
0.315557
0.320341
0.324931
0.329324
0.333517
0.337507
0.341292
0.344871
0.34824
0.351397
0.354341
0.35707
0.359582
0.361876
0.363951
0.365804
0.367435
0.368843
0.370027
0.370987
0.371721
0.37223
0.372513
0.372569
0.3724
0.372004
0.371382
0.370535
0.369463
0.368167
0.366647
0.364905
0.362941
0.360757
0.358353
0.355733
0.352896
0.349845
0.346581
0.343108
0.339425
0.335537
0.331445
0.327152
0.322661
0.317973
0.313092
0.308022
0.302764
0.297322
0.2917
0.285901
0.279928
0.273786
0.267477
0.261006
0.254376
0.247592
0.240658
0.233577
0.226355
0.218995
0.211502
0.203881
0.196136
0.188272
0.180294
0.172206
0.164014
0.155722
0.147336
0.13886
0.1303
0.121661
0.112948
0.104166
0.095321
0.0864182
0.077463
0.0684607
0.0594169
0.050337
0.0412266
0.0320911
0.0229361
0.0137673
0.00459001
-0.00459001
-0.0137673
-0.0229361
-0.0320911
-0.0412266
-0.050337
-0.0594169
-0.0684607
-0.077463
-0.0864182
-0.095321
-0.104166
-0.112948
-0.121661
-0.1303
-0.13886
-0.147336
-0.155722
-0.164014
-0.172206
-0.180294
-0.188272
-0.196136
-0.203881
-0.211502
-0.218995
-0.226355
-0.233577
-0.240658
-0.247592
-0.254376
-0.261006
-0.267477
-0.273786
-0.279928
-0.285901
-0.2917
-0.297322
-0.302764
-0.308022
-0.313092
-0.317973
-0.322661
-0.327152
-0.331445
-0.335537
-0.339425
-0.343108
-0.346581
-0.349845
-0.352896
-0.355733
-0.358353
-0.360757
-0.362941
-0.364905
-0.366647
-0.368167
-0.369463
-0.370535
-0.371382
-0.372004
-0.3724
-0.372569
-0.372513
-0.37223
-0.371721
-0.370987
-0.370027
-0.368843
-0.367435
-0.365804
-0.363951
-0.361876
-0.359582
-0.35707
-0.354341
-0.351397
-0.34824
-0.344871
-0.341292
-0.337507
-0.333517
-0.329324
-0.324931
-0.320341
-0.315557
-0.310581
-0.305416
-0.300066
-0.294534
-0.288823
-0.282936
-0.276878
-0.270652
-0.264261
-0.25771
-0.251003
-0.244143
-0.237135
-0.229983
-0.222692
-0.215265
-0.207707
-0.200024
-0.192219
-0.184297
-0.176263
-0.168123
-0.15988
-0.15154
-0.143109
-0.13459
-0.12599
-0.117313
-0.108565
-0.099751
-0.0908765
-0.0819468
-0.0729674
-0.0639437
-0.0548811
-0.0457853
-0.0366616
-0.0275157
-0.0183531
-0.00917933
0
0
0.00861348
0.0172217
0.0258195
0.0344016
0.0429629
0.051498
0.0600019
0.0684694
0.0768953
0.0852745
0.0936019
0.101873
0.110081
0.118223
0.126293
0.134287
0.142199
0.150025
0.157759
0.165398
0.172936
0.18037
0.187694
0.194903
0.201995
0.208964
0.215806
0.222517
0.229093
0.23553
0.241824
0.247971
0.253968
0.25981
0.265495
0.271018
0.276377
0.281569
0.286589
0.291435
0.296104
0.300594
0.304901
0.309023
0.312957
0.316702
0.320254
0.323611
0.326773
0.329736
0.332498
0.335059
0.337416
0.339569
0.341515
0.343254
0.344785
0.346106
0.347217
0.348118
0.348807
0.349284
0.34955
0.349603
0.349443
0.349072
0.348489
0.347694
0.346688
0.345472
0.344046
0.342411
0.340568
0.338518
0.336263
0.333804
0.331142
0.328279
0.325217
0.321957
0.318502
0.314853
0.311014
0.306985
0.30277
0.298372
0.293792
0.289034
0.2841
0.278994
0.273719
0.268277
0.262673
0.256909
0.250989
0.244916
0.238695
0.232329
0.225822
0.219178
0.212401
0.205495
0.198464
0.191313
0.184046
0.176666
0.16918
0.161591
0.153903
0.146123
0.138253
0.1303
0.122268
0.114161
0.105985
0.0977447
0.089445
0.081091
0.0726878
0.0642405
0.0557542
0.047234
0.0386852
0.0301129
0.0215223
0.0129186
0.00430707
-0.00430707
-0.0129186
-0.0215223
-0.0301129
-0.0386852
-0.047234
-0.0557542
-0.0642405
-0.0726878
-0.081091
-0.089445
-0.0977447
-0.105985
-0.114161
-0.122268
-0.1303
-0.138253
-0.146123
-0.153903
-0.161591
-0.16918
-0.176666
-0.184046
-0.191313
-0.198464
-0.205495
-0.212401
-0.219178
-0.225822
-0.232329
-0.238695
-0.244916
-0.250989
-0.256909
-0.262673
-0.268277
-0.273719
-0.278994
-0.2841
-0.289034
-0.293792
-0.298372
-0.30277
-0.306985
-0.311014
-0.314853
-0.318502
-0.321957
-0.325217
-0.328279
-0.331142
-0.333804
-0.336263
-0.338518
-0.340568
-0.342411
-0.344046
-0.345472
-0.346688
-0.347694
-0.348489
-0.349072
-0.349443
-0.349603
-0.34955
-0.349284
-0.348807
-0.348118
-0.347217
-0.346106
-0.344785
-0.343254
-0.341515
-0.339569
-0.337416
-0.335059
-0.332498
-0.329736
-0.326773
-0.323611
-0.320254
-0.316702
-0.312957
-0.309023
-0.304901
-0.300594
-0.296104
-0.291435
-0.286589
-0.281569
-0.276377
-0.271018
-0.265495
-0.25981
-0.253968
-0.247971
-0.241824
-0.23553
-0.229093
-0.222517
-0.215806
-0.208964
-0.201995
-0.194903
-0.187694
-0.18037
-0.172936
-0.165398
-0.157759
-0.150025
-0.142199
-0.134287
-0.126293
-0.118223
-0.110081
-0.101873
-0.0936019
-0.0852745
-0.0768953
-0.0684694
-0.0600019
-0.051498
-0.0429629
-0.0344016
-0.0258195
-0.0172217
-0.00861348
0
0
0.0080424
0.0160799
0.0241077
0.0321208
0.0401144
0.0480837
0.0560238
0.0639298
0.0717971
0.0796207
0.0873961
0.0951183
0.102783
0.110385
0.11792
0.125384
0.132771
0.140078
0.1473
0.154432
0.16147
0.168411
0.175249
0.181981
0.188603
0.19511
0.201498
0.207764
0.213904
0.219914
0.225791
0.231531
0.23713
0.242585
0.247892
0.25305
0.258053
0.2629
0.267588
0.272113
0.276472
0.280664
0.284686
0.288535
0.292208
0.295704
0.299021
0.302156
0.305107
0.307874
0.310453
0.312844
0.315045
0.317055
0.318873
0.320496
0.321925
0.323159
0.324197
0.325037
0.325681
0.326126
0.326374
0.326424
0.326275
0.325928
0.325384
0.324642
0.323702
0.322567
0.321235
0.319709
0.317988
0.316074
0.313969
0.311672
0.309187
0.306514
0.303655
0.300611
0.297385
0.293978
0.290393
0.286632
0.282697
0.27859
0.274313
0.269871
0.265264
0.260497
0.255571
0.25049
0.245257
0.239875
0.234348
0.228678
0.22287
0.216926
0.21085
0.204647
0.198319
0.191871
0.185306
0.178629
0.171843
0.164953
0.157963
0.150877
0.1437
0.136435
0.129087
0.121661
0.114161
0.106592
0.0989581
0.0912641
0.0835147
0.0757146
0.0678686
0.0599813
0.0520577
0.0441024
0.0361203
0.0281164
0.0200953
0.0120621
0.00402151
-0.00402151
-0.0120621
-0.0200953
-0.0281164
-0.0361203
-0.0441024
-0.0520577
-0.0599813
-0.0678686
-0.0757146
-0.0835147
-0.0912641
-0.0989581
-0.106592
-0.114161
-0.121661
-0.129087
-0.136435
-0.1437
-0.150877
-0.157963
-0.164953
-0.171843
-0.178629
-0.185306
-0.191871
-0.198319
-0.204647
-0.21085
-0.216926
-0.22287
-0.228678
-0.234348
-0.239875
-0.245257
-0.25049
-0.255571
-0.260497
-0.265264
-0.269871
-0.274313
-0.27859
-0.282697
-0.286632
-0.290393
-0.293978
-0.297385
-0.300611
-0.303655
-0.306514
-0.309187
-0.311672
-0.313969
-0.316074
-0.317988
-0.319709
-0.321235
-0.322567
-0.323702
-0.324642
-0.325384
-0.325928
-0.326275
-0.326424
-0.326374
-0.326126
-0.325681
-0.325037
-0.324197
-0.323159
-0.321925
-0.320496
-0.318873
-0.317055
-0.315045
-0.312844
-0.310453
-0.307874
-0.305107
-0.302156
-0.299021
-0.295704
-0.292208
-0.288535
-0.284686
-0.280664
-0.276472
-0.272113
-0.267588
-0.2629
-0.258053
-0.25305
-0.247892
-0.242585
-0.23713
-0.231531
-0.225791
-0.219914
-0.213904
-0.207764
-0.201498
-0.19511
-0.188603
-0.181981
-0.175249
-0.168411
-0.16147
-0.154432
-0.1473
-0.140078
-0.132771
-0.125384
-0.11792
-0.110385
-0.102783
-0.0951183
-0.0873961
-0.0796207
-0.0717971
-0.0639298
-0.0560238
-0.0480837
-0.0401144
-0.0321208
-0.0241077
-0.0160799
-0.0080424
0
0
0.00746644
0.0149283
0.0223812
0.0298204
0.0372416
0.0446401
0.0520116
0.0593514
0.0666553
0.0739186
0.0811371
0.0883064
0.095422
0.10248
0.109475
0.116404
0.123263
0.130046
0.136751
0.143372
0.149907
0.15635
0.162699
0.168949
0.175096
0.181137
0.187068
0.192885
0.198585
0.204165
0.209621
0.214949
0.220147
0.225212
0.230139
0.234927
0.239573
0.244073
0.248424
0.252625
0.256673
0.260564
0.264298
0.267871
0.271281
0.274527
0.277606
0.280517
0.283257
0.285825
0.28822
0.29044
0.292483
0.294349
0.296036
0.297544
0.298871
0.300016
0.300979
0.30176
0.302357
0.302771
0.303001
0.303047
0.302909
0.302587
0.302081
0.301392
0.30052
0.299466
0.29823
0.296812
0.295215
0.293438
0.291484
0.289352
0.287044
0.284563
0.281908
0.279083
0.276088
0.272925
0.269597
0.266105
0.262451
0.258638
0.254668
0.250544
0.246267
0.241841
0.237268
0.232551
0.227693
0.222697
0.217565
0.212301
0.206909
0.201391
0.19575
0.189991
0.184116
0.17813
0.172035
0.165836
0.159537
0.15314
0.146651
0.140072
0.133408
0.126664
0.119842
0.112948
0.105985
0.0989583
0.0918711
0.0847282
0.0775338
0.0702923
0.0630081
0.0556857
0.0483295
0.040944
0.0335336
0.0261028
0.0186562
0.0111982
0.0037335
-0.0037335
-0.0111982
-0.0186562
-0.0261028
-0.0335336
-0.040944
-0.0483295
-0.0556857
-0.0630081
-0.0702923
-0.0775338
-0.0847282
-0.0918711
-0.0989583
-0.105985
-0.112948
-0.119842
-0.126664
-0.133408
-0.140072
-0.146651
-0.15314
-0.159537
-0.165836
-0.172035
-0.17813
-0.184116
-0.189991
-0.19575
-0.201391
-0.206909
-0.212301
-0.217565
-0.222697
-0.227693
-0.232551
-0.237268
-0.241841
-0.246267
-0.250544
-0.254668
-0.258638
-0.262451
-0.266105
-0.269597
-0.272925
-0.276088
-0.279083
-0.281908
-0.284563
-0.287044
-0.289352
-0.291484
-0.293438
-0.295215
-0.296812
-0.29823
-0.299466
-0.30052
-0.301392
-0.302081
-0.302587
-0.302909
-0.303047
-0.303001
-0.302771
-0.302357
-0.30176
-0.300979
-0.300016
-0.298871
-0.297544
-0.296036
-0.294349
-0.292483
-0.29044
-0.28822
-0.285825
-0.283257
-0.280517
-0.277606
-0.274527
-0.271281
-0.267871
-0.264298
-0.260564
-0.256673
-0.252625
-0.248424
-0.244073
-0.239573
-0.234927
-0.230139
-0.225212
-0.220147
-0.214949
-0.209621
-0.204165
-0.198585
-0.192885
-0.187068
-0.181137
-0.175096
-0.168949
-0.162699
-0.15635
-0.149907
-0.143372
-0.136751
-0.130046
-0.123263
-0.116404
-0.109475
-0.10248
-0.095422
-0.0883064
-0.0811371
-0.0739186
-0.0666553
-0.0593514
-0.0520116
-0.0446401
-0.0372416
-0.0298204
-0.0223812
-0.0149283
-0.00746644
0
0
0.00688594
0.0137677
0.0206411
0.027502
0.0343462
0.0411695
0.0479678
0.054737
0.061473
0.0681717
0.0748289
0.0814408
0.0880032
0.0945122
0.100964
0.107354
0.113679
0.119935
0.126119
0.132225
0.138252
0.144194
0.150049
0.155813
0.161483
0.167054
0.172524
0.177889
0.183146
0.188292
0.193323
0.198238
0.203032
0.207702
0.212247
0.216662
0.220947
0.225097
0.22911
0.232984
0.236717
0.240306
0.243749
0.247045
0.25019
0.253183
0.256023
0.258707
0.261235
0.263603
0.265812
0.267859
0.269743
0.271464
0.27302
0.274411
0.275634
0.27669
0.277579
0.278299
0.27885
0.279231
0.279443
0.279486
0.279358
0.279062
0.278595
0.27796
0.277156
0.276183
0.275043
0.273736
0.272263
0.270624
0.268822
0.266856
0.264727
0.262439
0.259991
0.257385
0.254623
0.251706
0.248636
0.245416
0.242046
0.23853
0.234869
0.231065
0.227121
0.223039
0.218821
0.214471
0.20999
0.205383
0.20065
0.195795
0.190822
0.185733
0.180531
0.17522
0.169802
0.164281
0.15866
0.152943
0.147133
0.141234
0.135249
0.129182
0.123036
0.116816
0.110525
0.104167
0.0977454
0.0912646
0.0847284
0.0781408
0.0715057
0.0648273
0.0581094
0.0513563
0.044572
0.0377607
0.0309264
0.0240734
0.0172057
0.0103276
0.00344323
-0.00344323
-0.0103276
-0.0172057
-0.0240734
-0.0309264
-0.0377607
-0.044572
-0.0513563
-0.0581094
-0.0648273
-0.0715057
-0.0781408
-0.0847284
-0.0912646
-0.0977454
-0.104167
-0.110525
-0.116816
-0.123036
-0.129182
-0.135249
-0.141234
-0.147133
-0.152943
-0.15866
-0.164281
-0.169802
-0.17522
-0.180531
-0.185733
-0.190822
-0.195795
-0.20065
-0.205383
-0.20999
-0.214471
-0.218821
-0.223039
-0.227121
-0.231065
-0.234869
-0.23853
-0.242046
-0.245416
-0.248636
-0.251706
-0.254623
-0.257385
-0.259991
-0.262439
-0.264727
-0.266856
-0.268822
-0.270624
-0.272263
-0.273736
-0.275043
-0.276183
-0.277156
-0.27796
-0.278595
-0.279062
-0.279358
-0.279486
-0.279443
-0.279231
-0.27885
-0.278299
-0.277579
-0.27669
-0.275634
-0.274411
-0.27302
-0.271464
-0.269743
-0.267859
-0.265812
-0.263603
-0.261235
-0.258707
-0.256023
-0.253183
-0.25019
-0.247045
-0.243749
-0.240306
-0.236717
-0.232984
-0.22911
-0.225097
-0.220947
-0.216662
-0.212247
-0.207702
-0.203032
-0.198238
-0.193323
-0.188292
-0.183146
-0.177889
-0.172524
-0.167054
-0.161483
-0.155813
-0.150049
-0.144194
-0.138252
-0.132225
-0.126119
-0.119935
-0.113679
-0.107354
-0.100964
-0.0945122
-0.0880032
-0.0814408
-0.0748289
-0.0681717
-0.061473
-0.054737
-0.0479678
-0.0411695
-0.0343462
-0.027502
-0.0206411
-0.0137677
-0.00688594
0
0
0.00630127
0.0125987
0.0188885
0.0251668
0.0314299
0.0376739
0.0438949
0.0500894
0.0562534
0.0623833
0.0684753
0.0745258
0.080531
0.0864873
0.0923911
0.0982388
0.104027
0.109752
0.11541
0.120998
0.126513
0.131951
0.137309
0.142583
0.147771
0.15287
0.157875
0.162785
0.167595
0.172304
0.176909
0.181406
0.185792
0.190067
0.194225
0.198266
0.202186
0.205984
0.209657
0.213202
0.216618
0.219902
0.223053
0.226069
0.228947
0.231686
0.234285
0.236741
0.239053
0.241221
0.243242
0.245115
0.24684
0.248415
0.249839
0.251111
0.25223
0.253197
0.25401
0.254669
0.255173
0.255522
0.255716
0.255755
0.255638
0.255367
0.25494
0.254359
0.253623
0.252733
0.25169
0.250494
0.249145
0.247646
0.245996
0.244197
0.24225
0.240155
0.237915
0.235531
0.233003
0.230334
0.227525
0.224578
0.221494
0.218277
0.214926
0.211445
0.207836
0.204101
0.200241
0.196261
0.19216
0.187944
0.183613
0.179171
0.17462
0.169963
0.165202
0.160342
0.155384
0.150332
0.145188
0.139957
0.13464
0.129242
0.123765
0.118213
0.112589
0.106897
0.101141
0.0953222
0.089446
0.0835155
0.0775343
0.071506
0.0654343
0.0593229
0.0531754
0.0469957
0.0407875
0.0345545
0.0283005
0.0220293
0.0157448
0.00945071
0.00315087
-0.00315087
-0.00945071
-0.0157448
-0.0220293
-0.0283005
-0.0345545
-0.0407875
-0.0469957
-0.0531754
-0.0593229
-0.0654343
-0.071506
-0.0775343
-0.0835155
-0.089446
-0.0953222
-0.101141
-0.106897
-0.112589
-0.118213
-0.123765
-0.129242
-0.13464
-0.139957
-0.145188
-0.150332
-0.155384
-0.160342
-0.165202
-0.169963
-0.17462
-0.179171
-0.183613
-0.187944
-0.19216
-0.196261
-0.200241
-0.204101
-0.207836
-0.211445
-0.214926
-0.218277
-0.221494
-0.224578
-0.227525
-0.230334
-0.233003
-0.235531
-0.237915
-0.240155
-0.24225
-0.244197
-0.245996
-0.247646
-0.249145
-0.250494
-0.25169
-0.252733
-0.253623
-0.254359
-0.25494
-0.255367
-0.255638
-0.255755
-0.255716
-0.255522
-0.255173
-0.254669
-0.25401
-0.253197
-0.25223
-0.251111
-0.249839
-0.248415
-0.24684
-0.245115
-0.243242
-0.241221
-0.239053
-0.236741
-0.234285
-0.231686
-0.228947
-0.226069
-0.223053
-0.219902
-0.216618
-0.213202
-0.209657
-0.205984
-0.202186
-0.198266
-0.194225
-0.190067
-0.185792
-0.181406
-0.176909
-0.172304
-0.167595
-0.162785
-0.157875
-0.15287
-0.147771
-0.142583
-0.137309
-0.131951
-0.126513
-0.120998
-0.11541
-0.109752
-0.104027
-0.0982388
-0.0923911
-0.0864873
-0.080531
-0.0745258
-0.0684753
-0.0623833
-0.0562534
-0.0500894
-0.0438949
-0.0376739
-0.0314299
-0.0251668
-0.0188885
-0.0125987
-0.00630127
0
0
0.00571277
0.0114221
0.0171244
0.0228164
0.0284945
0.0341553
0.0397954
0.0454113
0.0509997
0.0565571
0.0620802
0.0675655
0.0730099
0.0784099
0.0837623
0.0890639
0.0943114
0.0995016
0.104631
0.109698
0.114698
0.119628
0.124485
0.129267
0.13397
0.138592
0.14313
0.147581
0.151943
0.156212
0.160386
0.164463
0.168441
0.172315
0.176086
0.179749
0.183303
0.186746
0.190076
0.19329
0.196387
0.199365
0.202221
0.204955
0.207565
0.210048
0.212404
0.214631
0.216727
0.218692
0.220525
0.222223
0.223787
0.225214
0.226505
0.227659
0.228674
0.22955
0.230287
0.230884
0.231341
0.231658
0.231834
0.231869
0.231763
0.231517
0.23113
0.230603
0.229936
0.229129
0.228183
0.227099
0.225877
0.224517
0.223022
0.221391
0.219625
0.217726
0.215695
0.213533
0.211242
0.208822
0.206275
0.203604
0.200808
0.197891
0.194853
0.191698
0.188425
0.185039
0.18154
0.177931
0.174214
0.170391
0.166465
0.162437
0.158311
0.154089
0.149774
0.145367
0.140872
0.136292
0.131629
0.126886
0.122066
0.117171
0.112206
0.107173
0.102074
0.0969139
0.0916946
0.0864197
0.0810923
0.0757156
0.070293
0.0648278
0.0593231
0.0537825
0.0482092
0.0426066
0.0369782
0.0313273
0.0256574
0.0199719
0.0142743
0.00856807
0.0028566
-0.0028566
-0.00856807
-0.0142743
-0.0199719
-0.0256574
-0.0313273
-0.0369782
-0.0426066
-0.0482092
-0.0537825
-0.0593231
-0.0648278
-0.070293
-0.0757156
-0.0810923
-0.0864197
-0.0916946
-0.0969139
-0.102074
-0.107173
-0.112206
-0.117171
-0.122066
-0.126886
-0.131629
-0.136292
-0.140872
-0.145367
-0.149774
-0.154089
-0.158311
-0.162437
-0.166465
-0.170391
-0.174214
-0.177931
-0.18154
-0.185039
-0.188425
-0.191698
-0.194853
-0.197891
-0.200808
-0.203604
-0.206275
-0.208822
-0.211242
-0.213533
-0.215695
-0.217726
-0.219625
-0.221391
-0.223022
-0.224517
-0.225877
-0.227099
-0.228183
-0.229129
-0.229936
-0.230603
-0.23113
-0.231517
-0.231763
-0.231869
-0.231834
-0.231658
-0.231341
-0.230884
-0.230287
-0.22955
-0.228674
-0.227659
-0.226505
-0.225214
-0.223787
-0.222223
-0.220525
-0.218692
-0.216727
-0.214631
-0.212404
-0.210048
-0.207565
-0.204955
-0.202221
-0.199365
-0.196387
-0.19329
-0.190076
-0.186746
-0.183303
-0.179749
-0.176086
-0.172315
-0.168441
-0.164463
-0.160386
-0.156212
-0.151943
-0.147581
-0.14313
-0.138592
-0.13397
-0.129267
-0.124485
-0.119628
-0.114698
-0.109698
-0.104631
-0.0995016
-0.0943114
-0.0890639
-0.0837623
-0.0784099
-0.0730099
-0.0675655
-0.0620802
-0.0565571
-0.0509997
-0.0454113
-0.0397954
-0.0341553
-0.0284945
-0.0228164
-0.0171244
-0.0114221
-0.00571277
0
0
0.0051208
0.0102385
0.01535
0.0204521
0.0255419
0.0306161
0.0356717
0.0407057
0.045715
0.0506965
0.0556473
0.0605643
0.0654444
0.0702849
0.0750827
0.0798349
0.0845387
0.0891911
0.0937894
0.0983307
0.102812
0.107232
0.111586
0.115872
0.120088
0.124231
0.128299
0.132289
0.136198
0.140025
0.143767
0.147421
0.150986
0.15446
0.157839
0.161123
0.164309
0.167395
0.17038
0.173261
0.176037
0.178706
0.181267
0.183717
0.186056
0.188282
0.190394
0.19239
0.19427
0.196031
0.197673
0.199196
0.200597
0.201877
0.203034
0.204068
0.204978
0.205764
0.206424
0.20696
0.207369
0.207653
0.207811
0.207842
0.207748
0.207527
0.20718
0.206708
0.20611
0.205386
0.204539
0.203567
0.202471
0.201252
0.199912
0.19845
0.196867
0.195165
0.193345
0.191407
0.189353
0.187184
0.184901
0.182506
0.18
0.177385
0.174662
0.171834
0.1689
0.165865
0.162729
0.159493
0.156161
0.152735
0.149215
0.145605
0.141907
0.138122
0.134254
0.130304
0.126275
0.122169
0.117989
0.113738
0.109417
0.10503
0.100579
0.0960673
0.0914972
0.0868715
0.082193
0.0774647
0.0726893
0.0678698
0.0630091
0.0581102
0.0531759
0.0482094
0.0432137
0.0381916
0.0331464
0.0280811
0.0229987
0.0179024
0.0127952
0.00768023
0.00256059
-0.00256059
-0.00768023
-0.0127952
-0.0179024
-0.0229987
-0.0280811
-0.0331464
-0.0381916
-0.0432137
-0.0482094
-0.0531759
-0.0581102
-0.0630091
-0.0678698
-0.0726893
-0.0774647
-0.082193
-0.0868715
-0.0914972
-0.0960673
-0.100579
-0.10503
-0.109417
-0.113738
-0.117989
-0.122169
-0.126275
-0.130304
-0.134254
-0.138122
-0.141907
-0.145605
-0.149215
-0.152735
-0.156161
-0.159493
-0.162729
-0.165865
-0.1689
-0.171834
-0.174662
-0.177385
-0.18
-0.182506
-0.184901
-0.187184
-0.189353
-0.191407
-0.193345
-0.195165
-0.196867
-0.19845
-0.199912
-0.201252
-0.202471
-0.203567
-0.204539
-0.205386
-0.20611
-0.206708
-0.20718
-0.207527
-0.207748
-0.207842
-0.207811
-0.207653
-0.207369
-0.20696
-0.206424
-0.205764
-0.204978
-0.204068
-0.203034
-0.201877
-0.200597
-0.199196
-0.197673
-0.196031
-0.19427
-0.19239
-0.190394
-0.188282
-0.186056
-0.183717
-0.181267
-0.178706
-0.176037
-0.173261
-0.17038
-0.167395
-0.164309
-0.161123
-0.157839
-0.15446
-0.150986
-0.147421
-0.143767
-0.140025
-0.136198
-0.132289
-0.128299
-0.124231
-0.120088
-0.115872
-0.111586
-0.107232
-0.102812
-0.0983307
-0.0937894
-0.0891911
-0.0845387
-0.0798349
-0.0750827
-0.0702849
-0.0654444
-0.0605643
-0.0556473
-0.0506965
-0.045715
-0.0407057
-0.0356717
-0.0306161
-0.0255419
-0.0204521
-0.01535
-0.0102385
-0.0051208
0
0
0.00452572
0.0090487
0.0135662
0.0180754
0.0225737
0.0270583
0.0315264
0.0359754
0.0404026
0.0448052
0.0491806
0.0535262
0.0578393
0.0621173
0.0663575
0.0705575
0.0747146
0.0788264
0.0828903
0.0869039
0.0908647
0.0947704
0.0986186
0.102407
0.106133
0.109795
0.11339
0.116916
0.120371
0.123753
0.12706
0.13029
0.133441
0.13651
0.139497
0.142399
0.145215
0.147943
0.15058
0.153127
0.15558
0.157939
0.160202
0.162368
0.164435
0.166402
0.168269
0.170033
0.171694
0.173251
0.174702
0.176048
0.177286
0.178417
0.17944
0.180354
0.181158
0.181852
0.182436
0.182909
0.183271
0.183522
0.183661
0.183689
0.183606
0.183411
0.183104
0.182687
0.182158
0.181519
0.18077
0.179911
0.178942
0.177865
0.17668
0.175388
0.17399
0.172485
0.170876
0.169164
0.167348
0.165431
0.163414
0.161297
0.159083
0.156772
0.154365
0.151865
0.149273
0.14659
0.143818
0.140959
0.138014
0.134986
0.131875
0.128685
0.125416
0.122071
0.118652
0.115161
0.111601
0.107972
0.104278
0.10052
0.0967018
0.0928246
0.0888911
0.0849035
0.0808645
0.0767763
0.0726416
0.0684627
0.0642423
0.0599828
0.055687
0.0513573
0.0469965
0.0426071
0.0381919
0.0337535
0.0292946
0.0248179
0.0203261
0.015822
0.0113083
0.00678773
0.00226303
-0.00226303
-0.00678773
-0.0113083
-0.015822
-0.0203261
-0.0248179
-0.0292946
-0.0337535
-0.0381919
-0.0426071
-0.0469965
-0.0513573
-0.055687
-0.0599828
-0.0642423
-0.0684627
-0.0726416
-0.0767763
-0.0808645
-0.0849035
-0.0888911
-0.0928246
-0.0967018
-0.10052
-0.104278
-0.107972
-0.111601
-0.115161
-0.118652
-0.122071
-0.125416
-0.128685
-0.131875
-0.134986
-0.138014
-0.140959
-0.143818
-0.14659
-0.149273
-0.151865
-0.154365
-0.156772
-0.159083
-0.161297
-0.163414
-0.165431
-0.167348
-0.169164
-0.170876
-0.172485
-0.17399
-0.175388
-0.17668
-0.177865
-0.178942
-0.179911
-0.18077
-0.181519
-0.182158
-0.182687
-0.183104
-0.183411
-0.183606
-0.183689
-0.183661
-0.183522
-0.183271
-0.182909
-0.182436
-0.181852
-0.181158
-0.180354
-0.17944
-0.178417
-0.177286
-0.176048
-0.174702
-0.173251
-0.171694
-0.170033
-0.168269
-0.166402
-0.164435
-0.162368
-0.160202
-0.157939
-0.15558
-0.153127
-0.15058
-0.147943
-0.145215
-0.142399
-0.139497
-0.13651
-0.133441
-0.13029
-0.12706
-0.123753
-0.120371
-0.116916
-0.11339
-0.109795
-0.106133
-0.102407
-0.0986186
-0.0947704
-0.0908647
-0.0869039
-0.0828903
-0.0788264
-0.0747146
-0.0705575
-0.0663575
-0.0621173
-0.0578393
-0.0535262
-0.0491806
-0.0448052
-0.0404026
-0.0359754
-0.0315264
-0.0270583
-0.0225737
-0.0180754
-0.0135662
-0.0090487
-0.00452572
0
0
0.0039279
0.00785341
0.0117742
0.0156878
0.0195918
0.023484
0.0273619
0.0312232
0.0350656
0.0388867
0.0426841
0.0464557
0.050199
0.0539119
0.057592
0.0612372
0.0648452
0.0684138
0.0719409
0.0754244
0.078862
0.0822517
0.0855916
0.0888794
0.0921133
0.0952913
0.0984114
0.101472
0.104471
0.107406
0.110276
0.113079
0.115814
0.118478
0.12107
0.123589
0.126033
0.1284
0.13069
0.1329
0.135029
0.137076
0.13904
0.14092
0.142714
0.144422
0.146041
0.147573
0.149014
0.150365
0.151625
0.152793
0.153868
0.154849
0.155737
0.15653
0.157228
0.157831
0.158337
0.158748
0.159062
0.15928
0.159401
0.159425
0.159352
0.159183
0.158917
0.158555
0.158096
0.157541
0.156891
0.156145
0.155305
0.15437
0.153342
0.15222
0.151007
0.149701
0.148305
0.146818
0.145243
0.143579
0.141828
0.139991
0.138069
0.136063
0.133974
0.131805
0.129555
0.127226
0.124821
0.122339
0.119783
0.117155
0.114455
0.111686
0.108849
0.105946
0.102979
0.0999492
0.0968587
0.0937094
0.0905032
0.0872421
0.083928
0.080563
0.077149
0.0736882
0.0701827
0.0666346
0.063046
0.0594191
0.0557562
0.0520594
0.048331
0.0445733
0.0407885
0.0369789
0.0331469
0.0292948
0.0254249
0.0215396
0.0176411
0.013732
0.00981453
0.0058911
0.0019641
-0.0019641
-0.0058911
-0.00981453
-0.013732
-0.0176411
-0.0215396
-0.0254249
-0.0292948
-0.0331469
-0.0369789
-0.0407885
-0.0445733
-0.048331
-0.0520594
-0.0557562
-0.0594191
-0.063046
-0.0666346
-0.0701827
-0.0736882
-0.077149
-0.080563
-0.083928
-0.0872421
-0.0905032
-0.0937094
-0.0968587
-0.0999492
-0.102979
-0.105946
-0.108849
-0.111686
-0.114455
-0.117155
-0.119783
-0.122339
-0.124821
-0.127226
-0.129555
-0.131805
-0.133974
-0.136063
-0.138069
-0.139991
-0.141828
-0.143579
-0.145243
-0.146818
-0.148305
-0.149701
-0.151007
-0.15222
-0.153342
-0.15437
-0.155305
-0.156145
-0.156891
-0.157541
-0.158096
-0.158555
-0.158917
-0.159183
-0.159352
-0.159425
-0.159401
-0.15928
-0.159062
-0.158748
-0.158337
-0.157831
-0.157228
-0.15653
-0.155737
-0.154849
-0.153868
-0.152793
-0.151625
-0.150365
-0.149014
-0.147573
-0.146041
-0.144422
-0.142714
-0.14092
-0.13904
-0.137076
-0.135029
-0.1329
-0.13069
-0.1284
-0.126033
-0.123589
-0.12107
-0.118478
-0.115814
-0.113079
-0.110276
-0.107406
-0.104471
-0.101472
-0.0984114
-0.0952913
-0.0921133
-0.0888794
-0.0855916
-0.0822517
-0.078862
-0.0754244
-0.0719409
-0.0684138
-0.0648452
-0.0612372
-0.057592
-0.0539119
-0.050199
-0.0464557
-0.0426841
-0.0388867
-0.0350656
-0.0312232
-0.0273619
-0.023484
-0.0195918
-0.0156878
-0.0117742
-0.00785341
-0.0039279
0
0
0.00332769
0.00665336
0.00997499
0.0132906
0.0165981
0.0198955
0.0231809
0.0264521
0.0297073
0.0329445
0.0361617
0.0393569
0.0425283
0.0456738
0.0487916
0.0518798
0.0549364
0.0579597
0.0609479
0.063899
0.0668114
0.0696831
0.0725126
0.0752981
0.0780378
0.0807302
0.0833735
0.0859662
0.0885068
0.0909936
0.0934252
0.0958
0.0981167
0.100374
0.10257
0.104704
0.106774
0.10878
0.110719
0.112592
0.114396
0.11613
0.117794
0.119386
0.120906
0.122353
0.123725
0.125022
0.126244
0.127388
0.128456
0.129445
0.130356
0.131187
0.131939
0.132611
0.133203
0.133713
0.134142
0.13449
0.134756
0.134941
0.135043
0.135064
0.135002
0.134859
0.134633
0.134326
0.133938
0.133468
0.132917
0.132285
0.131573
0.130781
0.12991
0.12896
0.127932
0.126826
0.125643
0.124383
0.123048
0.121639
0.120156
0.118599
0.116971
0.115272
0.113502
0.111664
0.109758
0.107785
0.105747
0.103645
0.10148
0.0992528
0.0969657
0.0946198
0.0922164
0.089757
0.0872431
0.0846763
0.0820581
0.07939
0.0766737
0.0739109
0.0711033
0.0682524
0.0653601
0.0624282
0.0594583
0.0564524
0.0534121
0.0503395
0.0472363
0.0441044
0.0409457
0.0377622
0.0345557
0.0313283
0.0280819
0.0248184
0.0215398
0.0182482
0.0149455
0.0116337
0.00831481
0.0049909
0.00166397
-0.00166397
-0.0049909
-0.00831481
-0.0116337
-0.0149455
-0.0182482
-0.0215398
-0.0248184
-0.0280819
-0.0313283
-0.0345557
-0.0377622
-0.0409457
-0.0441044
-0.0472363
-0.0503395
-0.0534121
-0.0564524
-0.0594583
-0.0624282
-0.0653601
-0.0682524
-0.0711033
-0.0739109
-0.0766737
-0.07939
-0.0820581
-0.0846763
-0.0872431
-0.089757
-0.0922164
-0.0946198
-0.0969657
-0.0992528
-0.10148
-0.103645
-0.105747
-0.107785
-0.109758
-0.111664
-0.113502
-0.115272
-0.116971
-0.118599
-0.120156
-0.121639
-0.123048
-0.124383
-0.125643
-0.126826
-0.127932
-0.12896
-0.12991
-0.130781
-0.131573
-0.132285
-0.132917
-0.133468
-0.133938
-0.134326
-0.134633
-0.134859
-0.135002
-0.135064
-0.135043
-0.134941
-0.134756
-0.13449
-0.134142
-0.133713
-0.133203
-0.132611
-0.131939
-0.131187
-0.130356
-0.129445
-0.128456
-0.127388
-0.126244
-0.125022
-0.123725
-0.122353
-0.120906
-0.119386
-0.117794
-0.11613
-0.114396
-0.112592
-0.110719
-0.10878
-0.106774
-0.104704
-0.10257
-0.100374
-0.0981167
-0.0958
-0.0934252
-0.0909936
-0.0885068
-0.0859662
-0.0833735
-0.0807302
-0.0780378
-0.0752981
-0.0725126
-0.0696831
-0.0668114
-0.063899
-0.0609479
-0.0579597
-0.0549364
-0.0518798
-0.0487916
-0.0456738
-0.0425283
-0.0393569
-0.0361617
-0.0329445
-0.0297073
-0.0264521
-0.0231809
-0.0198955
-0.0165981
-0.0132906
-0.00997499
-0.00665336
-0.00332769
0
0
0.00272546
0.00544927
0.00816977
0.0108853
0.0135942
0.0162949
0.0189857
0.021665
0.0243311
0.0269824
0.0296173
0.0322343
0.0348317
0.037408
0.0399615
0.0424908
0.0449943
0.0474705
0.0499178
0.0523349
0.0547202
0.0570722
0.0593896
0.061671
0.0639149
0.06612
0.068285
0.0704085
0.0724893
0.074526
0.0765175
0.0784626
0.08036
0.0822087
0.0840074
0.0857552
0.0874508
0.0890934
0.0906819
0.0922153
0.0936928
0.0951134
0.0964762
0.0977805
0.0990254
0.10021
0.101334
0.102397
0.103397
0.104334
0.105208
0.106019
0.106765
0.107446
0.108062
0.108612
0.109096
0.109514
0.109866
0.110151
0.110369
0.11052
0.110604
0.110621
0.11057
0.110453
0.110268
0.110017
0.109698
0.109314
0.108862
0.108345
0.107762
0.107113
0.1064
0.105622
0.104779
0.103873
0.102904
0.101873
0.10078
0.0996253
0.0984104
0.0971357
0.0958021
0.0944103
0.0929611
0.0914556
0.0898945
0.0882788
0.0866096
0.0848877
0.0831144
0.0812905
0.0794174
0.077496
0.0755275
0.0735132
0.0714543
0.069352
0.0672076
0.0650224
0.0627977
0.0605349
0.0582353
0.0559004
0.0535316
0.0511302
0.0486979
0.0462359
0.0437459
0.0412293
0.0386877
0.0361226
0.0335356
0.0309282
0.028302
0.0256587
0.0229998
0.0203269
0.0176416
0.0149457
0.0122407
0.00952826
0.00681003
0.00408767
0.00136283
-0.00136283
-0.00408767
-0.00681003
-0.00952826
-0.0122407
-0.0149457
-0.0176416
-0.0203269
-0.0229998
-0.0256587
-0.028302
-0.0309282
-0.0335356
-0.0361226
-0.0386877
-0.0412293
-0.0437459
-0.0462359
-0.0486979
-0.0511302
-0.0535316
-0.0559004
-0.0582353
-0.0605349
-0.0627977
-0.0650224
-0.0672076
-0.069352
-0.0714543
-0.0735132
-0.0755275
-0.077496
-0.0794174
-0.0812905
-0.0831144
-0.0848877
-0.0866096
-0.0882788
-0.0898945
-0.0914556
-0.0929611
-0.0944103
-0.0958021
-0.0971357
-0.0984104
-0.0996253
-0.10078
-0.101873
-0.102904
-0.103873
-0.104779
-0.105622
-0.1064
-0.107113
-0.107762
-0.108345
-0.108862
-0.109314
-0.109698
-0.110017
-0.110268
-0.110453
-0.11057
-0.110621
-0.110604
-0.11052
-0.110369
-0.110151
-0.109866
-0.109514
-0.109096
-0.108612
-0.108062
-0.107446
-0.106765
-0.106019
-0.105208
-0.104334
-0.103397
-0.102397
-0.101334
-0.10021
-0.0990254
-0.0977805
-0.0964762
-0.0951134
-0.0936928
-0.0922153
-0.0906819
-0.0890934
-0.0874508
-0.0857552
-0.0840074
-0.0822087
-0.08036
-0.0784626
-0.0765175
-0.074526
-0.0724893
-0.0704085
-0.068285
-0.06612
-0.0639149
-0.061671
-0.0593896
-0.0570722
-0.0547202
-0.0523349
-0.0499178
-0.0474705
-0.0449943
-0.0424908
-0.0399615
-0.037408
-0.0348317
-0.0322343
-0.0296173
-0.0269824
-0.0243311
-0.021665
-0.0189857
-0.0162949
-0.0135942
-0.0108853
-0.00816977
-0.00544927
-0.00272546
0
0
0.00212158
0.00424187
0.00635958
0.00847344
0.0105821
0.0126844
0.014779
0.0168646
0.01894
0.0210039
0.023055
0.0250921
0.027114
0.0291195
0.0311072
0.0330761
0.0350249
0.0369524
0.0388575
0.040739
0.0425958
0.0444267
0.0462306
0.0480065
0.0497532
0.0514697
0.053155
0.054808
0.0564277
0.0580132
0.0595635
0.0610776
0.0625546
0.0639936
0.0653938
0.0667543
0.0680743
0.0693529
0.0705894
0.0717831
0.0729332
0.074039
0.0750999
0.0761151
0.0770842
0.0780065
0.0788814
0.0797084
0.0804871
0.0812168
0.0818973
0.082528
0.0831087
0.0836389
0.0841183
0.0845466
0.0849236
0.0852491
0.0855228
0.0857446
0.0859143
0.0860319
0.0860972
0.0861103
0.0860711
0.0859796
0.0858359
0.0856402
0.0853924
0.0850928
0.0847416
0.0843388
0.0838849
0.0833801
0.0828246
0.0822189
0.0815632
0.0808581
0.0801038
0.0793009
0.0784499
0.0775512
0.0766055
0.0756132
0.0745751
0.0734917
0.0723636
0.0711917
0.0699765
0.0687188
0.0674194
0.0660791
0.0646986
0.0632789
0.0618208
0.0603251
0.0587928
0.0572248
0.0556221
0.0539856
0.0523163
0.0506153
0.0488836
0.0471221
0.0453321
0.0435145
0.0416705
0.0398013
0.0379078
0.0359914
0.0340531
0.0320941
0.0301156
0.0281189
0.0261051
0.0240754
0.0220311
0.0199735
0.0179037
0.015823
0.0137328
0.0116342
0.00952851
0.00741707
0.00530113
0.00318196
0.00106087
-0.00106087
-0.00318196
-0.00530113
-0.00741707
-0.00952851
-0.0116342
-0.0137328
-0.015823
-0.0179037
-0.0199735
-0.0220311
-0.0240754
-0.0261051
-0.0281189
-0.0301156
-0.0320941
-0.0340531
-0.0359914
-0.0379078
-0.0398013
-0.0416705
-0.0435145
-0.0453321
-0.0471221
-0.0488836
-0.0506153
-0.0523163
-0.0539856
-0.0556221
-0.0572248
-0.0587928
-0.0603251
-0.0618208
-0.0632789
-0.0646986
-0.0660791
-0.0674194
-0.0687188
-0.0699765
-0.0711917
-0.0723636
-0.0734917
-0.0745751
-0.0756132
-0.0766055
-0.0775512
-0.0784499
-0.0793009
-0.0801038
-0.0808581
-0.0815632
-0.0822189
-0.0828246
-0.0833801
-0.0838849
-0.0843388
-0.0847416
-0.0850928
-0.0853924
-0.0856402
-0.0858359
-0.0859796
-0.0860711
-0.0861103
-0.0860972
-0.0860319
-0.0859143
-0.0857446
-0.0855228
-0.0852491
-0.0849236
-0.0845466
-0.0841183
-0.0836389
-0.0831087
-0.082528
-0.0818973
-0.0812168
-0.0804871
-0.0797084
-0.0788814
-0.0780065
-0.0770842
-0.0761151
-0.0750999
-0.074039
-0.0729332
-0.0717831
-0.0705894
-0.0693529
-0.0680743
-0.0667543
-0.0653938
-0.0639936
-0.0625546
-0.0610776
-0.0595635
-0.0580132
-0.0564277
-0.054808
-0.053155
-0.0514697
-0.0497532
-0.0480065
-0.0462306
-0.0444267
-0.0425958
-0.040739
-0.0388575
-0.0369524
-0.0350249
-0.0330761
-0.0311072
-0.0291195
-0.027114
-0.0250921
-0.023055
-0.0210039
-0.01894
-0.0168646
-0.014779
-0.0126844
-0.0105821
-0.00847344
-0.00635958
-0.00424187
-0.00212158
0
0
0.00151641
0.00303189
0.00454554
0.00605642
0.00756363
0.00906625
0.0105634
0.0120541
0.0135374
0.0150126
0.0164787
0.0179347
0.0193799
0.0208132
0.022234
0.0236413
0.0250342
0.0264119
0.0277735
0.0291184
0.0304455
0.0317541
0.0330435
0.0343128
0.0355613
0.0367882
0.0379928
0.0391743
0.040332
0.0414652
0.0425732
0.0436554
0.0447111
0.0457397
0.0467405
0.0477129
0.0486564
0.0495703
0.0504541
0.0513073
0.0521293
0.0529197
0.0536779
0.0544036
0.0550963
0.0557555
0.0563808
0.0569719
0.0575285
0.0580501
0.0585364
0.0589873
0.0594023
0.0597812
0.0601239
0.06043
0.0606995
0.0609321
0.0611278
0.0612863
0.0614076
0.0614916
0.0615383
0.0615477
0.0615196
0.0614543
0.0613516
0.0612117
0.0610346
0.0608204
0.0605694
0.0602815
0.0599571
0.0595963
0.0591993
0.0587663
0.0582977
0.0577936
0.0572545
0.0566807
0.0560724
0.0554301
0.0547541
0.0540449
0.0533029
0.0525285
0.0517222
0.0508845
0.050016
0.049117
0.0481883
0.0472303
0.0462436
0.0452289
0.0441866
0.0431176
0.0420224
0.0409017
0.0397561
0.0385864
0.0373933
0.0361775
0.0349397
0.0336807
0.0324013
0.0311022
0.0297842
0.0284481
0.0270948
0.025725
0.0243396
0.0229394
0.0215253
0.0200981
0.0186587
0.017208
0.0157468
0.0142761
0.0127967
0.0113096
0.00981555
0.00831557
0.00681054
0.00530138
0.003789
0.00227432
0.000758261
-0.000758261
-0.00227432
-0.003789
-0.00530138
-0.00681054
-0.00831557
-0.00981555
-0.0113096
-0.0127967
-0.0142761
-0.0157468
-0.017208
-0.0186587
-0.0200981
-0.0215253
-0.0229394
-0.0243396
-0.025725
-0.0270948
-0.0284481
-0.0297842
-0.0311022
-0.0324013
-0.0336807
-0.0349397
-0.0361775
-0.0373933
-0.0385864
-0.0397561
-0.0409017
-0.0420224
-0.0431176
-0.0441866
-0.0452289
-0.0462436
-0.0472303
-0.0481883
-0.049117
-0.050016
-0.0508845
-0.0517222
-0.0525285
-0.0533029
-0.0540449
-0.0547541
-0.0554301
-0.0560724
-0.0566807
-0.0572545
-0.0577936
-0.0582977
-0.0587663
-0.0591993
-0.0595963
-0.0599571
-0.0602815
-0.0605694
-0.0608204
-0.0610346
-0.0612117
-0.0613516
-0.0614543
-0.0615196
-0.0615477
-0.0615383
-0.0614916
-0.0614076
-0.0612863
-0.0611278
-0.0609321
-0.0606995
-0.06043
-0.0601239
-0.0597812
-0.0594023
-0.0589873
-0.0585364
-0.0580501
-0.0575285
-0.0569719
-0.0563808
-0.0557555
-0.0550963
-0.0544036
-0.0536779
-0.0529197
-0.0521293
-0.0513073
-0.0504541
-0.0495703
-0.0486564
-0.0477129
-0.0467405
-0.0457397
-0.0447111
-0.0436554
-0.0425732
-0.0414652
-0.040332
-0.0391743
-0.0379928
-0.0367882
-0.0355613
-0.0343128
-0.0330435
-0.0317541
-0.0304455
-0.0291184
-0.0277735
-0.0264119
-0.0250342
-0.0236413
-0.022234
-0.0208132
-0.0193799
-0.0179347
-0.0164787
-0.0150126
-0.0135374
-0.0120541
-0.0105634
-0.00906625
-0.00756363
-0.00605642
-0.00454554
-0.00303189
-0.00151641
0
0
0.000910315
0.00182008
0.00272873
0.00363573
0.00454053
0.00544256
0.0063413
0.00723618
0.00812667
0.00901223
0.00989231
0.0107664
0.0116339
0.0124944
0.0133473
0.0141921
0.0150283
0.0158553
0.0166728
0.0174801
0.0182767
0.0190623
0.0198364
0.0205984
0.0213478
0.0220843
0.0228075
0.0235167
0.0242117
0.024892
0.0255572
0.0262068
0.0268406
0.027458
0.0280588
0.0286426
0.0292089
0.0297575
0.0302881
0.0308003
0.0312938
0.0317682
0.0322234
0.0326591
0.0330749
0.0334706
0.033846
0.0342008
0.0345349
0.0348481
0.03514
0.0354107
0.0356598
0.0358873
0.036093
0.0362768
0.0364386
0.0365782
0.0366956
0.0367908
0.0368636
0.0369141
0.0369421
0.0369477
0.0369309
0.0368916
0.03683
0.036746
0.0366397
0.0365111
0.0363604
0.0361876
0.0359929
0.0357763
0.0355379
0.035278
0.0349967
0.0346941
0.0343705
0.034026
0.0336608
0.0332753
0.0328695
0.0324437
0.0319983
0.0315334
0.0310494
0.0305465
0.0300251
0.0294855
0.0289279
0.0283528
0.0277605
0.0271514
0.0265257
0.025884
0.0252265
0.0245537
0.023866
0.0231638
0.0224476
0.0217177
0.0209747
0.0202189
0.0194508
0.018671
0.0178798
0.0170777
0.0162653
0.015443
0.0146113
0.0137707
0.0129218
0.0120651
0.011201
0.0103301
0.00945299
0.0085701
0.00768201
0.00678925
0.00589238
0.00499192
0.00408844
0.00318248
0.00227458
0.0013653
0.000455192
-0.000455192
-0.0013653
-0.00227458
-0.00318248
-0.00408844
-0.00499192
-0.00589238
-0.00678925
-0.00768201
-0.0085701
-0.00945299
-0.0103301
-0.011201
-0.0120651
-0.0129218
-0.0137707
-0.0146113
-0.015443
-0.0162653
-0.0170777
-0.0178798
-0.018671
-0.0194508
-0.0202189
-0.0209747
-0.0217177
-0.0224476
-0.0231638
-0.023866
-0.0245537
-0.0252265
-0.025884
-0.0265257
-0.0271514
-0.0277605
-0.0283528
-0.0289279
-0.0294855
-0.0300251
-0.0305465
-0.0310494
-0.0315334
-0.0319983
-0.0324437
-0.0328695
-0.0332753
-0.0336608
-0.034026
-0.0343705
-0.0346941
-0.0349967
-0.035278
-0.0355379
-0.0357763
-0.0359929
-0.0361876
-0.0363604
-0.0365111
-0.0366397
-0.036746
-0.03683
-0.0368916
-0.0369309
-0.0369477
-0.0369421
-0.0369141
-0.0368636
-0.0367908
-0.0366956
-0.0365782
-0.0364386
-0.0362768
-0.036093
-0.0358873
-0.0356598
-0.0354107
-0.03514
-0.0348481
-0.0345349
-0.0342008
-0.033846
-0.0334706
-0.0330749
-0.0326591
-0.0322234
-0.0317682
-0.0312938
-0.0308003
-0.0302881
-0.0297575
-0.0292089
-0.0286426
-0.0280588
-0.027458
-0.0268406
-0.0262068
-0.0255572
-0.024892
-0.0242117
-0.0235167
-0.0228075
-0.0220843
-0.0213478
-0.0205984
-0.0198364
-0.0190623
-0.0182767
-0.0174801
-0.0166728
-0.0158553
-0.0150283
-0.0141921
-0.0133473
-0.0124944
-0.0116339
-0.0107664
-0.00989231
-0.00901223
-0.00812667
-0.00723618
-0.0063413
-0.00544256
-0.00454053
-0.00363573
-0.00272873
-0.00182008
-0.000910315
0
0
0.00030367
0.000607157
0.000910274
0.00121284
0.00151467
0.00181558
0.00211538
0.00241391
0.00271096
0.00300637
0.00329996
0.00359154
0.00388095
0.00416799
0.00445251
0.00473432
0.00501326
0.00528915
0.00556184
0.00583115
0.00609691
0.00635898
0.00661718
0.00687137
0.00712139
0.00736708
0.0076083
0.0078449
0.00807674
0.00830368
0.00852557
0.00874229
0.0089537
0.00915968
0.00936009
0.00955483
0.00974376
0.00992677
0.0101038
0.0102746
0.0104392
0.0105975
0.0107494
0.0108947
0.0110334
0.0111654
0.0112906
0.011409
0.0115205
0.0116249
0.0117223
0.0118126
0.0118957
0.0119716
0.0120402
0.0121015
0.0121555
0.0122021
0.0122412
0.012273
0.0122973
0.0123141
0.0123235
0.0123253
0.0123197
0.0123066
0.0122861
0.012258
0.0122226
0.0121797
0.0121294
0.0120718
0.0120068
0.0119345
0.011855
0.0117683
0.0116745
0.0115736
0.0114656
0.0113507
0.0112289
0.0111002
0.0109649
0.0108228
0.0106743
0.0105192
0.0103577
0.01019
0.010016
0.00983601
0.00965003
0.00945818
0.00926059
0.00905738
0.00884867
0.00863459
0.00841527
0.00819083
0.00796143
0.00772719
0.00748826
0.00724479
0.00699691
0.00674479
0.00648857
0.00622842
0.00596448
0.00569692
0.00542591
0.0051516
0.00487416
0.00459376
0.00431058
0.00402477
0.00373653
0.00344601
0.00315341
0.00285889
0.00256263
0.00226482
0.00196563
0.00166525
0.00136386
0.00106164
0.000758773
0.000455448
0.000151847
-0.000151847
-0.000455448
-0.000758773
-0.00106164
-0.00136386
-0.00166525
-0.00196563
-0.00226482
-0.00256263
-0.00285889
-0.00315341
-0.00344601
-0.00373653
-0.00402477
-0.00431058
-0.00459376
-0.00487416
-0.0051516
-0.00542591
-0.00569692
-0.00596448
-0.00622842
-0.00648857
-0.00674479
-0.00699691
-0.00724479
-0.00748826
-0.00772719
-0.00796143
-0.00819083
-0.00841527
-0.00863459
-0.00884867
-0.00905738
-0.00926059
-0.00945818
-0.00965003
-0.00983601
-0.010016
-0.01019
-0.0103577
-0.0105192
-0.0106743
-0.0108228
-0.0109649
-0.0111002
-0.0112289
-0.0113507
-0.0114656
-0.0115736
-0.0116745
-0.0117683
-0.011855
-0.0119345
-0.0120068
-0.0120718
-0.0121294
-0.0121797
-0.0122226
-0.012258
-0.0122861
-0.0123066
-0.0123197
-0.0123253
-0.0123235
-0.0123141
-0.0122973
-0.012273
-0.0122412
-0.0122021
-0.0121555
-0.0121015
-0.0120402
-0.0119716
-0.0118957
-0.0118126
-0.0117223
-0.0116249
-0.0115205
-0.011409
-0.0112906
-0.0111654
-0.0110334
-0.0108947
-0.0107494
-0.0105975
-0.0104392
-0.0102746
-0.0101038
-0.00992677
-0.00974376
-0.00955483
-0.00936009
-0.00915968
-0.0089537
-0.00874229
-0.00852557
-0.00830368
-0.00807674
-0.0078449
-0.0076083
-0.00736708
-0.00712139
-0.00687137
-0.00661718
-0.00635898
-0.00609691
-0.00583115
-0.00556184
-0.00528915
-0.00501326
-0.00473432
-0.00445251
-0.00416799
-0.00388095
-0.00359154
-0.00329996
-0.00300637
-0.00271096
-0.00241391
-0.00211538
-0.00181558
-0.00151467
-0.00121284
-0.000910274
-0.000607157
-0.00030367
0
0
-0.000303158
-0.000606132
-0.000908738
-0.00121079
-0.00151211
-0.00181251
-0.00211181
-0.00240983
-0.00270639
-0.0030013
-0.00329439
-0.00358548
-0.0038744
-0.00416096
-0.00444499
-0.00472633
-0.0050048
-0.00528023
-0.00555245
-0.0058213
-0.00608662
-0.00634825
-0.00660602
-0.00685978
-0.00710937
-0.00735465
-0.00759546
-0.00783167
-0.00806311
-0.00828967
-0.00851119
-0.00872754
-0.00893859
-0.00914422
-0.0093443
-0.0095387
-0.00972731
-0.00991002
-0.0100867
-0.0102573
-0.0104216
-0.0105796
-0.0107312
-0.0108763
-0.0110148
-0.0111466
-0.0112716
-0.0113898
-0.011501
-0.0116053
-0.0117025
-0.0117927
-0.0118756
-0.0119514
-0.0120199
-0.0120811
-0.012135
-0.0121815
-0.0122206
-0.0122523
-0.0122765
-0.0122933
-0.0123027
-0.0123045
-0.0122989
-0.0122859
-0.0122653
-0.0122374
-0.012202
-0.0121591
-0.012109
-0.0120514
-0.0119865
-0.0119144
-0.011835
-0.0117485
-0.0116548
-0.011554
-0.0114463
-0.0113315
-0.0112099
-0.0110815
-0.0109464
-0.0108046
-0.0106562
-0.0105014
-0.0103402
-0.0101728
-0.00999913
-0.00981941
-0.00963374
-0.00944222
-0.00924496
-0.00904209
-0.00883374
-0.00862002
-0.00840106
-0.00817701
-0.00794799
-0.00771415
-0.00747562
-0.00723256
-0.0069851
-0.00673341
-0.00647762
-0.00621791
-0.00595442
-0.00568731
-0.00541675
-0.0051429
-0.00486593
-0.00458601
-0.0043033
-0.00401798
-0.00373022
-0.0034402
-0.00314808
-0.00285406
-0.0025583
-0.00226099
-0.00196231
-0.00166244
-0.00136156
-0.00105985
-0.000757492
-0.000454679
-0.000151591
0.000151591
0.000454679
0.000757492
0.00105985
0.00136156
0.00166244
0.00196231
0.00226099
0.0025583
0.00285406
0.00314808
0.0034402
0.00373022
0.00401798
0.0043033
0.00458601
0.00486593
0.0051429
0.00541675
0.00568731
0.00595442
0.00621791
0.00647762
0.00673341
0.0069851
0.00723256
0.00747562
0.00771415
0.00794799
0.00817701
0.00840106
0.00862002
0.00883374
0.00904209
0.00924496
0.00944222
0.00963374
0.00981941
0.00999913
0.0101728
0.0103402
0.0105014
0.0106562
0.0108046
0.0109464
0.0110815
0.0112099
0.0113315
0.0114463
0.011554
0.0116548
0.0117485
0.011835
0.0119144
0.0119865
0.0120514
0.012109
0.0121591
0.012202
0.0122374
0.0122653
0.0122859
0.0122989
0.0123045
0.0123027
0.0122933
0.0122765
0.0122523
0.0122206
0.0121815
0.012135
0.0120811
0.0120199
0.0119514
0.0118756
0.0117927
0.0117025
0.0116053
0.011501
0.0113898
0.0112716
0.0111466
0.0110148
0.0108763
0.0107312
0.0105796
0.0104216
0.0102573
0.0100867
0.00991002
0.00972731
0.0095387
0.0093443
0.00914422
0.00893859
0.00872754
0.00851119
0.00828967
0.00806311
0.00783167
0.00759546
0.00735465
0.00710937
0.00685978
0.00660602
0.00634825
0.00608662
0.0058213
0.00555245
0.00528023
0.0050048
0.00472633
0.00444499
0.00416096
0.0038744
0.00358548
0.00329439
0.0030013
0.00270639
0.00240983
0.00211181
0.00181251
0.00151211
0.00121079
0.000908738
0.000606132
0.000303158
0
0
-0.000909802
-0.00181905
-0.0027272
-0.00363369
-0.00453797
-0.0054395
-0.00633773
-0.00723211
-0.00812209
-0.00900715
-0.00988674
-0.0107603
-0.0116274
-0.0124874
-0.0133398
-0.0141841
-0.0150198
-0.0158464
-0.0166634
-0.0174702
-0.0182665
-0.0190516
-0.0198252
-0.0205868
-0.0213358
-0.0220719
-0.0227946
-0.0235035
-0.0241981
-0.024878
-0.0255428
-0.0261921
-0.0268255
-0.0274426
-0.028043
-0.0286264
-0.0291925
-0.0297408
-0.0302711
-0.030783
-0.0312761
-0.0317504
-0.0322053
-0.0326407
-0.0330562
-0.0334517
-0.0338269
-0.0341816
-0.0345155
-0.0348284
-0.0351203
-0.0353907
-0.0356397
-0.0358671
-0.0360727
-0.0362564
-0.036418
-0.0365576
-0.036675
-0.0367701
-0.0368429
-0.0368933
-0.0369213
-0.0369269
-0.0369101
-0.0368709
-0.0368093
-0.0367253
-0.0366191
-0.0364906
-0.03634
-0.0361673
-0.0359726
-0.0357561
-0.0355179
-0.0352582
-0.034977
-0.0346746
-0.0343512
-0.0340068
-0.0336419
-0.0332565
-0.032851
-0.0324254
-0.0319803
-0.0315156
-0.0310319
-0.0305293
-0.0300082
-0.0294689
-0.0289117
-0.0283369
-0.0277449
-0.0271361
-0.0265108
-0.0258694
-0.0252123
-0.0245399
-0.0238526
-0.0231508
-0.022435
-0.0217055
-0.0209629
-0.0202075
-0.0194399
-0.0186605
-0.0178697
-0.0170681
-0.0162561
-0.0154343
-0.0146031
-0.013763
-0.0129146
-0.0120583
-0.0111947
-0.0103243
-0.00944766
-0.00856527
-0.00767768
-0.00678543
-0.00588906
-0.00498911
-0.00408614
-0.00318068
-0.0022733
-0.00136453
-0.000454936
0.000454936
0.00136453
0.0022733
0.00318068
0.00408614
0.00498911
0.00588906
0.00678543
0.00767768
0.00856527
0.00944766
0.0103243
0.0111947
0.0120583
0.0129146
0.013763
0.0146031
0.0154343
0.0162561
0.0170681
0.0178697
0.0186605
0.0194399
0.0202075
0.0209629
0.0217055
0.022435
0.0231508
0.0238526
0.0245399
0.0252123
0.0258694
0.0265108
0.0271361
0.0277449
0.0283369
0.0289117
0.0294689
0.0300082
0.0305293
0.0310319
0.0315156
0.0319803
0.0324254
0.032851
0.0332565
0.0336419
0.0340068
0.0343512
0.0346746
0.034977
0.0352582
0.0355179
0.0357561
0.0359726
0.0361673
0.03634
0.0364906
0.0366191
0.0367253
0.0368093
0.0368709
0.0369101
0.0369269
0.0369213
0.0368933
0.0368429
0.0367701
0.036675
0.0365576
0.036418
0.0362564
0.0360727
0.0358671
0.0356397
0.0353907
0.0351203
0.0348284
0.0345155
0.0341816
0.0338269
0.0334517
0.0330562
0.0326407
0.0322053
0.0317504
0.0312761
0.030783
0.0302711
0.0297408
0.0291925
0.0286264
0.028043
0.0274426
0.0268255
0.0261921
0.0255428
0.024878
0.0241981
0.0235035
0.0227946
0.0220719
0.0213358
0.0205868
0.0198252
0.0190516
0.0182665
0.0174702
0.0166634
0.0158464
0.0150198
0.0141841
0.0133398
0.0124874
0.0116274
0.0107603
0.00988674
0.00900715
0.00812209
0.00723211
0.00633773
0.0054395
0.00453797
0.00363369
0.0027272
0.00181905
0.000909802
0
0
-0.00151589
-0.00303087
-0.004544
-0.00605438
-0.00756108
-0.00906319
-0.0105598
-0.01205
-0.0135329
-0.0150075
-0.0164731
-0.0179286
-0.0193733
-0.0208062
-0.0222265
-0.0236333
-0.0250257
-0.026403
-0.0277642
-0.0291085
-0.0304352
-0.0317434
-0.0330324
-0.0343012
-0.0355493
-0.0367758
-0.0379799
-0.039161
-0.0403183
-0.0414512
-0.0425589
-0.0436407
-0.044696
-0.0457243
-0.0467247
-0.0476968
-0.0486399
-0.0495535
-0.050437
-0.0512899
-0.0521117
-0.0529018
-0.0536598
-0.0543852
-0.0550776
-0.0557366
-0.0563618
-0.0569527
-0.057509
-0.0580305
-0.0585167
-0.0589673
-0.0593822
-0.059761
-0.0601036
-0.0604096
-0.060679
-0.0609115
-0.0611071
-0.0612656
-0.0613869
-0.0614709
-0.0615175
-0.0615269
-0.0614989
-0.0614335
-0.0613309
-0.061191
-0.061014
-0.0607999
-0.0605489
-0.0602612
-0.0599368
-0.0595761
-0.0591793
-0.0587464
-0.058278
-0.0577741
-0.0572352
-0.0566615
-0.0560534
-0.0554113
-0.0547356
-0.0540266
-0.0532849
-0.0525107
-0.0517047
-0.0508673
-0.0499991
-0.0491004
-0.048172
-0.0472143
-0.046228
-0.0452136
-0.0441717
-0.043103
-0.0420082
-0.0408879
-0.0397427
-0.0385734
-0.0373807
-0.0361653
-0.0349279
-0.0336694
-0.0323903
-0.0310917
-0.0297741
-0.0284385
-0.0270856
-0.0257163
-0.0243313
-0.0229316
-0.021518
-0.0200913
-0.0186524
-0.0172022
-0.0157415
-0.0142713
-0.0127924
-0.0113057
-0.00981223
-0.00831276
-0.00680824
-0.00529959
-0.00378772
-0.00227355
-0.000758005
0.000758005
0.00227355
0.00378772
0.00529959
0.00680824
0.00831276
0.00981223
0.0113057
0.0127924
0.0142713
0.0157415
0.0172022
0.0186524
0.0200913
0.021518
0.0229316
0.0243313
0.0257163
0.0270856
0.0284385
0.0297741
0.0310917
0.0323903
0.0336694
0.0349279
0.0361653
0.0373807
0.0385734
0.0397427
0.0408879
0.0420082
0.043103
0.0441717
0.0452136
0.046228
0.0472143
0.048172
0.0491004
0.0499991
0.0508673
0.0517047
0.0525107
0.0532849
0.0540266
0.0547356
0.0554113
0.0560534
0.0566615
0.0572352
0.0577741
0.058278
0.0587464
0.0591793
0.0595761
0.0599368
0.0602612
0.0605489
0.0607999
0.061014
0.061191
0.0613309
0.0614335
0.0614989
0.0615269
0.0615175
0.0614709
0.0613869
0.0612656
0.0611071
0.0609115
0.060679
0.0604096
0.0601036
0.059761
0.0593822
0.0589673
0.0585167
0.0580305
0.057509
0.0569527
0.0563618
0.0557366
0.0550776
0.0543852
0.0536598
0.0529018
0.0521117
0.0512899
0.050437
0.0495535
0.0486399
0.0476968
0.0467247
0.0457243
0.044696
0.0436407
0.0425589
0.0414512
0.0403183
0.039161
0.0379799
0.0367758
0.0355493
0.0343012
0.0330324
0.0317434
0.0304352
0.0291085
0.0277642
0.026403
0.0250257
0.0236333
0.0222265
0.0208062
0.0193733
0.0179286
0.0164731
0.0150075
0.0135329
0.01205
0.0105598
0.00906319
0.00756108
0.00605438
0.004544
0.00303087
0.00151589
0
0
-0.00212107
-0.00424084
-0.00635805
-0.00847139
-0.0105796
-0.0126814
-0.0147754
-0.0168606
-0.0189354
-0.0209988
-0.0230494
-0.0250861
-0.0271075
-0.0291124
-0.0310997
-0.0330681
-0.0350164
-0.0369435
-0.0388481
-0.0407292
-0.0425855
-0.0444159
-0.0462194
-0.0479949
-0.0497412
-0.0514573
-0.0531422
-0.0547948
-0.0564141
-0.0579992
-0.0595491
-0.0610628
-0.0625395
-0.0639782
-0.065378
-0.0667382
-0.0680578
-0.0693361
-0.0705724
-0.0717658
-0.0729156
-0.0740211
-0.0750817
-0.0760968
-0.0770656
-0.0779877
-0.0788624
-0.0796892
-0.0804676
-0.0811972
-0.0818775
-0.0825081
-0.0830886
-0.0836187
-0.084098
-0.0845262
-0.0849031
-0.0852285
-0.0855021
-0.0857239
-0.0858936
-0.0860111
-0.0860764
-0.0860895
-0.0860503
-0.0859588
-0.0858152
-0.0856195
-0.0853718
-0.0850723
-0.0847211
-0.0843185
-0.0838647
-0.08336
-0.0828046
-0.0821991
-0.0815436
-0.0808386
-0.0800845
-0.0792818
-0.078431
-0.0775325
-0.076587
-0.075595
-0.0745571
-0.0734739
-0.0723462
-0.0711745
-0.0699596
-0.0687022
-0.0674031
-0.0660631
-0.064683
-0.0632636
-0.0618058
-0.0603105
-0.0587786
-0.057211
-0.0556087
-0.0539726
-0.0523037
-0.0506031
-0.0488718
-0.0471107
-0.0453211
-0.043504
-0.0416605
-0.0397916
-0.0378987
-0.0359827
-0.0340448
-0.0320863
-0.0301083
-0.0281121
-0.0260988
-0.0240696
-0.0220258
-0.0199686
-0.0178994
-0.0158192
-0.0137294
-0.0116314
-0.00952621
-0.00741528
-0.00529985
-0.0031812
-0.00106061
0.00106061
0.0031812
0.00529985
0.00741528
0.00952621
0.0116314
0.0137294
0.0158192
0.0178994
0.0199686
0.0220258
0.0240696
0.0260988
0.0281121
0.0301083
0.0320863
0.0340448
0.0359827
0.0378987
0.0397916
0.0416605
0.043504
0.0453211
0.0471107
0.0488718
0.0506031
0.0523037
0.0539726
0.0556087
0.057211
0.0587786
0.0603105
0.0618058
0.0632636
0.064683
0.0660631
0.0674031
0.0687022
0.0699596
0.0711745
0.0723462
0.0734739
0.0745571
0.075595
0.076587
0.0775325
0.078431
0.0792818
0.0800845
0.0808386
0.0815436
0.0821991
0.0828046
0.08336
0.0838647
0.0843185
0.0847211
0.0850723
0.0853718
0.0856195
0.0858152
0.0859588
0.0860503
0.0860895
0.0860764
0.0860111
0.0858936
0.0857239
0.0855021
0.0852285
0.0849031
0.0845262
0.084098
0.0836187
0.0830886
0.0825081
0.0818775
0.0811972
0.0804676
0.0796892
0.0788624
0.0779877
0.0770656
0.0760968
0.0750817
0.0740211
0.0729156
0.0717658
0.0705724
0.0693361
0.0680578
0.0667382
0.065378
0.0639782
0.0625395
0.0610628
0.0595491
0.0579992
0.0564141
0.0547948
0.0531422
0.0514573
0.0497412
0.0479949
0.0462194
0.0444159
0.0425855
0.0407292
0.0388481
0.0369435
0.0350164
0.0330681
0.0310997
0.0291124
0.0271075
0.0250861
0.0230494
0.0209988
0.0189354
0.0168606
0.0147754
0.0126814
0.0105796
0.00847139
0.00635805
0.00424084
0.00212107
0
0
-0.00272495
-0.00544824
-0.00816823
-0.0108833
-0.0135917
-0.0162919
-0.0189821
-0.0216609
-0.0243265
-0.0269773
-0.0296118
-0.0322283
-0.0348252
-0.037401
-0.039954
-0.0424828
-0.0449859
-0.0474616
-0.0499085
-0.0523251
-0.0547099
-0.0570615
-0.0593785
-0.0616594
-0.0639029
-0.0661076
-0.0682722
-0.0703953
-0.0724757
-0.074512
-0.0765032
-0.0784479
-0.0803449
-0.0821932
-0.0839916
-0.085739
-0.0874344
-0.0890767
-0.0906649
-0.092198
-0.0936752
-0.0950955
-0.0964581
-0.0977621
-0.0990068
-0.100191
-0.101315
-0.102377
-0.103377
-0.104315
-0.105189
-0.105999
-0.106745
-0.107426
-0.108041
-0.108591
-0.109076
-0.109494
-0.109845
-0.11013
-0.110348
-0.110499
-0.110583
-0.1106
-0.110549
-0.110432
-0.110247
-0.109996
-0.109678
-0.109293
-0.108842
-0.108325
-0.107742
-0.107093
-0.10638
-0.105602
-0.10476
-0.103854
-0.102885
-0.101854
-0.100761
-0.0996066
-0.0983919
-0.0971175
-0.0957841
-0.0943925
-0.0929437
-0.0914384
-0.0898776
-0.0882622
-0.0865933
-0.0848718
-0.0830988
-0.0812753
-0.0794024
-0.0774814
-0.0755133
-0.0734994
-0.0714409
-0.069339
-0.067195
-0.0650102
-0.0627859
-0.0605235
-0.0582244
-0.0558899
-0.0535215
-0.0511206
-0.0486887
-0.0462272
-0.0437377
-0.0412216
-0.0386804
-0.0361158
-0.0335293
-0.0309224
-0.0282967
-0.0256539
-0.0229954
-0.020323
-0.0176383
-0.0149429
-0.0122384
-0.00952647
-0.00680875
-0.00408691
-0.00136258
0.00136258
0.00408691
0.00680875
0.00952647
0.0122384
0.0149429
0.0176383
0.020323
0.0229954
0.0256539
0.0282967
0.0309224
0.0335293
0.0361158
0.0386804
0.0412216
0.0437377
0.0462272
0.0486887
0.0511206
0.0535215
0.0558899
0.0582244
0.0605235
0.0627859
0.0650102
0.067195
0.069339
0.0714409
0.0734994
0.0755133
0.0774814
0.0794024
0.0812753
0.0830988
0.0848718
0.0865933
0.0882622
0.0898776
0.0914384
0.0929437
0.0943925
0.0957841
0.0971175
0.0983919
0.0996066
0.100761
0.101854
0.102885
0.103854
0.10476
0.105602
0.10638
0.107093
0.107742
0.108325
0.108842
0.109293
0.109678
0.109996
0.110247
0.110432
0.110549
0.1106
0.110583
0.110499
0.110348
0.11013
0.109845
0.109494
0.109076
0.108591
0.108041
0.107426
0.106745
0.105999
0.105189
0.104315
0.103377
0.102377
0.101315
0.100191
0.0990068
0.0977621
0.0964581
0.0950955
0.0936752
0.092198
0.0906649
0.0890767
0.0874344
0.085739
0.0839916
0.0821932
0.0803449
0.0784479
0.0765032
0.074512
0.0724757
0.0703953
0.0682722
0.0661076
0.0639029
0.0616594
0.0593785
0.0570615
0.0547099
0.0523251
0.0499085
0.0474616
0.0449859
0.0424828
0.039954
0.037401
0.0348252
0.0322283
0.0296118
0.0269773
0.0243265
0.0216609
0.0189821
0.0162919
0.0135917
0.0108833
0.00816823
0.00544824
0.00272495
0
0
-0.00332718
-0.00665234
-0.00997346
-0.0132885
-0.0165955
-0.0198924
-0.0231773
-0.0264481
-0.0297028
-0.0329395
-0.0361562
-0.0393509
-0.0425217
-0.0456668
-0.0487841
-0.0518718
-0.054928
-0.0579508
-0.0609385
-0.0638892
-0.0668011
-0.0696724
-0.0725015
-0.0752865
-0.0780258
-0.0807177
-0.0833607
-0.085953
-0.0884932
-0.0909796
-0.0934108
-0.0957853
-0.0981016
-0.100358
-0.102554
-0.104688
-0.106758
-0.108763
-0.110702
-0.112574
-0.114378
-0.116112
-0.117776
-0.119368
-0.120888
-0.122334
-0.123706
-0.125003
-0.126224
-0.127369
-0.128436
-0.129425
-0.130336
-0.131167
-0.131919
-0.132591
-0.133182
-0.133692
-0.134122
-0.134469
-0.134736
-0.13492
-0.135023
-0.135043
-0.134982
-0.134838
-0.134613
-0.134306
-0.133917
-0.133447
-0.132897
-0.132265
-0.131553
-0.130761
-0.12989
-0.12894
-0.127912
-0.126806
-0.125623
-0.124364
-0.12303
-0.12162
-0.120137
-0.118581
-0.116953
-0.115254
-0.113485
-0.111647
-0.109741
-0.107769
-0.105731
-0.103629
-0.101464
-0.0992376
-0.0969508
-0.0946052
-0.0922022
-0.0897432
-0.0872297
-0.0846633
-0.0820454
-0.0793778
-0.076662
-0.0738996
-0.0710923
-0.0682419
-0.0653501
-0.0624186
-0.0594492
-0.0564437
-0.0534039
-0.0503318
-0.047229
-0.0440976
-0.0409394
-0.0377564
-0.0345504
-0.0313235
-0.0280776
-0.0248146
-0.0215365
-0.0182454
-0.0149432
-0.0116319
-0.00831353
-0.00499014
-0.00166372
0.00166372
0.00499014
0.00831353
0.0116319
0.0149432
0.0182454
0.0215365
0.0248146
0.0280776
0.0313235
0.0345504
0.0377564
0.0409394
0.0440976
0.047229
0.0503318
0.0534039
0.0564437
0.0594492
0.0624186
0.0653501
0.0682419
0.0710923
0.0738996
0.076662
0.0793778
0.0820454
0.0846633
0.0872297
0.0897432
0.0922022
0.0946052
0.0969508
0.0992376
0.101464
0.103629
0.105731
0.107769
0.109741
0.111647
0.113485
0.115254
0.116953
0.118581
0.120137
0.12162
0.12303
0.124364
0.125623
0.126806
0.127912
0.12894
0.12989
0.130761
0.131553
0.132265
0.132897
0.133447
0.133917
0.134306
0.134613
0.134838
0.134982
0.135043
0.135023
0.13492
0.134736
0.134469
0.134122
0.133692
0.133182
0.132591
0.131919
0.131167
0.130336
0.129425
0.128436
0.127369
0.126224
0.125003
0.123706
0.122334
0.120888
0.119368
0.117776
0.116112
0.114378
0.112574
0.110702
0.108763
0.106758
0.104688
0.102554
0.100358
0.0981016
0.0957853
0.0934108
0.0909796
0.0884932
0.085953
0.0833607
0.0807177
0.0780258
0.0752865
0.0725015
0.0696724
0.0668011
0.0638892
0.0609385
0.0579508
0.054928
0.0518718
0.0487841
0.0456668
0.0425217
0.0393509
0.0361562
0.0329395
0.0297028
0.0264481
0.0231773
0.0198924
0.0165955
0.0132885
0.00997346
0.00665234
0.00332718
0
0
-0.00392739
-0.00785239
-0.0117726
-0.0156857
-0.0195893
-0.023481
-0.0273584
-0.0312192
-0.035061
-0.0388816
-0.0426786
-0.0464496
-0.0501925
-0.0539049
-0.0575845
-0.0612292
-0.0648368
-0.0684049
-0.0719316
-0.0754145
-0.0788517
-0.082241
-0.0855804
-0.0888678
-0.0921013
-0.0952789
-0.0983986
-0.101459
-0.104457
-0.107392
-0.110262
-0.113065
-0.115799
-0.118463
-0.121055
-0.123573
-0.126017
-0.128384
-0.130673
-0.132882
-0.135011
-0.137058
-0.139022
-0.140902
-0.142696
-0.144403
-0.146022
-0.147553
-0.148995
-0.150346
-0.151605
-0.152773
-0.153848
-0.154829
-0.155717
-0.15651
-0.157208
-0.15781
-0.158317
-0.158727
-0.159041
-0.159259
-0.15938
-0.159404
-0.159332
-0.159162
-0.158896
-0.158534
-0.158075
-0.157521
-0.15687
-0.156125
-0.155285
-0.15435
-0.153322
-0.152201
-0.150987
-0.149682
-0.148285
-0.146799
-0.145224
-0.14356
-0.141809
-0.139973
-0.138051
-0.136045
-0.133957
-0.131787
-0.129538
-0.12721
-0.124804
-0.122323
-0.119768
-0.11714
-0.11444
-0.111672
-0.108835
-0.105933
-0.102966
-0.0999362
-0.0968461
-0.0936972
-0.0904915
-0.0872308
-0.0839171
-0.0805525
-0.077139
-0.0736786
-0.0701736
-0.0666259
-0.0630378
-0.0594114
-0.0557489
-0.0520526
-0.0483247
-0.0445675
-0.0407832
-0.0369741
-0.0331426
-0.029291
-0.0254216
-0.0215368
-0.0176388
-0.0137302
-0.00981325
-0.00589034
-0.00196384
0.00196384
0.00589034
0.00981325
0.0137302
0.0176388
0.0215368
0.0254216
0.029291
0.0331426
0.0369741
0.0407832
0.0445675
0.0483247
0.0520526
0.0557489
0.0594114
0.0630378
0.0666259
0.0701736
0.0736786
0.077139
0.0805525
0.0839171
0.0872308
0.0904915
0.0936972
0.0968461
0.0999362
0.102966
0.105933
0.108835
0.111672
0.11444
0.11714
0.119768
0.122323
0.124804
0.12721
0.129538
0.131787
0.133957
0.136045
0.138051
0.139973
0.141809
0.14356
0.145224
0.146799
0.148285
0.149682
0.150987
0.152201
0.153322
0.15435
0.155285
0.156125
0.15687
0.157521
0.158075
0.158534
0.158896
0.159162
0.159332
0.159404
0.15938
0.159259
0.159041
0.158727
0.158317
0.15781
0.157208
0.15651
0.155717
0.154829
0.153848
0.152773
0.151605
0.150346
0.148995
0.147553
0.146022
0.144403
0.142696
0.140902
0.139022
0.137058
0.135011
0.132882
0.130673
0.128384
0.126017
0.123573
0.121055
0.118463
0.115799
0.113065
0.110262
0.107392
0.104457
0.101459
0.0983986
0.0952789
0.0921013
0.0888678
0.0855804
0.082241
0.0788517
0.0754145
0.0719316
0.0684049
0.0648368
0.0612292
0.0575845
0.0539049
0.0501925
0.0464496
0.0426786
0.0388816
0.035061
0.0312192
0.0273584
0.023481
0.0195893
0.0156857
0.0117726
0.00785239
0.00392739
0
0
-0.00452521
-0.00904768
-0.0135646
-0.0180734
-0.0225712
-0.0270552
-0.0315229
-0.0359714
-0.040398
-0.0448001
-0.0491751
-0.0535202
-0.0578328
-0.0621102
-0.06635
-0.0705495
-0.0747062
-0.0788175
-0.082881
-0.0868941
-0.0908545
-0.0947597
-0.0986074
-0.102395
-0.106121
-0.109782
-0.113377
-0.116903
-0.120357
-0.123739
-0.127046
-0.130275
-0.133426
-0.136495
-0.139482
-0.142383
-0.145199
-0.147926
-0.150563
-0.15311
-0.155563
-0.157921
-0.160184
-0.16235
-0.164417
-0.166384
-0.16825
-0.170014
-0.171675
-0.173231
-0.174683
-0.176028
-0.177266
-0.178397
-0.17942
-0.180333
-0.181138
-0.181832
-0.182416
-0.182889
-0.183251
-0.183501
-0.183641
-0.183669
-0.183585
-0.18339
-0.183084
-0.182666
-0.182137
-0.181498
-0.180749
-0.17989
-0.178922
-0.177845
-0.176661
-0.175369
-0.17397
-0.172466
-0.170857
-0.169145
-0.167329
-0.165413
-0.163395
-0.161279
-0.159065
-0.156754
-0.154348
-0.151848
-0.149256
-0.146574
-0.143802
-0.140943
-0.137999
-0.134971
-0.13186
-0.12867
-0.125402
-0.122058
-0.118639
-0.115148
-0.111588
-0.10796
-0.104266
-0.100509
-0.0966909
-0.0928141
-0.088881
-0.084894
-0.0808554
-0.0767677
-0.0726334
-0.068455
-0.064235
-0.0599761
-0.0556807
-0.0513515
-0.0469912
-0.0426023
-0.0381876
-0.0337497
-0.0292913
-0.0248151
-0.0203238
-0.0158202
-0.011307
-0.00678696
-0.00226278
0.00226278
0.00678696
0.011307
0.0158202
0.0203238
0.0248151
0.0292913
0.0337497
0.0381876
0.0426023
0.0469912
0.0513515
0.0556807
0.0599761
0.064235
0.068455
0.0726334
0.0767677
0.0808554
0.084894
0.088881
0.0928141
0.0966909
0.100509
0.104266
0.10796
0.111588
0.115148
0.118639
0.122058
0.125402
0.12867
0.13186
0.134971
0.137999
0.140943
0.143802
0.146574
0.149256
0.151848
0.154348
0.156754
0.159065
0.161279
0.163395
0.165413
0.167329
0.169145
0.170857
0.172466
0.17397
0.175369
0.176661
0.177845
0.178922
0.17989
0.180749
0.181498
0.182137
0.182666
0.183084
0.18339
0.183585
0.183669
0.183641
0.183501
0.183251
0.182889
0.182416
0.181832
0.181138
0.180333
0.17942
0.178397
0.177266
0.176028
0.174683
0.173231
0.171675
0.170014
0.16825
0.166384
0.164417
0.16235
0.160184
0.157921
0.155563
0.15311
0.150563
0.147926
0.145199
0.142383
0.139482
0.136495
0.133426
0.130275
0.127046
0.123739
0.120357
0.116903
0.113377
0.109782
0.106121
0.102395
0.0986074
0.0947597
0.0908545
0.0868941
0.082881
0.0788175
0.0747062
0.0705495
0.06635
0.0621102
0.0578328
0.0535202
0.0491751
0.0448001
0.040398
0.0359714
0.0315229
0.0270552
0.0225712
0.0180734
0.0135646
0.00904768
0.00452521
0
0
-0.00512029
-0.0102375
-0.0153484
-0.0204501
-0.0255393
-0.030613
-0.0356682
-0.0407017
-0.0457105
-0.0506915
-0.0556417
-0.0605582
-0.0654379
-0.0702779
-0.0750752
-0.079827
-0.0845302
-0.0891822
-0.09378
-0.0983209
-0.102802
-0.107221
-0.111575
-0.115861
-0.120076
-0.124219
-0.128286
-0.132276
-0.136185
-0.140011
-0.143753
-0.147407
-0.150971
-0.154444
-0.157824
-0.161107
-0.164293
-0.167379
-0.170363
-0.173244
-0.17602
-0.178688
-0.181249
-0.183699
-0.186038
-0.188264
-0.190375
-0.192371
-0.19425
-0.196012
-0.197654
-0.199176
-0.200577
-0.201857
-0.203014
-0.204048
-0.204958
-0.205743
-0.206404
-0.206939
-0.207349
-0.207632
-0.20779
-0.207822
-0.207727
-0.207506
-0.207159
-0.206687
-0.206089
-0.205366
-0.204518
-0.203546
-0.202451
-0.201232
-0.199892
-0.19843
-0.196848
-0.195146
-0.193325
-0.191388
-0.189334
-0.187165
-0.184882
-0.182488
-0.179982
-0.177367
-0.174645
-0.171816
-0.168884
-0.165848
-0.162712
-0.159478
-0.156146
-0.15272
-0.1492
-0.145591
-0.141893
-0.138108
-0.13424
-0.130291
-0.126262
-0.122157
-0.117977
-0.113726
-0.109406
-0.105019
-0.100569
-0.0960577
-0.0914881
-0.0868628
-0.0821848
-0.077457
-0.0726821
-0.0678631
-0.0630029
-0.0581044
-0.0531706
-0.0482046
-0.0432093
-0.0381878
-0.0331431
-0.0280783
-0.0229964
-0.0179006
-0.0127939
-0.00767946
-0.00256034
0.00256034
0.00767946
0.0127939
0.0179006
0.0229964
0.0280783
0.0331431
0.0381878
0.0432093
0.0482046
0.0531706
0.0581044
0.0630029
0.0678631
0.0726821
0.077457
0.0821848
0.0868628
0.0914881
0.0960577
0.100569
0.105019
0.109406
0.113726
0.117977
0.122157
0.126262
0.130291
0.13424
0.138108
0.141893
0.145591
0.1492
0.15272
0.156146
0.159478
0.162712
0.165848
0.168884
0.171816
0.174645
0.177367
0.179982
0.182488
0.184882
0.187165
0.189334
0.191388
0.193325
0.195146
0.196848
0.19843
0.199892
0.201232
0.202451
0.203546
0.204518
0.205366
0.206089
0.206687
0.207159
0.207506
0.207727
0.207822
0.20779
0.207632
0.207349
0.206939
0.206404
0.205743
0.204958
0.204048
0.203014
0.201857
0.200577
0.199176
0.197654
0.196012
0.19425
0.192371
0.190375
0.188264
0.186038
0.183699
0.181249
0.178688
0.17602
0.173244
0.170363
0.167379
0.164293
0.161107
0.157824
0.154444
0.150971
0.147407
0.143753
0.140011
0.136185
0.132276
0.128286
0.124219
0.120076
0.115861
0.111575
0.107221
0.102802
0.0983209
0.09378
0.0891822
0.0845302
0.079827
0.0750752
0.0702779
0.0654379
0.0605582
0.0556417
0.0506915
0.0457105
0.0407017
0.0356682
0.030613
0.0255393
0.0204501
0.0153484
0.0102375
0.00512029
0
0
-0.00571226
-0.011421
-0.0171229
-0.0228144
-0.028492
-0.0341523
-0.0397919
-0.0454073
-0.0509952
-0.0565521
-0.0620746
-0.0675595
-0.0730034
-0.0784029
-0.0837548
-0.0890559
-0.094303
-0.0994928
-0.104622
-0.109688
-0.114687
-0.119617
-0.124474
-0.129255
-0.133958
-0.13858
-0.143118
-0.147568
-0.151929
-0.156198
-0.160372
-0.164449
-0.168426
-0.1723
-0.17607
-0.179733
-0.183287
-0.18673
-0.190059
-0.193273
-0.19637
-0.199347
-0.202203
-0.204937
-0.207546
-0.210029
-0.212385
-0.214612
-0.216708
-0.218673
-0.220505
-0.222203
-0.223767
-0.225194
-0.226485
-0.227638
-0.228653
-0.22953
-0.230267
-0.230864
-0.231321
-0.231637
-0.231813
-0.231848
-0.231743
-0.231496
-0.23111
-0.230583
-0.229915
-0.229109
-0.228163
-0.227079
-0.225857
-0.224497
-0.223002
-0.221371
-0.219606
-0.217707
-0.215676
-0.213514
-0.211223
-0.208803
-0.206257
-0.203585
-0.20079
-0.197873
-0.194836
-0.191681
-0.188409
-0.185022
-0.181524
-0.177915
-0.174198
-0.170376
-0.16645
-0.162423
-0.158297
-0.154075
-0.14976
-0.145354
-0.14086
-0.13628
-0.131617
-0.126874
-0.122055
-0.117161
-0.112196
-0.107163
-0.102065
-0.0969052
-0.0916864
-0.086412
-0.081085
-0.0757089
-0.0702868
-0.064822
-0.0593178
-0.0537777
-0.0482049
-0.0426028
-0.0369749
-0.0313245
-0.0256551
-0.0199702
-0.0142731
-0.0085673
-0.00285635
0.00285635
0.0085673
0.0142731
0.0199702
0.0256551
0.0313245
0.0369749
0.0426028
0.0482049
0.0537777
0.0593178
0.064822
0.0702868
0.0757089
0.081085
0.086412
0.0916864
0.0969052
0.102065
0.107163
0.112196
0.117161
0.122055
0.126874
0.131617
0.13628
0.14086
0.145354
0.14976
0.154075
0.158297
0.162423
0.16645
0.170376
0.174198
0.177915
0.181524
0.185022
0.188409
0.191681
0.194836
0.197873
0.20079
0.203585
0.206257
0.208803
0.211223
0.213514
0.215676
0.217707
0.219606
0.221371
0.223002
0.224497
0.225857
0.227079
0.228163
0.229109
0.229915
0.230583
0.23111
0.231496
0.231743
0.231848
0.231813
0.231637
0.231321
0.230864
0.230267
0.22953
0.228653
0.227638
0.226485
0.225194
0.223767
0.222203
0.220505
0.218673
0.216708
0.214612
0.212385
0.210029
0.207546
0.204937
0.202203
0.199347
0.19637
0.193273
0.190059
0.18673
0.183287
0.179733
0.17607
0.1723
0.168426
0.164449
0.160372
0.156198
0.151929
0.147568
0.143118
0.13858
0.133958
0.129255
0.124474
0.119617
0.114687
0.109688
0.104622
0.0994928
0.094303
0.0890559
0.0837548
0.0784029
0.0730034
0.0675595
0.0620746
0.0565521
0.0509952
0.0454073
0.0397919
0.0341523
0.028492
0.0228144
0.0171229
0.011421
0.00571226
0
0
-0.00630076
-0.0125977
-0.018887
-0.0251648
-0.0314273
-0.0376708
-0.0438914
-0.0500853
-0.0562489
-0.0623783
-0.0684698
-0.0745198
-0.0805245
-0.0864803
-0.0923836
-0.0982309
-0.104018
-0.109743
-0.115401
-0.120989
-0.126503
-0.13194
-0.137298
-0.142572
-0.147759
-0.152857
-0.157862
-0.162771
-0.167582
-0.17229
-0.176894
-0.181391
-0.185777
-0.190051
-0.19421
-0.19825
-0.20217
-0.205967
-0.20964
-0.213185
-0.2166
-0.219884
-0.223035
-0.22605
-0.228928
-0.231667
-0.234266
-0.236722
-0.239034
-0.241201
-0.243222
-0.245096
-0.24682
-0.248395
-0.249818
-0.25109
-0.25221
-0.253177
-0.25399
-0.254648
-0.255152
-0.255501
-0.255695
-0.255734
-0.255618
-0.255346
-0.25492
-0.254338
-0.253602
-0.252713
-0.251669
-0.250473
-0.249125
-0.247626
-0.245976
-0.244177
-0.24223
-0.240136
-0.237896
-0.235512
-0.232984
-0.230315
-0.227507
-0.22456
-0.221477
-0.218259
-0.214909
-0.211428
-0.207819
-0.204084
-0.200225
-0.196245
-0.192145
-0.187929
-0.183598
-0.179156
-0.174606
-0.169949
-0.165189
-0.160329
-0.155371
-0.15032
-0.145177
-0.139945
-0.134629
-0.129231
-0.123755
-0.118204
-0.11258
-0.106889
-0.101132
-0.0953145
-0.0894388
-0.0835087
-0.077528
-0.0715002
-0.065429
-0.0593181
-0.0531712
-0.0469919
-0.0407842
-0.0345517
-0.0282982
-0.0220276
-0.0157435
-0.00944994
-0.00315062
0.00315062
0.00944994
0.0157435
0.0220276
0.0282982
0.0345517
0.0407842
0.0469919
0.0531712
0.0593181
0.065429
0.0715002
0.077528
0.0835087
0.0894388
0.0953145
0.101132
0.106889
0.11258
0.118204
0.123755
0.129231
0.134629
0.139945
0.145177
0.15032
0.155371
0.160329
0.165189
0.169949
0.174606
0.179156
0.183598
0.187929
0.192145
0.196245
0.200225
0.204084
0.207819
0.211428
0.214909
0.218259
0.221477
0.22456
0.227507
0.230315
0.232984
0.235512
0.237896
0.240136
0.24223
0.244177
0.245976
0.247626
0.249125
0.250473
0.251669
0.252713
0.253602
0.254338
0.25492
0.255346
0.255618
0.255734
0.255695
0.255501
0.255152
0.254648
0.25399
0.253177
0.25221
0.25109
0.249818
0.248395
0.24682
0.245096
0.243222
0.241201
0.239034
0.236722
0.234266
0.231667
0.228928
0.22605
0.223035
0.219884
0.2166
0.213185
0.20964
0.205967
0.20217
0.19825
0.19421
0.190051
0.185777
0.181391
0.176894
0.17229
0.167582
0.162771
0.157862
0.152857
0.147759
0.142572
0.137298
0.13194
0.126503
0.120989
0.115401
0.109743
0.104018
0.0982309
0.0923836
0.0864803
0.0805245
0.0745198
0.0684698
0.0623783
0.0562489
0.0500853
0.0438914
0.0376708
0.0314273
0.0251648
0.018887
0.0125977
0.00630076
0
0
-0.00688544
-0.0137667
-0.0206396
-0.0275
-0.0343436
-0.0411664
-0.0479643
-0.054733
-0.0614685
-0.0681666
-0.0748234
-0.0814348
-0.0879967
-0.0945052
-0.100956
-0.107346
-0.113671
-0.119926
-0.126109
-0.132216
-0.138242
-0.144184
-0.150038
-0.155802
-0.161471
-0.167041
-0.172511
-0.177876
-0.183132
-0.188278
-0.193309
-0.198223
-0.203017
-0.207687
-0.212231
-0.216646
-0.22093
-0.22508
-0.229093
-0.232967
-0.2367
-0.240289
-0.243731
-0.247027
-0.250172
-0.253165
-0.256004
-0.258688
-0.261215
-0.263584
-0.265792
-0.267839
-0.269724
-0.271444
-0.273
-0.27439
-0.275614
-0.27667
-0.277558
-0.278278
-0.278829
-0.279211
-0.279423
-0.279465
-0.279338
-0.279041
-0.278575
-0.277939
-0.277135
-0.276163
-0.275023
-0.273716
-0.272243
-0.270604
-0.268802
-0.266836
-0.264708
-0.262419
-0.259971
-0.257366
-0.254604
-0.251687
-0.248618
-0.245398
-0.242028
-0.238512
-0.234851
-0.231048
-0.227104
-0.223022
-0.218805
-0.214455
-0.209975
-0.205367
-0.200635
-0.195781
-0.190808
-0.185719
-0.180518
-0.175207
-0.169789
-0.164269
-0.158648
-0.152932
-0.147122
-0.141223
-0.135239
-0.129172
-0.123027
-0.116808
-0.110517
-0.104159
-0.0977382
-0.0912579
-0.0847222
-0.078135
-0.0715005
-0.0648225
-0.0581051
-0.0513525
-0.0445687
-0.0377579
-0.0309241
-0.0240716
-0.0172044
-0.0103268
-0.00344298
0.00344298
0.0103268
0.0172044
0.0240716
0.0309241
0.0377579
0.0445687
0.0513525
0.0581051
0.0648225
0.0715005
0.078135
0.0847222
0.0912579
0.0977382
0.104159
0.110517
0.116808
0.123027
0.129172
0.135239
0.141223
0.147122
0.152932
0.158648
0.164269
0.169789
0.175207
0.180518
0.185719
0.190808
0.195781
0.200635
0.205367
0.209975
0.214455
0.218805
0.223022
0.227104
0.231048
0.234851
0.238512
0.242028
0.245398
0.248618
0.251687
0.254604
0.257366
0.259971
0.262419
0.264708
0.266836
0.268802
0.270604
0.272243
0.273716
0.275023
0.276163
0.277135
0.277939
0.278575
0.279041
0.279338
0.279465
0.279423
0.279211
0.278829
0.278278
0.277558
0.27667
0.275614
0.27439
0.273
0.271444
0.269724
0.267839
0.265792
0.263584
0.261215
0.258688
0.256004
0.253165
0.250172
0.247027
0.243731
0.240289
0.2367
0.232967
0.229093
0.22508
0.22093
0.216646
0.212231
0.207687
0.203017
0.198223
0.193309
0.188278
0.183132
0.177876
0.172511
0.167041
0.161471
0.155802
0.150038
0.144184
0.138242
0.132216
0.126109
0.119926
0.113671
0.107346
0.100956
0.0945052
0.0879967
0.0814348
0.0748234
0.0681666
0.0614685
0.054733
0.0479643
0.0411664
0.0343436
0.0275
0.0206396
0.0137667
0.00688544
0
0
-0.00746593
-0.0149273
-0.0223797
-0.0298184
-0.0372391
-0.0446371
-0.052008
-0.0593474
-0.0666507
-0.0739136
-0.0811316
-0.0883004
-0.0954155
-0.102473
-0.109468
-0.116396
-0.123254
-0.130037
-0.136741
-0.143362
-0.149896
-0.15634
-0.162688
-0.168937
-0.175084
-0.181124
-0.187055
-0.192872
-0.198572
-0.204151
-0.209607
-0.214935
-0.220132
-0.225197
-0.230124
-0.234911
-0.239556
-0.244056
-0.248407
-0.252608
-0.256655
-0.260547
-0.26428
-0.267853
-0.271263
-0.274508
-0.277587
-0.280498
-0.283238
-0.285806
-0.2882
-0.29042
-0.292463
-0.294329
-0.296016
-0.297523
-0.29885
-0.299995
-0.300959
-0.301739
-0.302336
-0.30275
-0.30298
-0.303026
-0.302888
-0.302566
-0.302061
-0.301372
-0.3005
-0.299446
-0.298209
-0.296792
-0.295195
-0.293418
-0.291464
-0.289332
-0.287025
-0.284543
-0.281889
-0.279064
-0.276069
-0.272906
-0.269578
-0.266087
-0.262433
-0.258621
-0.254651
-0.250527
-0.24625
-0.241825
-0.237252
-0.232535
-0.227677
-0.222681
-0.21755
-0.212287
-0.206895
-0.201377
-0.195737
-0.189978
-0.184104
-0.178118
-0.172023
-0.165825
-0.159526
-0.15313
-0.146641
-0.140062
-0.133399
-0.126655
-0.119834
-0.112941
-0.105978
-0.0989516
-0.0918649
-0.0847224
-0.0775285
-0.0702875
-0.0630039
-0.0556819
-0.0483262
-0.0409412
-0.0335313
-0.026101
-0.0186549
-0.0111975
-0.00373325
0.00373325
0.0111975
0.0186549
0.026101
0.0335313
0.0409412
0.0483262
0.0556819
0.0630039
0.0702875
0.0775285
0.0847224
0.0918649
0.0989516
0.105978
0.112941
0.119834
0.126655
0.133399
0.140062
0.146641
0.15313
0.159526
0.165825
0.172023
0.178118
0.184104
0.189978
0.195737
0.201377
0.206895
0.212287
0.21755
0.222681
0.227677
0.232535
0.237252
0.241825
0.24625
0.250527
0.254651
0.258621
0.262433
0.266087
0.269578
0.272906
0.276069
0.279064
0.281889
0.284543
0.287025
0.289332
0.291464
0.293418
0.295195
0.296792
0.298209
0.299446
0.3005
0.301372
0.302061
0.302566
0.302888
0.303026
0.30298
0.30275
0.302336
0.301739
0.300959
0.299995
0.29885
0.297523
0.296016
0.294329
0.292463
0.29042
0.2882
0.285806
0.283238
0.280498
0.277587
0.274508
0.271263
0.267853
0.26428
0.260547
0.256655
0.252608
0.248407
0.244056
0.239556
0.234911
0.230124
0.225197
0.220132
0.214935
0.209607
0.204151
0.198572
0.192872
0.187055
0.181124
0.175084
0.168937
0.162688
0.15634
0.149896
0.143362
0.136741
0.130037
0.123254
0.116396
0.109468
0.102473
0.0954155
0.0883004
0.0811316
0.0739136
0.0666507
0.0593474
0.052008
0.0446371
0.0372391
0.0298184
0.0223797
0.0149273
0.00746593
0
0
-0.00804189
-0.0160789
-0.0241062
-0.0321188
-0.0401119
-0.0480806
-0.0560202
-0.0639258
-0.0717925
-0.0796157
-0.0873906
-0.0951123
-0.102776
-0.110378
-0.117913
-0.125376
-0.132763
-0.140069
-0.14729
-0.154422
-0.16146
-0.1684
-0.175238
-0.18197
-0.188591
-0.195097
-0.201485
-0.207751
-0.213891
-0.219901
-0.225777
-0.231516
-0.237115
-0.242569
-0.247877
-0.253034
-0.258037
-0.262884
-0.267571
-0.272096
-0.276455
-0.280647
-0.284668
-0.288516
-0.29219
-0.295686
-0.299002
-0.302137
-0.305088
-0.307854
-0.310434
-0.312825
-0.315026
-0.317035
-0.318852
-0.320476
-0.321905
-0.323139
-0.324176
-0.325017
-0.32566
-0.326106
-0.326354
-0.326403
-0.326255
-0.325908
-0.325363
-0.324621
-0.323682
-0.322546
-0.321215
-0.319688
-0.317968
-0.316054
-0.313949
-0.311653
-0.309168
-0.306495
-0.303636
-0.300592
-0.297366
-0.29396
-0.290375
-0.286614
-0.282679
-0.278572
-0.274296
-0.269854
-0.265248
-0.26048
-0.255555
-0.250474
-0.245242
-0.23986
-0.234333
-0.228664
-0.222856
-0.216912
-0.210837
-0.204634
-0.198306
-0.191859
-0.185294
-0.178618
-0.171832
-0.164943
-0.157953
-0.150868
-0.143691
-0.136426
-0.129079
-0.121653
-0.114154
-0.106585
-0.0989519
-0.0912584
-0.0835095
-0.0757099
-0.0678643
-0.0599776
-0.0520544
-0.0440996
-0.0361181
-0.0281146
-0.0200941
-0.0120613
-0.00402125
0.00402125
0.0120613
0.0200941
0.0281146
0.0361181
0.0440996
0.0520544
0.0599776
0.0678643
0.0757099
0.0835095
0.0912584
0.0989519
0.106585
0.114154
0.121653
0.129079
0.136426
0.143691
0.150868
0.157953
0.164943
0.171832
0.178618
0.185294
0.191859
0.198306
0.204634
0.210837
0.216912
0.222856
0.228664
0.234333
0.23986
0.245242
0.250474
0.255555
0.26048
0.265248
0.269854
0.274296
0.278572
0.282679
0.286614
0.290375
0.29396
0.297366
0.300592
0.303636
0.306495
0.309168
0.311653
0.313949
0.316054
0.317968
0.319688
0.321215
0.322546
0.323682
0.324621
0.325363
0.325908
0.326255
0.326403
0.326354
0.326106
0.32566
0.325017
0.324176
0.323139
0.321905
0.320476
0.318852
0.317035
0.315026
0.312825
0.310434
0.307854
0.305088
0.302137
0.299002
0.295686
0.29219
0.288516
0.284668
0.280647
0.276455
0.272096
0.267571
0.262884
0.258037
0.253034
0.247877
0.242569
0.237115
0.231516
0.225777
0.219901
0.213891
0.207751
0.201485
0.195097
0.188591
0.18197
0.175238
0.1684
0.16146
0.154422
0.14729
0.140069
0.132763
0.125376
0.117913
0.110378
0.102776
0.0951123
0.0873906
0.0796157
0.0717925
0.0639258
0.0560202
0.0480806
0.0401119
0.0321188
0.0241062
0.0160789
0.00804189
0
0
-0.00861297
-0.0172207
-0.025818
-0.0343996
-0.0429604
-0.051495
-0.0599984
-0.0684654
-0.0768908
-0.0852695
-0.0935964
-0.101867
-0.110075
-0.118216
-0.126286
-0.134279
-0.142191
-0.150016
-0.15775
-0.165388
-0.172926
-0.180359
-0.187682
-0.194892
-0.201983
-0.208952
-0.215793
-0.222504
-0.22908
-0.235516
-0.24181
-0.247957
-0.253953
-0.259795
-0.265479
-0.271003
-0.276361
-0.281552
-0.286572
-0.291418
-0.296087
-0.300576
-0.304883
-0.309005
-0.312939
-0.316683
-0.320235
-0.323592
-0.326753
-0.329716
-0.332479
-0.335039
-0.337396
-0.339549
-0.341495
-0.343234
-0.344765
-0.346086
-0.347197
-0.348097
-0.348786
-0.349264
-0.349529
-0.349582
-0.349423
-0.349052
-0.348468
-0.347674
-0.346668
-0.345451
-0.344025
-0.342391
-0.340548
-0.338498
-0.336243
-0.333784
-0.331123
-0.32826
-0.325198
-0.321938
-0.318483
-0.314835
-0.310996
-0.306967
-0.302753
-0.298354
-0.293775
-0.289017
-0.284084
-0.278978
-0.273703
-0.268261
-0.262657
-0.256893
-0.250974
-0.244902
-0.238681
-0.232316
-0.225809
-0.219165
-0.212389
-0.205483
-0.198453
-0.191302
-0.184035
-0.176656
-0.16917
-0.161581
-0.153894
-0.146114
-0.138245
-0.130292
-0.12226
-0.114154
-0.105979
-0.0977389
-0.0894397
-0.0810863
-0.0726836
-0.0642368
-0.0557509
-0.0472313
-0.0386829
-0.0301111
-0.021521
-0.0129178
-0.00430681
0.00430681
0.0129178
0.021521
0.0301111
0.0386829
0.0472313
0.0557509
0.0642368
0.0726836
0.0810863
0.0894397
0.0977389
0.105979
0.114154
0.12226
0.130292
0.138245
0.146114
0.153894
0.161581
0.16917
0.176656
0.184035
0.191302
0.198453
0.205483
0.212389
0.219165
0.225809
0.232316
0.238681
0.244902
0.250974
0.256893
0.262657
0.268261
0.273703
0.278978
0.284084
0.289017
0.293775
0.298354
0.302753
0.306967
0.310996
0.314835
0.318483
0.321938
0.325198
0.32826
0.331123
0.333784
0.336243
0.338498
0.340548
0.342391
0.344025
0.345451
0.346668
0.347674
0.348468
0.349052
0.349423
0.349582
0.349529
0.349264
0.348786
0.348097
0.347197
0.346086
0.344765
0.343234
0.341495
0.339549
0.337396
0.335039
0.332479
0.329716
0.326753
0.323592
0.320235
0.316683
0.312939
0.309005
0.304883
0.300576
0.296087
0.291418
0.286572
0.281552
0.276361
0.271003
0.265479
0.259795
0.253953
0.247957
0.24181
0.235516
0.22908
0.222504
0.215793
0.208952
0.201983
0.194892
0.187682
0.180359
0.172926
0.165388
0.15775
0.150016
0.142191
0.134279
0.126286
0.118216
0.110075
0.101867
0.0935964
0.0852695
0.0768908
0.0684654
0.0599984
0.051495
0.0429604
0.0343996
0.025818
0.0172207
0.00861297
0
0
-0.00917883
-0.0183521
-0.0275142
-0.0366596
-0.0457827
-0.0548781
-0.0639401
-0.0729634
-0.0819423
-0.0908715
-0.0997455
-0.108559
-0.117307
-0.125983
-0.134583
-0.143101
-0.151532
-0.159871
-0.168114
-0.176254
-0.184287
-0.192208
-0.200013
-0.207696
-0.215253
-0.222679
-0.229971
-0.237122
-0.24413
-0.250989
-0.257696
-0.264247
-0.270637
-0.276863
-0.282921
-0.288807
-0.294517
-0.300049
-0.305399
-0.310563
-0.315539
-0.320323
-0.324913
-0.329306
-0.333498
-0.337488
-0.341274
-0.344852
-0.34822
-0.351378
-0.354322
-0.357051
-0.359563
-0.361856
-0.363931
-0.365784
-0.367415
-0.368823
-0.370007
-0.370967
-0.371701
-0.37221
-0.372492
-0.372549
-0.372379
-0.371983
-0.371362
-0.370515
-0.369443
-0.368147
-0.366627
-0.364885
-0.362921
-0.360737
-0.358334
-0.355713
-0.352876
-0.349826
-0.346562
-0.343089
-0.339407
-0.335519
-0.331427
-0.327134
-0.322643
-0.317955
-0.313075
-0.308005
-0.302747
-0.297306
-0.291684
-0.285885
-0.279913
-0.273771
-0.267462
-0.260991
-0.254362
-0.247578
-0.240644
-0.233564
-0.226342
-0.218983
-0.211491
-0.20387
-0.196125
-0.188262
-0.180284
-0.172197
-0.164005
-0.155714
-0.147328
-0.138852
-0.130293
-0.121654
-0.112941
-0.10416
-0.0953157
-0.0864134
-0.0774587
-0.068457
-0.0594136
-0.0503342
-0.0412243
-0.0320893
-0.0229349
-0.0137665
-0.00458976
0.00458976
0.0137665
0.0229349
0.0320893
0.0412243
0.0503342
0.0594136
0.068457
0.0774587
0.0864134
0.0953157
0.10416
0.112941
0.121654
0.130293
0.138852
0.147328
0.155714
0.164005
0.172197
0.180284
0.188262
0.196125
0.20387
0.211491
0.218983
0.226342
0.233564
0.240644
0.247578
0.254362
0.260991
0.267462
0.273771
0.279913
0.285885
0.291684
0.297306
0.302747
0.308005
0.313075
0.317955
0.322643
0.327134
0.331427
0.335519
0.339407
0.343089
0.346562
0.349826
0.352876
0.355713
0.358334
0.360737
0.362921
0.364885
0.366627
0.368147
0.369443
0.370515
0.371362
0.371983
0.372379
0.372549
0.372492
0.37221
0.371701
0.370967
0.370007
0.368823
0.367415
0.365784
0.363931
0.361856
0.359563
0.357051
0.354322
0.351378
0.34822
0.344852
0.341274
0.337488
0.333498
0.329306
0.324913
0.320323
0.315539
0.310563
0.305399
0.300049
0.294517
0.288807
0.282921
0.276863
0.270637
0.264247
0.257696
0.250989
0.24413
0.237122
0.229971
0.222679
0.215253
0.207696
0.200013
0.192208
0.184287
0.176254
0.168114
0.159871
0.151532
0.143101
0.134583
0.125983
0.117307
0.108559
0.0997455
0.0908715
0.0819423
0.0729634
0.0639401
0.0548781
0.0457827
0.0366596
0.0275142
0.0183521
0.00917883
0
0
-0.0097391
-0.0194723
-0.0291937
-0.0388973
-0.0485773
-0.0582279
-0.0678431
-0.0774171
-0.0869441
-0.0964183
-0.105834
-0.115185
-0.124467
-0.133673
-0.142798
-0.151836
-0.160782
-0.16963
-0.178375
-0.187012
-0.195536
-0.203941
-0.212222
-0.220374
-0.228392
-0.236272
-0.244008
-0.251596
-0.259032
-0.26631
-0.273426
-0.280377
-0.287157
-0.293763
-0.30019
-0.306436
-0.312495
-0.318364
-0.324041
-0.32952
-0.3348
-0.339876
-0.344746
-0.349407
-0.353855
-0.358089
-0.362105
-0.365902
-0.369476
-0.372826
-0.37595
-0.378845
-0.38151
-0.383944
-0.386145
-0.388111
-0.389842
-0.391336
-0.392592
-0.393611
-0.39439
-0.394929
-0.395229
-0.395289
-0.395109
-0.394689
-0.39403
-0.393131
-0.391994
-0.390619
-0.389006
-0.387158
-0.385074
-0.382756
-0.380207
-0.377426
-0.374416
-0.371179
-0.367717
-0.364031
-0.360124
-0.355999
-0.351658
-0.347103
-0.342337
-0.337364
-0.332185
-0.326805
-0.321227
-0.315454
-0.309489
-0.303336
-0.296999
-0.290482
-0.283788
-0.276922
-0.269888
-0.262691
-0.255333
-0.247821
-0.240158
-0.23235
-0.2244
-0.216314
-0.208097
-0.199753
-0.191289
-0.182708
-0.174016
-0.165218
-0.156321
-0.147328
-0.138246
-0.12908
-0.119835
-0.110518
-0.101134
-0.0916882
-0.0821868
-0.0726356
-0.0630403
-0.0534067
-0.0437406
-0.0340481
-0.0243348
-0.0146068
-0.00486992
0.00486992
0.0146068
0.0243348
0.0340481
0.0437406
0.0534067
0.0630403
0.0726356
0.0821868
0.0916882
0.101134
0.110518
0.119835
0.12908
0.138246
0.147328
0.156321
0.165218
0.174016
0.182708
0.191289
0.199753
0.208097
0.216314
0.2244
0.23235
0.240158
0.247821
0.255333
0.262691
0.269888
0.276922
0.283788
0.290482
0.296999
0.303336
0.309489
0.315454
0.321227
0.326805
0.332185
0.337364
0.342337
0.347103
0.351658
0.355999
0.360124
0.364031
0.367717
0.371179
0.374416
0.377426
0.380207
0.382756
0.385074
0.387158
0.389006
0.390619
0.391994
0.393131
0.39403
0.394689
0.395109
0.395289
0.395229
0.394929
0.39439
0.393611
0.392592
0.391336
0.389842
0.388111
0.386145
0.383944
0.38151
0.378845
0.37595
0.372826
0.369476
0.365902
0.362105
0.358089
0.353855
0.349407
0.344746
0.339876
0.3348
0.32952
0.324041
0.318364
0.312495
0.306436
0.30019
0.293763
0.287157
0.280377
0.273426
0.26631
0.259032
0.251596
0.244008
0.236272
0.228392
0.220374
0.212222
0.203941
0.195536
0.187012
0.178375
0.16963
0.160782
0.151836
0.142798
0.133673
0.124467
0.115185
0.105834
0.0964183
0.0869441
0.0774171
0.0678431
0.0582279
0.0485773
0.0388973
0.0291937
0.0194723
0.0097391
0
0
-0.0102935
-0.0205807
-0.0308554
-0.0411114
-0.0513425
-0.0615423
-0.0717048
-0.0818238
-0.0918931
-0.101907
-0.111858
-0.121742
-0.131552
-0.141282
-0.150926
-0.160479
-0.169934
-0.179286
-0.188529
-0.197657
-0.206666
-0.215549
-0.224302
-0.232918
-0.241393
-0.249721
-0.257897
-0.265918
-0.273776
-0.281469
-0.28899
-0.296336
-0.303502
-0.310484
-0.317278
-0.323878
-0.330283
-0.336486
-0.342486
-0.348277
-0.353857
-0.359222
-0.36437
-0.369295
-0.373997
-0.378472
-0.382717
-0.386729
-0.390507
-0.394048
-0.397349
-0.40041
-0.403227
-0.405799
-0.408125
-0.410203
-0.412032
-0.413612
-0.414939
-0.416015
-0.416839
-0.417409
-0.417726
-0.41779
-0.4176
-0.417156
-0.416459
-0.415509
-0.414307
-0.412853
-0.411149
-0.409195
-0.406993
-0.404544
-0.401849
-0.39891
-0.395729
-0.392307
-0.388648
-0.384752
-0.380623
-0.376263
-0.371675
-0.36686
-0.361823
-0.356567
-0.351094
-0.345408
-0.339512
-0.33341
-0.327105
-0.320602
-0.313905
-0.307017
-0.299942
-0.292685
-0.285251
-0.277643
-0.269867
-0.261927
-0.253828
-0.245575
-0.237173
-0.228627
-0.219942
-0.211124
-0.202177
-0.193108
-0.183921
-0.174623
-0.165219
-0.155714
-0.146115
-0.136427
-0.126657
-0.116809
-0.106891
-0.0969072
-0.086865
-0.0767701
-0.0666286
-0.0564467
-0.0462304
-0.0359861
-0.02572
-0.0154383
-0.00514713
0.00514713
0.0154383
0.02572
0.0359861
0.0462304
0.0564467
0.0666286
0.0767701
0.086865
0.0969072
0.106891
0.116809
0.126657
0.136427
0.146115
0.155714
0.165219
0.174623
0.183921
0.193108
0.202177
0.211124
0.219942
0.228627
0.237173
0.245575
0.253828
0.261927
0.269867
0.277643
0.285251
0.292685
0.299942
0.307017
0.313905
0.320602
0.327105
0.33341
0.339512
0.345408
0.351094
0.356567
0.361823
0.36686
0.371675
0.376263
0.380623
0.384752
0.388648
0.392307
0.395729
0.39891
0.401849
0.404544
0.406993
0.409195
0.411149
0.412853
0.414307
0.415509
0.416459
0.417156
0.4176
0.41779
0.417726
0.417409
0.416839
0.416015
0.414939
0.413612
0.412032
0.410203
0.408125
0.405799
0.403227
0.40041
0.397349
0.394048
0.390507
0.386729
0.382717
0.378472
0.373997
0.369295
0.36437
0.359222
0.353857
0.348277
0.342486
0.336486
0.330283
0.323878
0.317278
0.310484
0.303502
0.296336
0.28899
0.281469
0.273776
0.265918
0.257897
0.249721
0.241393
0.232918
0.224302
0.215549
0.206666
0.197657
0.188529
0.179286
0.169934
0.160479
0.150926
0.141282
0.131552
0.121742
0.111858
0.101907
0.0918931
0.0818238
0.0717048
0.0615423
0.0513425
0.0411114
0.0308554
0.0205807
0.0102935
0
0
-0.0108416
-0.0216766
-0.0324984
-0.0433006
-0.0540764
-0.0648194
-0.075523
-0.0861808
-0.0967863
-0.107333
-0.117815
-0.128225
-0.138557
-0.148805
-0.158963
-0.169024
-0.178982
-0.188832
-0.198568
-0.208182
-0.217671
-0.227027
-0.236245
-0.24532
-0.254247
-0.263018
-0.27163
-0.280077
-0.288354
-0.296456
-0.304378
-0.312116
-0.319664
-0.327017
-0.334172
-0.341125
-0.34787
-0.354404
-0.360723
-0.366823
-0.3727
-0.378351
-0.383772
-0.38896
-0.393912
-0.398625
-0.403096
-0.407322
-0.411301
-0.41503
-0.418508
-0.421731
-0.424698
-0.427407
-0.429857
-0.432046
-0.433973
-0.435636
-0.437035
-0.438168
-0.439035
-0.439636
-0.43997
-0.440037
-0.439836
-0.439369
-0.438635
-0.437634
-0.436368
-0.434837
-0.433042
-0.430984
-0.428665
-0.426085
-0.423247
-0.420151
-0.416801
-0.413197
-0.409343
-0.40524
-0.400891
-0.396299
-0.391466
-0.386395
-0.38109
-0.375554
-0.369789
-0.3638
-0.35759
-0.351164
-0.344523
-0.337674
-0.33062
-0.323365
-0.315914
-0.308271
-0.30044
-0.292428
-0.284237
-0.275875
-0.267345
-0.258652
-0.249802
-0.240801
-0.231654
-0.222366
-0.212943
-0.203391
-0.193715
-0.183921
-0.174016
-0.164006
-0.153895
-0.143692
-0.133401
-0.123029
-0.112582
-0.102067
-0.0914905
-0.0808581
-0.0701765
-0.0594524
-0.0486922
-0.0379024
-0.0270896
-0.0162603
-0.00542121
0.00542121
0.0162603
0.0270896
0.0379024
0.0486922
0.0594524
0.0701765
0.0808581
0.0914905
0.102067
0.112582
0.123029
0.133401
0.143692
0.153895
0.164006
0.174016
0.183921
0.193715
0.203391
0.212943
0.222366
0.231654
0.240801
0.249802
0.258652
0.267345
0.275875
0.284237
0.292428
0.30044
0.308271
0.315914
0.323365
0.33062
0.337674
0.344523
0.351164
0.35759
0.3638
0.369789
0.375554
0.38109
0.386395
0.391466
0.396299
0.400891
0.40524
0.409343
0.413197
0.416801
0.420151
0.423247
0.426085
0.428665
0.430984
0.433042
0.434837
0.436368
0.437634
0.438635
0.439369
0.439836
0.440037
0.43997
0.439636
0.439035
0.438168
0.437035
0.435636
0.433973
0.432046
0.429857
0.427407
0.424698
0.421731
0.418508
0.41503
0.411301
0.407322
0.403096
0.398625
0.393912
0.38896
0.383772
0.378351
0.3727
0.366823
0.360723
0.354404
0.34787
0.341125
0.334172
0.327017
0.319664
0.312116
0.304378
0.296456
0.288354
0.280077
0.27163
0.263018
0.254247
0.24532
0.236245
0.227027
0.217671
0.208182
0.198568
0.188832
0.178982
0.169024
0.158963
0.148805
0.138557
0.128225
0.117815
0.107333
0.0967863
0.0861808
0.075523
0.0648194
0.0540764
0.0433006
0.0324984
0.0216766
0.0108416
0
0
-0.0113831
-0.0227593
-0.0341217
-0.0454634
-0.0567775
-0.0680571
-0.0792954
-0.0904855
-0.101621
-0.112694
-0.123699
-0.134629
-0.145478
-0.156238
-0.166903
-0.177467
-0.187923
-0.198265
-0.208486
-0.218581
-0.228543
-0.238367
-0.248046
-0.257574
-0.266946
-0.276156
-0.285198
-0.294067
-0.302758
-0.311264
-0.319582
-0.327706
-0.335631
-0.343352
-0.350864
-0.358164
-0.365246
-0.372106
-0.378741
-0.385145
-0.391316
-0.397249
-0.402941
-0.408389
-0.413588
-0.418536
-0.423231
-0.427668
-0.431846
-0.435761
-0.439412
-0.442796
-0.445912
-0.448756
-0.451329
-0.453627
-0.45565
-0.457396
-0.458864
-0.460054
-0.460965
-0.461596
-0.461946
-0.462016
-0.461806
-0.461315
-0.460545
-0.459494
-0.458165
-0.456557
-0.454673
-0.452512
-0.450077
-0.447368
-0.444388
-0.441138
-0.43762
-0.433836
-0.429789
-0.425482
-0.420915
-0.416094
-0.41102
-0.405696
-0.400126
-0.394313
-0.38826
-0.381972
-0.375452
-0.368704
-0.361732
-0.354541
-0.347134
-0.339517
-0.331693
-0.323669
-0.315447
-0.307034
-0.298435
-0.289655
-0.280698
-0.271572
-0.26228
-0.252829
-0.243225
-0.233473
-0.223579
-0.21355
-0.203391
-0.193108
-0.182708
-0.172198
-0.161582
-0.150869
-0.140064
-0.129174
-0.118206
-0.107166
-0.0960604
-0.0848969
-0.0736818
-0.062422
-0.0511243
-0.0397956
-0.0284427
-0.0170725
-0.00569199
0.00569199
0.0170725
0.0284427
0.0397956
0.0511243
0.062422
0.0736818
0.0848969
0.0960604
0.107166
0.118206
0.129174
0.140064
0.150869
0.161582
0.172198
0.182708
0.193108
0.203391
0.21355
0.223579
0.233473
0.243225
0.252829
0.26228
0.271572
0.280698
0.289655
0.298435
0.307034
0.315447
0.323669
0.331693
0.339517
0.347134
0.354541
0.361732
0.368704
0.375452
0.381972
0.38826
0.394313
0.400126
0.405696
0.41102
0.416094
0.420915
0.425482
0.429789
0.433836
0.43762
0.441138
0.444388
0.447368
0.450077
0.452512
0.454673
0.456557
0.458165
0.459494
0.460545
0.461315
0.461806
0.462016
0.461946
0.461596
0.460965
0.460054
0.458864
0.457396
0.45565
0.453627
0.451329
0.448756
0.445912
0.442796
0.439412
0.435761
0.431846
0.427668
0.423231
0.418536
0.413588
0.408389
0.402941
0.397249
0.391316
0.385145
0.378741
0.372106
0.365246
0.358164
0.350864
0.343352
0.335631
0.327706
0.319582
0.311264
0.302758
0.294067
0.285198
0.276156
0.266946
0.257574
0.248046
0.238367
0.228543
0.218581
0.208486
0.198265
0.187923
0.177467
0.166903
0.156238
0.145478
0.134629
0.123699
0.112694
0.101621
0.0904855
0.0792954
0.0680571
0.0567775
0.0454634
0.0341217
0.0227593
0.0113831
0
0
-0.0119177
-0.0238283
-0.0357243
-0.0475987
-0.0594441
-0.0712535
-0.0830196
-0.0947353
-0.106394
-0.117987
-0.129509
-0.140952
-0.15231
-0.163576
-0.174742
-0.185802
-0.196749
-0.207576
-0.218278
-0.228847
-0.239277
-0.249562
-0.259696
-0.269672
-0.279484
-0.289126
-0.298593
-0.307878
-0.316977
-0.325883
-0.334592
-0.343097
-0.351394
-0.359478
-0.367343
-0.374985
-0.3824
-0.389583
-0.396529
-0.403234
-0.409695
-0.415907
-0.421866
-0.427569
-0.433013
-0.438194
-0.443108
-0.447754
-0.452128
-0.456227
-0.46005
-0.463593
-0.466855
-0.469833
-0.472526
-0.474932
-0.47705
-0.478878
-0.480416
-0.481661
-0.482615
-0.483275
-0.483642
-0.483716
-0.483495
-0.482982
-0.482175
-0.481075
-0.479683
-0.478
-0.476027
-0.473765
-0.471215
-0.468379
-0.465259
-0.461856
-0.458173
-0.454212
-0.449975
-0.445465
-0.440684
-0.435636
-0.430324
-0.42475
-0.418918
-0.412832
-0.406495
-0.399912
-0.393086
-0.386021
-0.378722
-0.371192
-0.363438
-0.355463
-0.347272
-0.33887
-0.330263
-0.321455
-0.312451
-0.303259
-0.293882
-0.284326
-0.274598
-0.264704
-0.254648
-0.244438
-0.23408
-0.22358
-0.212943
-0.202178
-0.19129
-0.180285
-0.169171
-0.157955
-0.146642
-0.135241
-0.123758
-0.112199
-0.100572
-0.0888842
-0.0771424
-0.0653538
-0.0535255
-0.0416646
-0.0297785
-0.0178744
-0.00595933
0.00595933
0.0178744
0.0297785
0.0416646
0.0535255
0.0653538
0.0771424
0.0888842
0.100572
0.112199
0.123758
0.135241
0.146642
0.157955
0.169171
0.180285
0.19129
0.202178
0.212943
0.22358
0.23408
0.244438
0.254648
0.264704
0.274598
0.284326
0.293882
0.303259
0.312451
0.321455
0.330263
0.33887
0.347272
0.355463
0.363438
0.371192
0.378722
0.386021
0.393086
0.399912
0.406495
0.412832
0.418918
0.42475
0.430324
0.435636
0.440684
0.445465
0.449975
0.454212
0.458173
0.461856
0.465259
0.468379
0.471215
0.473765
0.476027
0.478
0.479683
0.481075
0.482175
0.482982
0.483495
0.483716
0.483642
0.483275
0.482615
0.481661
0.480416
0.478878
0.47705
0.474932
0.472526
0.469833
0.466855
0.463593
0.46005
0.456227
0.452128
0.447754
0.443108
0.438194
0.433013
0.427569
0.421866
0.415907
0.409695
0.403234
0.396529
0.389583
0.3824
0.374985
0.367343
0.359478
0.351394
0.343097
0.334592
0.325883
0.316977
0.307878
0.298593
0.289126
0.279484
0.269672
0.259696
0.249562
0.239277
0.228847
0.218278
0.207576
0.196749
0.185802
0.174742
0.163576
0.15231
0.140952
0.129509
0.117987
0.106394
0.0947353
0.0830196
0.0712535
0.0594441
0.0475987
0.0357243
0.0238283
0.0119177
0
0
-0.0124451
-0.0248827
-0.0373052
-0.049705
-0.0620747
-0.0744066
-0.0866934
-0.0989276
-0.111102
-0.123208
-0.13524
-0.14719
-0.15905
-0.170814
-0.182474
-0.194024
-0.205455
-0.216762
-0.227937
-0.238974
-0.249866
-0.260606
-0.271188
-0.281605
-0.291851
-0.301921
-0.311806
-0.321503
-0.331004
-0.340304
-0.349398
-0.35828
-0.366944
-0.375385
-0.383599
-0.391579
-0.399322
-0.406823
-0.414076
-0.421078
-0.427825
-0.434311
-0.440535
-0.44649
-0.452175
-0.457585
-0.462717
-0.467568
-0.472136
-0.476416
-0.480408
-0.484108
-0.487514
-0.490624
-0.493436
-0.495949
-0.49816
-0.50007
-0.501675
-0.502976
-0.503972
-0.504661
-0.505045
-0.505121
-0.504891
-0.504355
-0.503512
-0.502364
-0.50091
-0.499153
-0.497092
-0.49473
-0.492068
-0.489106
-0.485848
-0.482295
-0.478449
-0.474312
-0.469888
-0.465178
-0.460186
-0.454914
-0.449366
-0.443546
-0.437456
-0.431101
-0.424484
-0.417609
-0.410481
-0.403103
-0.395481
-0.387619
-0.379521
-0.371193
-0.362639
-0.353866
-0.344878
-0.33568
-0.326278
-0.316679
-0.306887
-0.296908
-0.28675
-0.276418
-0.265917
-0.255255
-0.244439
-0.233473
-0.222367
-0.211125
-0.199755
-0.188263
-0.176658
-0.164945
-0.153132
-0.141226
-0.129234
-0.117164
-0.105023
-0.0928176
-0.0805562
-0.0682458
-0.0558941
-0.0435084
-0.0310963
-0.0186653
-0.00622304
0.00622304
0.0186653
0.0310963
0.0435084
0.0558941
0.0682458
0.0805562
0.0928176
0.105023
0.117164
0.129234
0.141226
0.153132
0.164945
0.176658
0.188263
0.199755
0.211125
0.222367
0.233473
0.244439
0.255255
0.265917
0.276418
0.28675
0.296908
0.306887
0.316679
0.326278
0.33568
0.344878
0.353866
0.362639
0.371193
0.379521
0.387619
0.395481
0.403103
0.410481
0.417609
0.424484
0.431101
0.437456
0.443546
0.449366
0.454914
0.460186
0.465178
0.469888
0.474312
0.478449
0.482295
0.485848
0.489106
0.492068
0.49473
0.497092
0.499153
0.50091
0.502364
0.503512
0.504355
0.504891
0.505121
0.505045
0.504661
0.503972
0.502976
0.501675
0.50007
0.49816
0.495949
0.493436
0.490624
0.487514
0.484108
0.480408
0.476416
0.472136
0.467568
0.462717
0.457585
0.452175
0.44649
0.440535
0.434311
0.427825
0.421078
0.414076
0.406823
0.399322
0.391579
0.383599
0.375385
0.366944
0.35828
0.349398
0.340304
0.331004
0.321503
0.311806
0.301921
0.291851
0.281605
0.271188
0.260606
0.249866
0.238974
0.227937
0.216762
0.205455
0.194024
0.182474
0.170814
0.15905
0.14719
0.13524
0.123208
0.111102
0.0989276
0.0866934
0.0744066
0.0620747
0.049705
0.0373052
0.0248827
0.0124451
0
0
-0.012965
-0.0259221
-0.0388634
-0.0517812
-0.0646675
-0.0775146
-0.0903146
-0.10306
-0.115742
-0.128355
-0.140889
-0.153338
-0.165694
-0.177949
-0.190096
-0.202128
-0.214037
-0.225816
-0.237458
-0.248956
-0.260303
-0.271492
-0.282515
-0.293368
-0.304042
-0.314532
-0.32483
-0.334932
-0.34483
-0.354519
-0.363993
-0.373245
-0.382271
-0.391065
-0.399622
-0.407936
-0.416002
-0.423816
-0.431372
-0.438667
-0.445695
-0.452453
-0.458936
-0.46514
-0.471062
-0.476698
-0.482045
-0.487099
-0.491857
-0.496316
-0.500475
-0.504329
-0.507877
-0.511117
-0.514047
-0.516665
-0.518969
-0.520958
-0.52263
-0.523985
-0.525023
-0.525741
-0.52614
-0.52622
-0.525981
-0.525422
-0.524544
-0.523347
-0.521833
-0.520003
-0.517856
-0.515395
-0.512621
-0.509536
-0.506142
-0.50244
-0.498433
-0.494124
-0.489515
-0.484608
-0.479408
-0.473916
-0.468137
-0.462073
-0.455729
-0.449108
-0.442214
-0.435053
-0.427626
-0.419941
-0.412
-0.403809
-0.395374
-0.386698
-0.377787
-0.368647
-0.359283
-0.349701
-0.339907
-0.329906
-0.319705
-0.30931
-0.298728
-0.287963
-0.277025
-0.265917
-0.254649
-0.243226
-0.231655
-0.219943
-0.208098
-0.196127
-0.184037
-0.171835
-0.159528
-0.147125
-0.134632
-0.122058
-0.109409
-0.0966946
-0.083921
-0.0710965
-0.0582288
-0.0453258
-0.0323952
-0.019445
-0.00648298
0.00648298
0.019445
0.0323952
0.0453258
0.0582288
0.0710965
0.083921
0.0966946
0.109409
0.122058
0.134632
0.147125
0.159528
0.171835
0.184037
0.196127
0.208098
0.219943
0.231655
0.243226
0.254649
0.265917
0.277025
0.287963
0.298728
0.30931
0.319705
0.329906
0.339907
0.349701
0.359283
0.368647
0.377787
0.386698
0.395374
0.403809
0.412
0.419941
0.427626
0.435053
0.442214
0.449108
0.455729
0.462073
0.468137
0.473916
0.479408
0.484608
0.489515
0.494124
0.498433
0.50244
0.506142
0.509536
0.512621
0.515395
0.517856
0.520003
0.521833
0.523347
0.524544
0.525422
0.525981
0.52622
0.52614
0.525741
0.525023
0.523985
0.52263
0.520958
0.518969
0.516665
0.514047
0.511117
0.507877
0.504329
0.500475
0.496316
0.491857
0.487099
0.482045
0.476698
0.471062
0.46514
0.458936
0.452453
0.445695
0.438667
0.431372
0.423816
0.416002
0.407936
0.399622
0.391065
0.382271
0.373245
0.363993
0.354519
0.34483
0.334932
0.32483
0.314532
0.304042
0.293368
0.282515
0.271492
0.260303
0.248956
0.237458
0.225816
0.214037
0.202128
0.190096
0.177949
0.165694
0.153338
0.140889
0.128355
0.115742
0.10306
0.0903146
0.0775146
0.0646675
0.0517812
0.0388634
0.0259221
0.012965
0
0
-0.0134769
-0.0269457
-0.0403981
-0.0538259
-0.0672211
-0.0805755
-0.093881
-0.107129
-0.120313
-0.133423
-0.146453
-0.159393
-0.172237
-0.184976
-0.197603
-0.21011
-0.222489
-0.234733
-0.246835
-0.258787
-0.270582
-0.282212
-0.293671
-0.304952
-0.316048
-0.326952
-0.337657
-0.348158
-0.358447
-0.368518
-0.378366
-0.387984
-0.397367
-0.406508
-0.415402
-0.424044
-0.432429
-0.440551
-0.448406
-0.455989
-0.463295
-0.470319
-0.477058
-0.483508
-0.489663
-0.495522
-0.50108
-0.506333
-0.511279
-0.515915
-0.520238
-0.524244
-0.527933
-0.531301
-0.534346
-0.537067
-0.539462
-0.541529
-0.543268
-0.544677
-0.545755
-0.546502
-0.546917
-0.547
-0.546751
-0.54617
-0.545257
-0.544014
-0.54244
-0.540536
-0.538305
-0.535747
-0.532864
-0.529657
-0.526128
-0.52228
-0.518116
-0.513636
-0.508845
-0.503745
-0.498339
-0.49263
-0.486622
-0.480319
-0.473725
-0.466842
-0.459677
-0.452232
-0.444513
-0.436523
-0.428269
-0.419755
-0.410986
-0.401968
-0.392705
-0.383204
-0.373471
-0.36351
-0.353329
-0.342934
-0.33233
-0.321524
-0.310524
-0.299335
-0.287964
-0.276418
-0.264704
-0.25283
-0.240802
-0.228629
-0.216316
-0.203872
-0.191304
-0.17862
-0.165828
-0.152935
-0.139949
-0.126878
-0.11373
-0.100513
-0.0872349
-0.0739039
-0.0605281
-0.0471156
-0.0336744
-0.0202128
-0.00673898
0.00673898
0.0202128
0.0336744
0.0471156
0.0605281
0.0739039
0.0872349
0.100513
0.11373
0.126878
0.139949
0.152935
0.165828
0.17862
0.191304
0.203872
0.216316
0.228629
0.240802
0.25283
0.264704
0.276418
0.287964
0.299335
0.310524
0.321524
0.33233
0.342934
0.353329
0.36351
0.373471
0.383204
0.392705
0.401968
0.410986
0.419755
0.428269
0.436523
0.444513
0.452232
0.459677
0.466842
0.473725
0.480319
0.486622
0.49263
0.498339
0.503745
0.508845
0.513636
0.518116
0.52228
0.526128
0.529657
0.532864
0.535747
0.538305
0.540536
0.54244
0.544014
0.545257
0.54617
0.546751
0.547
0.546917
0.546502
0.545755
0.544677
0.543268
0.541529
0.539462
0.537067
0.534346
0.531301
0.527933
0.524244
0.520238
0.515915
0.511279
0.506333
0.50108
0.495522
0.489663
0.483508
0.477058
0.470319
0.463295
0.455989
0.448406
0.440551
0.432429
0.424044
0.415402
0.406508
0.397367
0.387984
0.378366
0.368518
0.358447
0.348158
0.337657
0.326952
0.316048
0.304952
0.293671
0.282212
0.270582
0.258787
0.246835
0.234733
0.222489
0.21011
0.197603
0.184976
0.172237
0.159393
0.146453
0.133423
0.120313
0.107129
0.093881
0.0805755
0.0672211
0.0538259
0.0403981
0.0269457
0.0134769
0
0
-0.0139807
-0.0279529
-0.0419082
-0.055838
-0.0697339
-0.0835875
-0.0973903
-0.111134
-0.12481
-0.138411
-0.151927
-0.165351
-0.178675
-0.191891
-0.204989
-0.217964
-0.230806
-0.243508
-0.256062
-0.268461
-0.280696
-0.292762
-0.304649
-0.316352
-0.327862
-0.339174
-0.350279
-0.361172
-0.371846
-0.382294
-0.39251
-0.402487
-0.41222
-0.421703
-0.43093
-0.439896
-0.448594
-0.45702
-0.465168
-0.473034
-0.480613
-0.4879
-0.494891
-0.501582
-0.507967
-0.514045
-0.51981
-0.52526
-0.530391
-0.5352
-0.539685
-0.543841
-0.547667
-0.551161
-0.55432
-0.557143
-0.559627
-0.561772
-0.563576
-0.565037
-0.566156
-0.56693
-0.567361
-0.567447
-0.567189
-0.566586
-0.565639
-0.564349
-0.562717
-0.560742
-0.558428
-0.555774
-0.552783
-0.549456
-0.545796
-0.541804
-0.537483
-0.532836
-0.527866
-0.522575
-0.516967
-0.511045
-0.504813
-0.498274
-0.491433
-0.484293
-0.47686
-0.469137
-0.461129
-0.452841
-0.444278
-0.435446
-0.426349
-0.416994
-0.407385
-0.397529
-0.387431
-0.377099
-0.366537
-0.355753
-0.344753
-0.333543
-0.322131
-0.310524
-0.298728
-0.286751
-0.274599
-0.262281
-0.249804
-0.237175
-0.224402
-0.211493
-0.198455
-0.185297
-0.172026
-0.158651
-0.14518
-0.131621
-0.117981
-0.10427
-0.0904958
-0.0766665
-0.0627907
-0.0488768
-0.0349332
-0.0209684
-0.00699089
0.00699089
0.0209684
0.0349332
0.0488768
0.0627907
0.0766665
0.0904958
0.10427
0.117981
0.131621
0.14518
0.158651
0.172026
0.185297
0.198455
0.211493
0.224402
0.237175
0.249804
0.262281
0.274599
0.286751
0.298728
0.310524
0.322131
0.333543
0.344753
0.355753
0.366537
0.377099
0.387431
0.397529
0.407385
0.416994
0.426349
0.435446
0.444278
0.452841
0.461129
0.469137
0.47686
0.484293
0.491433
0.498274
0.504813
0.511045
0.516967
0.522575
0.527866
0.532836
0.537483
0.541804
0.545796
0.549456
0.552783
0.555774
0.558428
0.560742
0.562717
0.564349
0.565639
0.566586
0.567189
0.567447
0.567361
0.56693
0.566156
0.565037
0.563576
0.561772
0.559627
0.557143
0.55432
0.551161
0.547667
0.543841
0.539685
0.5352
0.530391
0.52526
0.51981
0.514045
0.507967
0.501582
0.494891
0.4879
0.480613
0.473034
0.465168
0.45702
0.448594
0.439896
0.43093
0.421703
0.41222
0.402487
0.39251
0.382294
0.371846
0.361172
0.350279
0.339174
0.327862
0.316352
0.304649
0.292762
0.280696
0.268461
0.256062
0.243508
0.230806
0.217964
0.204989
0.191891
0.178675
0.165351
0.151927
0.138411
0.12481
0.111134
0.0973903
0.0835875
0.0697339
0.055838
0.0419082
0.0279529
0.0139807
0
0
-0.014476
-0.0289432
-0.0433929
-0.0578162
-0.0722044
-0.0865488
-0.100841
-0.115071
-0.129232
-0.143314
-0.15731
-0.171209
-0.185005
-0.198689
-0.212252
-0.225686
-0.238983
-0.252135
-0.265133
-0.277971
-0.290641
-0.303133
-0.315442
-0.327559
-0.339477
-0.35119
-0.362689
-0.373968
-0.385019
-0.395837
-0.406415
-0.416746
-0.426824
-0.436643
-0.446197
-0.45548
-0.464486
-0.473211
-0.481648
-0.489792
-0.49764
-0.505185
-0.512424
-0.519351
-0.525963
-0.532256
-0.538226
-0.543869
-0.549182
-0.554161
-0.558804
-0.563108
-0.567069
-0.570687
-0.573958
-0.576881
-0.579453
-0.581674
-0.583541
-0.585055
-0.586213
-0.587015
-0.587461
-0.58755
-0.587282
-0.586658
-0.585678
-0.584342
-0.582652
-0.580608
-0.578211
-0.575463
-0.572366
-0.568921
-0.565131
-0.560998
-0.556525
-0.551713
-0.546567
-0.541088
-0.535282
-0.52915
-0.522697
-0.515926
-0.508843
-0.50145
-0.493754
-0.485757
-0.477465
-0.468884
-0.460018
-0.450872
-0.441453
-0.431766
-0.421817
-0.411612
-0.401157
-0.390458
-0.379522
-0.368356
-0.356966
-0.34536
-0.333544
-0.321525
-0.309311
-0.296909
-0.284328
-0.271573
-0.258654
-0.245577
-0.232352
-0.218985
-0.205486
-0.191861
-0.178121
-0.164272
-0.150323
-0.136283
-0.122161
-0.107964
-0.0937018
-0.0793826
-0.0650152
-0.0506084
-0.0361708
-0.0217113
-0.00723855
0.00723855
0.0217113
0.0361708
0.0506084
0.0650152
0.0793826
0.0937018
0.107964
0.122161
0.136283
0.150323
0.164272
0.178121
0.191861
0.205486
0.218985
0.232352
0.245577
0.258654
0.271573
0.284328
0.296909
0.309311
0.321525
0.333544
0.34536
0.356966
0.368356
0.379522
0.390458
0.401157
0.411612
0.421817
0.431766
0.441453
0.450872
0.460018
0.468884
0.477465
0.485757
0.493754
0.50145
0.508843
0.515926
0.522697
0.52915
0.535282
0.541088
0.546567
0.551713
0.556525
0.560998
0.565131
0.568921
0.572366
0.575463
0.578211
0.580608
0.582652
0.584342
0.585678
0.586658
0.587282
0.58755
0.587461
0.587015
0.586213
0.585055
0.583541
0.581674
0.579453
0.576881
0.573958
0.570687
0.567069
0.563108
0.558804
0.554161
0.549182
0.543869
0.538226
0.532256
0.525963
0.519351
0.512424
0.505185
0.49764
0.489792
0.481648
0.473211
0.464486
0.45548
0.446197
0.436643
0.426824
0.416746
0.406415
0.395837
0.385019
0.373968
0.362689
0.35119
0.339477
0.327559
0.315442
0.303133
0.290641
0.277971
0.265133
0.252135
0.238983
0.225686
0.212252
0.198689
0.185005
0.171209
0.15731
0.143314
0.129232
0.115071
0.100841
0.0865488
0.0722044
0.0578162
0.0433929
0.0289432
0.014476
0
0
-0.0149625
-0.0299159
-0.0448512
-0.0597592
-0.074631
-0.0894575
-0.10423
-0.118938
-0.133575
-0.148131
-0.162596
-0.176963
-0.191223
-0.205366
-0.219385
-0.23327
-0.247014
-0.260608
-0.274044
-0.287313
-0.300408
-0.313321
-0.326043
-0.338568
-0.350886
-0.362992
-0.374878
-0.386536
-0.397959
-0.409141
-0.420074
-0.430752
-0.441169
-0.451318
-0.461192
-0.470787
-0.480096
-0.489114
-0.497835
-0.506253
-0.514364
-0.522163
-0.529645
-0.536805
-0.54364
-0.550144
-0.556314
-0.562147
-0.567638
-0.572785
-0.577584
-0.582032
-0.586127
-0.589866
-0.593247
-0.596268
-0.598927
-0.601223
-0.603153
-0.604717
-0.605914
-0.606743
-0.607204
-0.607296
-0.60702
-0.606375
-0.605361
-0.603981
-0.602233
-0.60012
-0.597643
-0.594803
-0.591602
-0.588041
-0.584124
-0.579852
-0.575228
-0.570255
-0.564935
-0.559273
-0.553271
-0.546933
-0.540263
-0.533265
-0.525944
-0.518303
-0.510347
-0.502082
-0.493512
-0.484642
-0.475478
-0.466025
-0.45629
-0.446277
-0.435993
-0.425445
-0.414639
-0.40358
-0.392277
-0.380736
-0.368963
-0.356967
-0.344753
-0.332331
-0.319706
-0.306888
-0.293883
-0.2807
-0.267346
-0.253831
-0.240161
-0.226345
-0.212392
-0.198309
-0.184107
-0.169793
-0.155375
-0.140864
-0.126266
-0.111592
-0.0968509
-0.0820505
-0.0672002
-0.0523092
-0.0373864
-0.0224409
-0.00748182
0.00748182
0.0224409
0.0373864
0.0523092
0.0672002
0.0820505
0.0968509
0.111592
0.126266
0.140864
0.155375
0.169793
0.184107
0.198309
0.212392
0.226345
0.240161
0.253831
0.267346
0.2807
0.293883
0.306888
0.319706
0.332331
0.344753
0.356967
0.368963
0.380736
0.392277
0.40358
0.414639
0.425445
0.435993
0.446277
0.45629
0.466025
0.475478
0.484642
0.493512
0.502082
0.510347
0.518303
0.525944
0.533265
0.540263
0.546933
0.553271
0.559273
0.564935
0.570255
0.575228
0.579852
0.584124
0.588041
0.591602
0.594803
0.597643
0.60012
0.602233
0.603981
0.605361
0.606375
0.60702
0.607296
0.607204
0.606743
0.605914
0.604717
0.603153
0.601223
0.598927
0.596268
0.593247
0.589866
0.586127
0.582032
0.577584
0.572785
0.567638
0.562147
0.556314
0.550144
0.54364
0.536805
0.529645
0.522163
0.514364
0.506253
0.497835
0.489114
0.480096
0.470787
0.461192
0.451318
0.441169
0.430752
0.420074
0.409141
0.397959
0.386536
0.374878
0.362992
0.350886
0.338568
0.326043
0.313321
0.300408
0.287313
0.274044
0.260608
0.247014
0.23327
0.219385
0.205366
0.191223
0.176963
0.162596
0.148131
0.133575
0.118938
0.10423
0.0894575
0.074631
0.0597592
0.0448512
0.0299159
0.0149625
0
0
-0.0154399
-0.0308705
-0.0462823
-0.061666
-0.0770123
-0.0923118
-0.107555
-0.122734
-0.137837
-0.152857
-0.167784
-0.18261
-0.197324
-0.211919
-0.226385
-0.240714
-0.254896
-0.268924
-0.282788
-0.296481
-0.309994
-0.323318
-0.336447
-0.349371
-0.362083
-0.374575
-0.386839
-0.398869
-0.410657
-0.422195
-0.433477
-0.444496
-0.455245
-0.465718
-0.475908
-0.485809
-0.495415
-0.504721
-0.51372
-0.522407
-0.530776
-0.538824
-0.546545
-0.553933
-0.560986
-0.567698
-0.574065
-0.580084
-0.58575
-0.591061
-0.596013
-0.600604
-0.604829
-0.608688
-0.612177
-0.615294
-0.618038
-0.620406
-0.622398
-0.624012
-0.625247
-0.626103
-0.626579
-0.626674
-0.626388
-0.625723
-0.624677
-0.623253
-0.621449
-0.619269
-0.616713
-0.613782
-0.610479
-0.606805
-0.602762
-0.598354
-0.593582
-0.58845
-0.582961
-0.577118
-0.570925
-0.564385
-0.557502
-0.550281
-0.542726
-0.534841
-0.526631
-0.518102
-0.509259
-0.500106
-0.490649
-0.480895
-0.470849
-0.460517
-0.449905
-0.43902
-0.427869
-0.416458
-0.404794
-0.392884
-0.380736
-0.368357
-0.355754
-0.342935
-0.329907
-0.31668
-0.30326
-0.289656
-0.275877
-0.26193
-0.247824
-0.233567
-0.219169
-0.204637
-0.189981
-0.17521
-0.160333
-0.145358
-0.130295
-0.115153
-0.0999412
-0.0846685
-0.0693444
-0.0539783
-0.0385793
-0.023157
-0.00772055
0.00772055
0.023157
0.0385793
0.0539783
0.0693444
0.0846685
0.0999412
0.115153
0.130295
0.145358
0.160333
0.17521
0.189981
0.204637
0.219169
0.233567
0.247824
0.26193
0.275877
0.289656
0.30326
0.31668
0.329907
0.342935
0.355754
0.368357
0.380736
0.392884
0.404794
0.416458
0.427869
0.43902
0.449905
0.460517
0.470849
0.480895
0.490649
0.500106
0.509259
0.518102
0.526631
0.534841
0.542726
0.550281
0.557502
0.564385
0.570925
0.577118
0.582961
0.58845
0.593582
0.598354
0.602762
0.606805
0.610479
0.613782
0.616713
0.619269
0.621449
0.623253
0.624677
0.625723
0.626388
0.626674
0.626579
0.626103
0.625247
0.624012
0.622398
0.620406
0.618038
0.615294
0.612177
0.608688
0.604829
0.600604
0.596013
0.591061
0.58575
0.580084
0.574065
0.567698
0.560986
0.553933
0.546545
0.538824
0.530776
0.522407
0.51372
0.504721
0.495415
0.485809
0.475908
0.465718
0.455245
0.444496
0.433477
0.422195
0.410657
0.398869
0.386839
0.374575
0.362083
0.349371
0.336447
0.323318
0.309994
0.296481
0.282788
0.268924
0.254896
0.240714
0.226385
0.211919
0.197324
0.18261
0.167784
0.152857
0.137837
0.122734
0.107555
0.0923118
0.0770123
0.061666
0.0462823
0.0308705
0.0154399
0
0
-0.015908
-0.0318063
-0.0476853
-0.0635354
-0.0793469
-0.0951102
-0.110816
-0.126454
-0.142016
-0.157491
-0.172871
-0.188145
-0.203306
-0.218343
-0.233248
-0.248011
-0.262623
-0.277076
-0.291361
-0.305468
-0.319391
-0.333119
-0.346646
-0.359961
-0.373059
-0.38593
-0.398566
-0.410961
-0.423106
-0.434994
-0.446618
-0.457971
-0.469046
-0.479836
-0.490335
-0.500536
-0.510433
-0.520021
-0.529292
-0.538243
-0.546866
-0.555158
-0.563113
-0.570725
-0.577992
-0.584907
-0.591467
-0.597668
-0.603507
-0.608979
-0.614081
-0.61881
-0.623164
-0.62714
-0.630734
-0.633946
-0.636773
-0.639213
-0.641266
-0.642929
-0.644201
-0.645083
-0.645573
-0.645671
-0.645377
-0.644691
-0.643614
-0.642146
-0.640288
-0.638042
-0.635408
-0.632388
-0.628985
-0.625199
-0.621034
-0.616492
-0.611576
-0.606289
-0.600633
-0.594613
-0.588232
-0.581493
-0.574402
-0.566962
-0.559178
-0.551054
-0.542596
-0.533808
-0.524696
-0.515266
-0.505523
-0.495473
-0.485122
-0.474477
-0.463543
-0.452329
-0.440839
-0.429082
-0.417065
-0.404794
-0.392278
-0.379523
-0.366538
-0.35333
-0.339908
-0.32628
-0.312453
-0.298437
-0.28424
-0.26987
-0.255336
-0.240647
-0.225812
-0.21084
-0.195741
-0.180522
-0.165193
-0.149765
-0.134245
-0.118644
-0.102971
-0.0872352
-0.0714466
-0.0556146
-0.0397488
-0.023859
-0.00795459
0.00795459
0.023859
0.0397488
0.0556146
0.0714466
0.0872352
0.102971
0.118644
0.134245
0.149765
0.165193
0.180522
0.195741
0.21084
0.225812
0.240647
0.255336
0.26987
0.28424
0.298437
0.312453
0.32628
0.339908
0.35333
0.366538
0.379523
0.392278
0.404794
0.417065
0.429082
0.440839
0.452329
0.463543
0.474477
0.485122
0.495473
0.505523
0.515266
0.524696
0.533808
0.542596
0.551054
0.559178
0.566962
0.574402
0.581493
0.588232
0.594613
0.600633
0.606289
0.611576
0.616492
0.621034
0.625199
0.628985
0.632388
0.635408
0.638042
0.640288
0.642146
0.643614
0.644691
0.645377
0.645671
0.645573
0.645083
0.644201
0.642929
0.641266
0.639213
0.636773
0.633946
0.630734
0.62714
0.623164
0.61881
0.614081
0.608979
0.603507
0.597668
0.591467
0.584907
0.577992
0.570725
0.563113
0.555158
0.546866
0.538243
0.529292
0.520021
0.510433
0.500536
0.490335
0.479836
0.469046
0.457971
0.446618
0.434994
0.423106
0.410961
0.398566
0.38593
0.373059
0.359961
0.346646
0.333119
0.319391
0.305468
0.291361
0.277076
0.262623
0.248011
0.233248
0.218343
0.203306
0.188145
0.172871
0.157491
0.142016
0.126454
0.110816
0.0951102
0.0793469
0.0635354
0.0476853
0.0318063
0.015908
0
0
-0.0163664
-0.0327228
-0.0490594
-0.0653662
-0.0816333
-0.0978508
-0.114009
-0.130098
-0.146108
-0.162029
-0.177852
-0.193567
-0.209164
-0.224635
-0.239969
-0.255157
-0.27019
-0.28506
-0.299756
-0.314271
-0.328594
-0.342718
-0.356634
-0.370334
-0.383808
-0.39705
-0.410051
-0.422802
-0.435297
-0.447528
-0.459487
-0.471167
-0.482561
-0.493662
-0.504464
-0.514959
-0.525141
-0.535005
-0.544544
-0.553752
-0.562624
-0.571155
-0.579339
-0.587171
-0.594647
-0.601761
-0.60851
-0.61489
-0.620897
-0.626527
-0.631776
-0.636641
-0.641121
-0.645211
-0.648909
-0.652213
-0.655122
-0.657632
-0.659744
-0.661455
-0.662764
-0.663671
-0.664175
-0.664276
-0.663973
-0.663268
-0.66216
-0.660649
-0.658738
-0.656427
-0.653717
-0.650611
-0.647109
-0.643215
-0.63893
-0.634257
-0.629199
-0.623759
-0.617941
-0.611747
-0.605182
-0.598249
-0.590954
-0.583299
-0.575291
-0.566933
-0.558231
-0.54919
-0.539816
-0.530114
-0.52009
-0.50975
-0.499101
-0.488149
-0.476901
-0.465363
-0.453542
-0.441446
-0.429082
-0.416458
-0.403581
-0.390459
-0.3771
-0.363512
-0.349703
-0.335682
-0.321457
-0.307037
-0.29243
-0.277646
-0.262694
-0.247582
-0.232319
-0.216916
-0.201381
-0.185723
-0.169953
-0.15408
-0.138113
-0.122063
-0.105938
-0.0897488
-0.0735053
-0.0572171
-0.0408942
-0.0245465
-0.00818381
0.00818381
0.0245465
0.0408942
0.0572171
0.0735053
0.0897488
0.105938
0.122063
0.138113
0.15408
0.169953
0.185723
0.201381
0.216916
0.232319
0.247582
0.262694
0.277646
0.29243
0.307037
0.321457
0.335682
0.349703
0.363512
0.3771
0.390459
0.403581
0.416458
0.429082
0.441446
0.453542
0.465363
0.476901
0.488149
0.499101
0.50975
0.52009
0.530114
0.539816
0.54919
0.558231
0.566933
0.575291
0.583299
0.590954
0.598249
0.605182
0.611747
0.617941
0.623759
0.629199
0.634257
0.63893
0.643215
0.647109
0.650611
0.653717
0.656427
0.658738
0.660649
0.66216
0.663268
0.663973
0.664276
0.664175
0.663671
0.662764
0.661455
0.659744
0.657632
0.655122
0.652213
0.648909
0.645211
0.641121
0.636641
0.631776
0.626527
0.620897
0.61489
0.60851
0.601761
0.594647
0.587171
0.579339
0.571155
0.562624
0.553752
0.544544
0.535005
0.525141
0.514959
0.504464
0.493662
0.482561
0.471167
0.459487
0.447528
0.435297
0.422802
0.410051
0.39705
0.383808
0.370334
0.356634
0.342718
0.328594
0.314271
0.299756
0.28506
0.27019
0.255157
0.239969
0.224635
0.209164
0.193567
0.177852
0.162029
0.146108
0.130098
0.114009
0.0978508
0.0816333
0.0653662
0.0490594
0.0327228
0.0163664
0
0
-0.0168148
-0.0336194
-0.0504036
-0.0671573
-0.0838701
-0.100532
-0.117133
-0.133663
-0.150111
-0.166469
-0.182725
-0.198871
-0.214895
-0.23079
-0.246544
-0.262149
-0.277594
-0.292871
-0.30797
-0.322882
-0.337598
-0.352109
-0.366406
-0.380481
-0.394325
-0.40793
-0.421287
-0.434388
-0.447225
-0.459791
-0.472078
-0.484078
-0.495784
-0.507189
-0.518287
-0.529069
-0.539531
-0.549665
-0.559465
-0.568926
-0.578041
-0.586805
-0.595213
-0.60326
-0.61094
-0.61825
-0.625184
-0.631739
-0.63791
-0.643694
-0.649087
-0.654086
-0.658688
-0.66289
-0.66669
-0.670085
-0.673073
-0.675652
-0.677821
-0.679579
-0.680924
-0.681856
-0.682374
-0.682478
-0.682167
-0.681442
-0.680303
-0.678752
-0.676788
-0.674414
-0.67163
-0.668438
-0.66484
-0.660839
-0.656437
-0.651636
-0.64644
-0.640851
-0.634873
-0.628509
-0.621764
-0.614642
-0.607146
-0.599282
-0.591054
-0.582467
-0.573527
-0.564238
-0.554607
-0.544639
-0.534341
-0.523718
-0.512777
-0.501525
-0.489968
-0.478114
-0.46597
-0.453542
-0.44084
-0.42787
-0.41464
-0.401158
-0.387433
-0.373472
-0.359285
-0.34488
-0.330265
-0.31545
-0.300443
-0.285254
-0.269892
-0.254366
-0.238685
-0.22286
-0.206899
-0.190812
-0.17461
-0.158302
-0.141898
-0.125407
-0.108841
-0.092208
-0.0755194
-0.0587849
-0.0420147
-0.025219
-0.00840805
0.00840805
0.025219
0.0420147
0.0587849
0.0755194
0.092208
0.108841
0.125407
0.141898
0.158302
0.17461
0.190812
0.206899
0.22286
0.238685
0.254366
0.269892
0.285254
0.300443
0.31545
0.330265
0.34488
0.359285
0.373472
0.387433
0.401158
0.41464
0.42787
0.44084
0.453542
0.46597
0.478114
0.489968
0.501525
0.512777
0.523718
0.534341
0.544639
0.554607
0.564238
0.573527
0.582467
0.591054
0.599282
0.607146
0.614642
0.621764
0.628509
0.634873
0.640851
0.64644
0.651636
0.656437
0.660839
0.66484
0.668438
0.67163
0.674414
0.676788
0.678752
0.680303
0.681442
0.682167
0.682478
0.682374
0.681856
0.680924
0.679579
0.677821
0.675652
0.673073
0.670085
0.66669
0.66289
0.658688
0.654086
0.649087
0.643694
0.63791
0.631739
0.625184
0.61825
0.61094
0.60326
0.595213
0.586805
0.578041
0.568926
0.559465
0.549665
0.539531
0.529069
0.518287
0.507189
0.495784
0.484078
0.472078
0.459791
0.447225
0.434388
0.421287
0.40793
0.394325
0.380481
0.366406
0.352109
0.337598
0.322882
0.30797
0.292871
0.277594
0.262149
0.246544
0.23079
0.214895
0.198871
0.182725
0.166469
0.150111
0.133663
0.117133
0.100532
0.0838701
0.0671573
0.0504036
0.0336194
0.0168148
0
0
-0.0172531
-0.0344957
-0.0517173
-0.0689076
-0.086056
-0.103152
-0.120186
-0.137146
-0.154024
-0.170807
-0.187488
-0.204054
-0.220496
-0.236805
-0.25297
-0.268981
-0.284829
-0.300504
-0.315996
-0.331297
-0.346397
-0.361286
-0.375956
-0.390398
-0.404602
-0.418562
-0.432267
-0.445709
-0.458881
-0.471774
-0.484381
-0.496694
-0.508706
-0.520408
-0.531795
-0.542858
-0.553593
-0.563991
-0.574046
-0.583754
-0.593106
-0.602099
-0.610726
-0.618983
-0.626863
-0.634363
-0.641478
-0.648204
-0.654536
-0.660471
-0.666004
-0.671134
-0.675855
-0.680167
-0.684066
-0.687549
-0.690615
-0.693262
-0.695487
-0.697291
-0.698671
-0.699627
-0.700159
-0.700265
-0.699946
-0.699202
-0.698034
-0.696442
-0.694427
-0.691991
-0.689134
-0.685859
-0.682168
-0.678063
-0.673546
-0.66862
-0.663288
-0.657553
-0.651419
-0.64489
-0.637969
-0.630661
-0.62297
-0.614901
-0.606459
-0.597648
-0.588475
-0.578944
-0.569062
-0.558834
-0.548267
-0.537367
-0.526141
-0.514596
-0.502738
-0.490575
-0.478114
-0.465363
-0.452329
-0.439021
-0.425446
-0.411613
-0.39753
-0.383206
-0.368649
-0.353868
-0.338873
-0.323671
-0.308274
-0.292689
-0.276926
-0.260995
-0.244906
-0.228668
-0.212291
-0.195786
-0.179161
-0.162428
-0.145596
-0.128676
-0.111677
-0.0946113
-0.0774877
-0.060317
-0.0431098
-0.0258763
-0.00862719
0.00862719
0.0258763
0.0431098
0.060317
0.0774877
0.0946113
0.111677
0.128676
0.145596
0.162428
0.179161
0.195786
0.212291
0.228668
0.244906
0.260995
0.276926
0.292689
0.308274
0.323671
0.338873
0.353868
0.368649
0.383206
0.39753
0.411613
0.425446
0.439021
0.452329
0.465363
0.478114
0.490575
0.502738
0.514596
0.526141
0.537367
0.548267
0.558834
0.569062
0.578944
0.588475
0.597648
0.606459
0.614901
0.62297
0.630661
0.637969
0.64489
0.651419
0.657553
0.663288
0.66862
0.673546
0.678063
0.682168
0.685859
0.689134
0.691991
0.694427
0.696442
0.698034
0.699202
0.699946
0.700265
0.700159
0.699627
0.698671
0.697291
0.695487
0.693262
0.690615
0.687549
0.684066
0.680167
0.675855
0.671134
0.666004
0.660471
0.654536
0.648204
0.641478
0.634363
0.626863
0.618983
0.610726
0.602099
0.593106
0.583754
0.574046
0.563991
0.553593
0.542858
0.531795
0.520408
0.508706
0.496694
0.484381
0.471774
0.458881
0.445709
0.432267
0.418562
0.404602
0.390398
0.375956
0.361286
0.346397
0.331297
0.315996
0.300504
0.284829
0.268981
0.25297
0.236805
0.220496
0.204054
0.187488
0.170807
0.154024
0.137146
0.120186
0.103152
0.086056
0.0689076
0.0517173
0.0344957
0.0172531
0
0
-0.0176808
-0.0353509
-0.0529996
-0.0706161
-0.0881897
-0.10571
-0.123166
-0.140547
-0.157843
-0.175042
-0.192136
-0.209113
-0.225963
-0.242676
-0.259242
-0.27565
-0.291891
-0.307955
-0.323831
-0.339511
-0.354985
-0.370244
-0.385277
-0.400077
-0.414634
-0.428939
-0.442984
-0.45676
-0.470258
-0.483472
-0.496391
-0.509009
-0.521318
-0.533311
-0.54498
-0.556318
-0.567318
-0.577974
-0.588279
-0.598227
-0.607812
-0.617028
-0.625869
-0.63433
-0.642406
-0.650092
-0.657383
-0.664275
-0.670764
-0.676846
-0.682517
-0.687774
-0.692613
-0.697031
-0.701026
-0.704596
-0.707738
-0.71045
-0.712731
-0.71458
-0.715994
-0.716974
-0.717518
-0.717627
-0.717301
-0.716538
-0.715341
-0.71371
-0.711645
-0.709148
-0.706221
-0.702865
-0.699082
-0.694875
-0.690245
-0.685197
-0.679733
-0.673856
-0.667571
-0.660879
-0.653787
-0.646298
-0.638416
-0.630147
-0.621495
-0.612466
-0.603065
-0.593298
-0.583171
-0.57269
-0.561861
-0.550691
-0.539187
-0.527355
-0.515203
-0.502738
-0.489969
-0.476901
-0.463544
-0.449906
-0.435995
-0.421819
-0.407387
-0.392707
-0.377789
-0.362642
-0.347275
-0.331696
-0.315917
-0.299945
-0.283792
-0.267466
-0.250978
-0.234338
-0.217555
-0.20064
-0.183603
-0.166455
-0.149206
-0.131866
-0.114446
-0.0969571
-0.0794089
-0.0618125
-0.0441786
-0.0265179
-0.00884109
0.00884109
0.0265179
0.0441786
0.0618125
0.0794089
0.0969571
0.114446
0.131866
0.149206
0.166455
0.183603
0.20064
0.217555
0.234338
0.250978
0.267466
0.283792
0.299945
0.315917
0.331696
0.347275
0.362642
0.377789
0.392707
0.407387
0.421819
0.435995
0.449906
0.463544
0.476901
0.489969
0.502738
0.515203
0.527355
0.539187
0.550691
0.561861
0.57269
0.583171
0.593298
0.603065
0.612466
0.621495
0.630147
0.638416
0.646298
0.653787
0.660879
0.667571
0.673856
0.679733
0.685197
0.690245
0.694875
0.699082
0.702865
0.706221
0.709148
0.711645
0.71371
0.715341
0.716538
0.717301
0.717627
0.717518
0.716974
0.715994
0.71458
0.712731
0.71045
0.707738
0.704596
0.701026
0.697031
0.692613
0.687774
0.682517
0.676846
0.670764
0.664275
0.657383
0.650092
0.642406
0.63433
0.625869
0.617028
0.607812
0.598227
0.588279
0.577974
0.567318
0.556318
0.54498
0.533311
0.521318
0.509009
0.496391
0.483472
0.470258
0.45676
0.442984
0.428939
0.414634
0.400077
0.385277
0.370244
0.354985
0.339511
0.323831
0.307955
0.291891
0.27565
0.259242
0.242676
0.225963
0.209113
0.192136
0.175042
0.157843
0.140547
0.123166
0.10571
0.0881897
0.0706161
0.0529996
0.0353509
0.0176808
0
0
-0.0180979
-0.0361848
-0.0542497
-0.0722817
-0.0902698
-0.108203
-0.126071
-0.143862
-0.161566
-0.179171
-0.196668
-0.214046
-0.231293
-0.2484
-0.265357
-0.282152
-0.298776
-0.315218
-0.331469
-0.347519
-0.363358
-0.378977
-0.394365
-0.409514
-0.424414
-0.439057
-0.453433
-0.467534
-0.48135
-0.494875
-0.508099
-0.521015
-0.533615
-0.54589
-0.557834
-0.56944
-0.5807
-0.591607
-0.602155
-0.612338
-0.622148
-0.631581
-0.640631
-0.649292
-0.657558
-0.665426
-0.672889
-0.679944
-0.686586
-0.692811
-0.698616
-0.703996
-0.708949
-0.713472
-0.717561
-0.721215
-0.724431
-0.727208
-0.729542
-0.731434
-0.732882
-0.733885
-0.734442
-0.734554
-0.734219
-0.733439
-0.732214
-0.730544
-0.72843
-0.725875
-0.722878
-0.719443
-0.715571
-0.711264
-0.706526
-0.701359
-0.695766
-0.689751
-0.683317
-0.676468
-0.669208
-0.661542
-0.653475
-0.64501
-0.636154
-0.626912
-0.61729
-0.607292
-0.596926
-0.586198
-0.575113
-0.56368
-0.551904
-0.539794
-0.527355
-0.514596
-0.501525
-0.48815
-0.474478
-0.460518
-0.446279
-0.431768
-0.416996
-0.40197
-0.3867
-0.371196
-0.355466
-0.33952
-0.323368
-0.30702
-0.290486
-0.273775
-0.256898
-0.239865
-0.222686
-0.205372
-0.187934
-0.170381
-0.152725
-0.134976
-0.117146
-0.099244
-0.0812819
-0.0632705
-0.0452207
-0.0271434
-0.00904963
0.00904963
0.0271434
0.0452207
0.0632705
0.0812819
0.099244
0.117146
0.134976
0.152725
0.170381
0.187934
0.205372
0.222686
0.239865
0.256898
0.273775
0.290486
0.30702
0.323368
0.33952
0.355466
0.371196
0.3867
0.40197
0.416996
0.431768
0.446279
0.460518
0.474478
0.48815
0.501525
0.514596
0.527355
0.539794
0.551904
0.56368
0.575113
0.586198
0.596926
0.607292
0.61729
0.626912
0.636154
0.64501
0.653475
0.661542
0.669208
0.676468
0.683317
0.689751
0.695766
0.701359
0.706526
0.711264
0.715571
0.719443
0.722878
0.725875
0.72843
0.730544
0.732214
0.733439
0.734219
0.734554
0.734442
0.733885
0.732882
0.731434
0.729542
0.727208
0.724431
0.721215
0.717561
0.713472
0.708949
0.703996
0.698616
0.692811
0.686586
0.679944
0.672889
0.665426
0.657558
0.649292
0.640631
0.631581
0.622148
0.612338
0.602155
0.591607
0.5807
0.56944
0.557834
0.54589
0.533615
0.521015
0.508099
0.494875
0.48135
0.467534
0.453433
0.439057
0.424414
0.409514
0.394365
0.378977
0.363358
0.347519
0.331469
0.315218
0.298776
0.282152
0.265357
0.2484
0.231293
0.214046
0.196668
0.179171
0.161566
0.143862
0.126071
0.108203
0.0902698
0.0722817
0.0542497
0.0361848
0.0180979
0
0
-0.0185039
-0.0369966
-0.0554669
-0.0739034
-0.0922951
-0.110631
-0.128899
-0.14709
-0.16519
-0.183191
-0.201081
-0.218848
-0.236482
-0.253973
-0.27131
-0.288482
-0.305479
-0.322291
-0.338906
-0.355316
-0.371511
-0.38748
-0.403213
-0.418702
-0.433936
-0.448908
-0.463606
-0.478023
-0.49215
-0.505978
-0.519499
-0.532705
-0.545587
-0.558138
-0.57035
-0.582216
-0.593728
-0.60488
-0.615665
-0.626076
-0.636107
-0.645752
-0.655004
-0.663859
-0.672311
-0.680355
-0.687986
-0.695199
-0.70199
-0.708355
-0.71429
-0.719791
-0.724855
-0.72948
-0.733661
-0.737397
-0.740685
-0.743524
-0.745911
-0.747845
-0.749325
-0.750351
-0.750921
-0.751035
-0.750693
-0.749895
-0.748642
-0.746935
-0.744774
-0.742161
-0.739097
-0.735585
-0.731626
-0.727223
-0.722378
-0.717095
-0.711376
-0.705226
-0.698648
-0.691645
-0.684223
-0.676385
-0.668136
-0.659482
-0.650427
-0.640978
-0.631139
-0.620918
-0.610319
-0.59935
-0.588017
-0.576327
-0.564287
-0.551904
-0.539187
-0.526142
-0.512778
-0.499102
-0.485124
-0.47085
-0.456291
-0.441455
-0.426351
-0.410989
-0.395376
-0.379524
-0.363441
-0.347138
-0.330624
-0.313909
-0.297003
-0.279917
-0.262662
-0.245247
-0.227682
-0.20998
-0.19215
-0.174204
-0.156152
-0.138005
-0.119774
-0.101471
-0.0831056
-0.06469
-0.0462352
-0.0277524
-0.00925267
0.00925267
0.0277524
0.0462352
0.06469
0.0831056
0.101471
0.119774
0.138005
0.156152
0.174204
0.19215
0.20998
0.227682
0.245247
0.262662
0.279917
0.297003
0.313909
0.330624
0.347138
0.363441
0.379524
0.395376
0.410989
0.426351
0.441455
0.456291
0.47085
0.485124
0.499102
0.512778
0.526142
0.539187
0.551904
0.564287
0.576327
0.588017
0.59935
0.610319
0.620918
0.631139
0.640978
0.650427
0.659482
0.668136
0.676385
0.684223
0.691645
0.698648
0.705226
0.711376
0.717095
0.722378
0.727223
0.731626
0.735585
0.739097
0.742161
0.744774
0.746935
0.748642
0.749895
0.750693
0.751035
0.750921
0.750351
0.749325
0.747845
0.745911
0.743524
0.740685
0.737397
0.733661
0.72948
0.724855
0.719791
0.71429
0.708355
0.70199
0.695199
0.687986
0.680355
0.672311
0.663859
0.655004
0.645752
0.636107
0.626076
0.615665
0.60488
0.593728
0.582216
0.57035
0.558138
0.545587
0.532705
0.519499
0.505978
0.49215
0.478023
0.463606
0.448908
0.433936
0.418702
0.403213
0.38748
0.371511
0.355316
0.338906
0.322291
0.305479
0.288482
0.27131
0.253973
0.236482
0.218848
0.201081
0.183191
0.16519
0.14709
0.128899
0.110631
0.0922951
0.0739034
0.0554669
0.0369966
0.0185039
0
0
-0.0188987
-0.037786
-0.0566503
-0.0754803
-0.0942644
-0.112991
-0.13165
-0.150228
-0.168715
-0.1871
-0.205371
-0.223517
-0.241528
-0.259392
-0.277099
-0.294638
-0.311997
-0.329167
-0.346138
-0.362898
-0.379438
-0.395747
-0.411816
-0.427636
-0.443195
-0.458486
-0.473498
-0.488223
-0.502651
-0.516774
-0.530584
-0.544071
-0.557228
-0.570047
-0.58252
-0.594639
-0.606397
-0.617787
-0.628802
-0.639435
-0.64968
-0.65953
-0.66898
-0.678024
-0.686656
-0.694872
-0.702665
-0.710033
-0.716968
-0.723469
-0.729531
-0.735149
-0.740322
-0.745044
-0.749315
-0.75313
-0.756489
-0.759388
-0.761826
-0.763802
-0.765314
-0.766361
-0.766943
-0.767059
-0.76671
-0.765895
-0.764616
-0.762872
-0.760665
-0.757996
-0.754867
-0.75128
-0.747236
-0.742739
-0.737791
-0.732396
-0.726555
-0.720273
-0.713555
-0.706403
-0.698822
-0.690817
-0.682392
-0.673553
-0.664306
-0.654654
-0.644606
-0.634166
-0.623341
-0.612138
-0.600563
-0.588624
-0.576327
-0.56368
-0.550692
-0.537368
-0.523719
-0.509751
-0.495475
-0.480897
-0.466027
-0.450875
-0.435448
-0.419758
-0.403812
-0.387622
-0.371196
-0.354545
-0.337678
-0.320606
-0.30334
-0.28589
-0.268266
-0.250479
-0.232541
-0.214461
-0.19625
-0.177921
-0.159484
-0.140949
-0.12233
-0.103636
-0.0848788
-0.0660703
-0.0472218
-0.0283445
-0.00945009
0.00945009
0.0283445
0.0472218
0.0660703
0.0848788
0.103636
0.12233
0.140949
0.159484
0.177921
0.19625
0.214461
0.232541
0.250479
0.268266
0.28589
0.30334
0.320606
0.337678
0.354545
0.371196
0.387622
0.403812
0.419758
0.435448
0.450875
0.466027
0.480897
0.495475
0.509751
0.523719
0.537368
0.550692
0.56368
0.576327
0.588624
0.600563
0.612138
0.623341
0.634166
0.644606
0.654654
0.664306
0.673553
0.682392
0.690817
0.698822
0.706403
0.713555
0.720273
0.726555
0.732396
0.737791
0.742739
0.747236
0.75128
0.754867
0.757996
0.760665
0.762872
0.764616
0.765895
0.76671
0.767059
0.766943
0.766361
0.765314
0.763802
0.761826
0.759388
0.756489
0.75313
0.749315
0.745044
0.740322
0.735149
0.729531
0.723469
0.716968
0.710033
0.702665
0.694872
0.686656
0.678024
0.66898
0.65953
0.64968
0.639435
0.628802
0.617787
0.606397
0.594639
0.58252
0.570047
0.557228
0.544071
0.530584
0.516774
0.502651
0.488223
0.473498
0.458486
0.443195
0.427636
0.411816
0.395747
0.379438
0.362898
0.346138
0.329167
0.311997
0.294638
0.277099
0.259392
0.241528
0.223517
0.205371
0.1871
0.168715
0.150228
0.13165
0.112991
0.0942644
0.0754803
0.0566503
0.037786
0.0188987
0
0
-0.0192821
-0.0385525
-0.0577994
-0.0770113
-0.0961765
-0.115283
-0.13432
-0.153275
-0.172137
-0.190895
-0.209537
-0.228051
-0.246427
-0.264654
-0.28272
-0.300614
-0.318326
-0.335844
-0.353159
-0.370259
-0.387134
-0.403774
-0.42017
-0.43631
-0.452185
-0.467786
-0.483102
-0.498126
-0.512847
-0.527257
-0.541346
-0.555107
-0.568531
-0.58161
-0.594336
-0.6067
-0.618697
-0.630318
-0.641556
-0.652405
-0.662858
-0.672908
-0.68255
-0.691777
-0.700585
-0.708967
-0.716918
-0.724435
-0.731512
-0.738144
-0.744328
-0.750061
-0.755338
-0.760157
-0.764514
-0.768407
-0.771834
-0.774791
-0.777279
-0.779295
-0.780837
-0.781906
-0.7825
-0.782618
-0.782262
-0.781431
-0.780125
-0.778346
-0.776094
-0.773371
-0.770179
-0.766519
-0.762393
-0.757805
-0.752757
-0.747251
-0.741293
-0.734884
-0.728028
-0.720731
-0.712997
-0.704829
-0.696234
-0.687216
-0.67778
-0.667934
-0.657681
-0.64703
-0.635985
-0.624555
-0.612745
-0.600564
-0.588017
-0.575114
-0.561862
-0.548268
-0.534342
-0.520091
-0.505525
-0.490651
-0.47548
-0.46002
-0.444281
-0.428272
-0.412003
-0.395484
-0.378725
-0.361736
-0.344527
-0.32711
-0.309493
-0.291689
-0.273708
-0.25556
-0.237257
-0.218811
-0.200231
-0.18153
-0.162719
-0.143808
-0.124811
-0.105738
-0.0866005
-0.0674105
-0.0481796
-0.0289195
-0.00964178
0.00964178
0.0289195
0.0481796
0.0674105
0.0866005
0.105738
0.124811
0.143808
0.162719
0.18153
0.200231
0.218811
0.237257
0.25556
0.273708
0.291689
0.309493
0.32711
0.344527
0.361736
0.378725
0.395484
0.412003
0.428272
0.444281
0.46002
0.47548
0.490651
0.505525
0.520091
0.534342
0.548268
0.561862
0.575114
0.588017
0.600564
0.612745
0.624555
0.635985
0.64703
0.657681
0.667934
0.67778
0.687216
0.696234
0.704829
0.712997
0.720731
0.728028
0.734884
0.741293
0.747251
0.752757
0.757805
0.762393
0.766519
0.770179
0.773371
0.776094
0.778346
0.780125
0.781431
0.782262
0.782618
0.7825
0.781906
0.780837
0.779295
0.777279
0.774791
0.771834
0.768407
0.764514
0.760157
0.755338
0.750061
0.744328
0.738144
0.731512
0.724435
0.716918
0.708967
0.700585
0.691777
0.68255
0.672908
0.662858
0.652405
0.641556
0.630318
0.618697
0.6067
0.594336
0.58161
0.568531
0.555107
0.541346
0.527257
0.512847
0.498126
0.483102
0.467786
0.452185
0.43631
0.42017
0.403774
0.387134
0.370259
0.353159
0.335844
0.318326
0.300614
0.28272
0.264654
0.246427
0.228051
0.209537
0.190895
0.172137
0.153275
0.13432
0.115283
0.0961765
0.0770113
0.0577994
0.0385525
0.0192821
0
0
-0.0196537
-0.0392955
-0.0589135
-0.0784956
-0.0980301
-0.117505
-0.136909
-0.156229
-0.175455
-0.194574
-0.213575
-0.232447
-0.251177
-0.269755
-0.288169
-0.306408
-0.324461
-0.342317
-0.359965
-0.377395
-0.394596
-0.411557
-0.428268
-0.444719
-0.4609
-0.476802
-0.492414
-0.507727
-0.522731
-0.537419
-0.55178
-0.565806
-0.579489
-0.59282
-0.605791
-0.618394
-0.630622
-0.642466
-0.653921
-0.664979
-0.675633
-0.685877
-0.695705
-0.70511
-0.714087
-0.722631
-0.730736
-0.738397
-0.74561
-0.752371
-0.758674
-0.764517
-0.769896
-0.774808
-0.779249
-0.783217
-0.78671
-0.789725
-0.79226
-0.794315
-0.795887
-0.796976
-0.797581
-0.797702
-0.797339
-0.796492
-0.795161
-0.793348
-0.791052
-0.788277
-0.785023
-0.781292
-0.777087
-0.772411
-0.767265
-0.761654
-0.75558
-0.749047
-0.74206
-0.734622
-0.726739
-0.718414
-0.709653
-0.700461
-0.690844
-0.680807
-0.670357
-0.6595
-0.648243
-0.636592
-0.624555
-0.612139
-0.599351
-0.586199
-0.572691
-0.558835
-0.544641
-0.530115
-0.515268
-0.500108
-0.484644
-0.468887
-0.452844
-0.436527
-0.419944
-0.403107
-0.386025
-0.368708
-0.351168
-0.333414
-0.315458
-0.297311
-0.278983
-0.260486
-0.24183
-0.223028
-0.20409
-0.185029
-0.165855
-0.14658
-0.127217
-0.107776
-0.0882696
-0.0687098
-0.0491082
-0.0294769
-0.00982761
0.00982761
0.0294769
0.0491082
0.0687098
0.0882696
0.107776
0.127217
0.14658
0.165855
0.185029
0.20409
0.223028
0.24183
0.260486
0.278983
0.297311
0.315458
0.333414
0.351168
0.368708
0.386025
0.403107
0.419944
0.436527
0.452844
0.468887
0.484644
0.500108
0.515268
0.530115
0.544641
0.558835
0.572691
0.586199
0.599351
0.612139
0.624555
0.636592
0.648243
0.6595
0.670357
0.680807
0.690844
0.700461
0.709653
0.718414
0.726739
0.734622
0.74206
0.749047
0.75558
0.761654
0.767265
0.772411
0.777087
0.781292
0.785023
0.788277
0.791052
0.793348
0.795161
0.796492
0.797339
0.797702
0.797581
0.796976
0.795887
0.794315
0.79226
0.789725
0.78671
0.783217
0.779249
0.774808
0.769896
0.764517
0.758674
0.752371
0.74561
0.738397
0.730736
0.722631
0.714087
0.70511
0.695705
0.685877
0.675633
0.664979
0.653921
0.642466
0.630622
0.618394
0.605791
0.59282
0.579489
0.565806
0.55178
0.537419
0.522731
0.507727
0.492414
0.476802
0.4609
0.444719
0.428268
0.411557
0.394596
0.377395
0.359965
0.342317
0.324461
0.306408
0.288169
0.269755
0.251177
0.232447
0.213575
0.194574
0.175455
0.156229
0.136909
0.117505
0.0980301
0.0784956
0.0589135
0.0392955
0.0196537
0
0
-0.0200134
-0.0400147
-0.0599917
-0.0799323
-0.0998243
-0.119656
-0.139415
-0.159089
-0.178666
-0.198135
-0.217484
-0.236701
-0.255774
-0.274692
-0.293443
-0.312016
-0.330399
-0.348582
-0.366553
-0.384302
-0.401818
-0.419089
-0.436106
-0.452858
-0.469336
-0.485528
-0.501426
-0.517019
-0.532299
-0.547255
-0.561879
-0.576162
-0.590095
-0.60367
-0.616878
-0.629712
-0.642163
-0.654225
-0.665889
-0.67715
-0.687999
-0.69843
-0.708438
-0.718015
-0.727157
-0.735857
-0.74411
-0.751912
-0.759257
-0.766141
-0.77256
-0.77851
-0.783987
-0.788989
-0.793511
-0.797552
-0.801108
-0.804178
-0.80676
-0.808852
-0.810453
-0.811562
-0.812179
-0.812302
-0.811932
-0.811069
-0.809714
-0.807867
-0.80553
-0.802704
-0.799391
-0.795592
-0.79131
-0.786548
-0.781308
-0.775594
-0.769409
-0.762757
-0.755642
-0.748068
-0.74004
-0.731562
-0.722641
-0.713281
-0.703488
-0.693267
-0.682626
-0.671571
-0.660107
-0.648243
-0.635986
-0.623342
-0.61032
-0.596927
-0.583172
-0.569063
-0.554609
-0.539818
-0.524699
-0.509261
-0.493514
-0.477468
-0.461132
-0.444516
-0.42763
-0.410484
-0.39309
-0.375456
-0.357595
-0.339516
-0.321232
-0.302752
-0.284089
-0.265253
-0.246256
-0.22711
-0.207826
-0.188415
-0.16889
-0.149263
-0.129545
-0.109748
-0.0898851
-0.0699673
-0.050007
-0.0300163
-0.0100075
0.0100075
0.0300163
0.050007
0.0699673
0.0898851
0.109748
0.129545
0.149263
0.16889
0.188415
0.207826
0.22711
0.246256
0.265253
0.284089
0.302752
0.321232
0.339516
0.357595
0.375456
0.39309
0.410484
0.42763
0.444516
0.461132
0.477468
0.493514
0.509261
0.524699
0.539818
0.554609
0.569063
0.583172
0.596927
0.61032
0.623342
0.635986
0.648243
0.660107
0.671571
0.682626
0.693267
0.703488
0.713281
0.722641
0.731562
0.74004
0.748068
0.755642
0.762757
0.769409
0.775594
0.781308
0.786548
0.79131
0.795592
0.799391
0.802704
0.80553
0.807867
0.809714
0.811069
0.811932
0.812302
0.812179
0.811562
0.810453
0.808852
0.80676
0.804178
0.801108
0.797552
0.793511
0.788989
0.783987
0.77851
0.77256
0.766141
0.759257
0.751912
0.74411
0.735857
0.727157
0.718015
0.708438
0.69843
0.687999
0.67715
0.665889
0.654225
0.642163
0.629712
0.616878
0.60367
0.590095
0.576162
0.561879
0.547255
0.532299
0.517019
0.501426
0.485528
0.469336
0.452858
0.436106
0.419089
0.401818
0.384302
0.366553
0.348582
0.330399
0.312016
0.293443
0.274692
0.255774
0.236701
0.217484
0.198135
0.178666
0.159089
0.139415
0.119656
0.0998243
0.0799323
0.0599917
0.0400147
0.0200134
0
0
-0.020361
-0.0407096
-0.0610335
-0.0813204
-0.101558
-0.121734
-0.141836
-0.161851
-0.181769
-0.201576
-0.221261
-0.240812
-0.260216
-0.279462
-0.298539
-0.317434
-0.336137
-0.354636
-0.372919
-0.390976
-0.408796
-0.426367
-0.44368
-0.460723
-0.477486
-0.49396
-0.510134
-0.525998
-0.541542
-0.556758
-0.571636
-0.586167
-0.600342
-0.614153
-0.627591
-0.640647
-0.653315
-0.665586
-0.677453
-0.688909
-0.699947
-0.710559
-0.720741
-0.730484
-0.739785
-0.748636
-0.757032
-0.764969
-0.772442
-0.779446
-0.785976
-0.792029
-0.797602
-0.80269
-0.807291
-0.811402
-0.81502
-0.818144
-0.82077
-0.822899
-0.824528
-0.825656
-0.826283
-0.826409
-0.826032
-0.825155
-0.823776
-0.821897
-0.819519
-0.816644
-0.813273
-0.809408
-0.805052
-0.800207
-0.794876
-0.789063
-0.78277
-0.776003
-0.768764
-0.761059
-0.752891
-0.744267
-0.73519
-0.725668
-0.715704
-0.705307
-0.694481
-0.683233
-0.671571
-0.659501
-0.64703
-0.634167
-0.620919
-0.607294
-0.5933
-0.578946
-0.56424
-0.549192
-0.533811
-0.518105
-0.502085
-0.48576
-0.46914
-0.452235
-0.435056
-0.417613
-0.399916
-0.381976
-0.363805
-0.345413
-0.32681
-0.30801
-0.289022
-0.26986
-0.250533
-0.231054
-0.211435
-0.191687
-0.171823
-0.151855
-0.131795
-0.111654
-0.0914461
-0.0711823
-0.0508754
-0.0305376
-0.0101813
0.0101813
0.0305376
0.0508754
0.0711823
0.0914461
0.111654
0.131795
0.151855
0.171823
0.191687
0.211435
0.231054
0.250533
0.26986
0.289022
0.30801
0.32681
0.345413
0.363805
0.381976
0.399916
0.417613
0.435056
0.452235
0.46914
0.48576
0.502085
0.518105
0.533811
0.549192
0.56424
0.578946
0.5933
0.607294
0.620919
0.634167
0.64703
0.659501
0.671571
0.683233
0.694481
0.705307
0.715704
0.725668
0.73519
0.744267
0.752891
0.761059
0.768764
0.776003
0.78277
0.789063
0.794876
0.800207
0.805052
0.809408
0.813273
0.816644
0.819519
0.821897
0.823776
0.825155
0.826032
0.826409
0.826283
0.825656
0.824528
0.822899
0.82077
0.818144
0.81502
0.811402
0.807291
0.80269
0.797602
0.792029
0.785976
0.779446
0.772442
0.764969
0.757032
0.748636
0.739785
0.730484
0.720741
0.710559
0.699947
0.688909
0.677453
0.665586
0.653315
0.640647
0.627591
0.614153
0.600342
0.586167
0.571636
0.556758
0.541542
0.525998
0.510134
0.49396
0.477486
0.460723
0.44368
0.426367
0.408796
0.390976
0.372919
0.354636
0.336137
0.317434
0.298539
0.279462
0.260216
0.240812
0.221261
0.201576
0.181769
0.161851
0.141836
0.121734
0.101558
0.0813204
0.0610335
0.0407096
0.020361
0
0
-0.0206962
-0.0413798
-0.0620383
-0.0826591
-0.10323
-0.123738
-0.144171
-0.164516
-0.184761
-0.204895
-0.224904
-0.244776
-0.2645
-0.284063
-0.303454
-0.32266
-0.341671
-0.360474
-0.379058
-0.397412
-0.415525
-0.433386
-0.450984
-0.468307
-0.485347
-0.502092
-0.518532
-0.534657
-0.550458
-0.565924
-0.581047
-0.595817
-0.610225
-0.624263
-0.637922
-0.651194
-0.66407
-0.676544
-0.688606
-0.70025
-0.71147
-0.722257
-0.732606
-0.74251
-0.751963
-0.76096
-0.769495
-0.777563
-0.785158
-0.792277
-0.798915
-0.805068
-0.810732
-0.815905
-0.820581
-0.82476
-0.828438
-0.831612
-0.834282
-0.836446
-0.838102
-0.839248
-0.839886
-0.840013
-0.839631
-0.838739
-0.837337
-0.835428
-0.833011
-0.830088
-0.826661
-0.822733
-0.818305
-0.81338
-0.807962
-0.802053
-0.795657
-0.788778
-0.78142
-0.773588
-0.765286
-0.756519
-0.747293
-0.737614
-0.727487
-0.716918
-0.705914
-0.694481
-0.682627
-0.670358
-0.657682
-0.644607
-0.631141
-0.617291
-0.603067
-0.588477
-0.573529
-0.558233
-0.542598
-0.526634
-0.510351
-0.493757
-0.476863
-0.45968
-0.442218
-0.424488
-0.4065
-0.388265
-0.369794
-0.351099
-0.332191
-0.313081
-0.293781
-0.274302
-0.254657
-0.234858
-0.214915
-0.194843
-0.174652
-0.154355
-0.133964
-0.113492
-0.0929515
-0.0723542
-0.051713
-0.0310403
-0.0103489
0.0103489
0.0310403
0.051713
0.0723542
0.0929515
0.113492
0.133964
0.154355
0.174652
0.194843
0.214915
0.234858
0.254657
0.274302
0.293781
0.313081
0.332191
0.351099
0.369794
0.388265
0.4065
0.424488
0.442218
0.45968
0.476863
0.493757
0.510351
0.526634
0.542598
0.558233
0.573529
0.588477
0.603067
0.617291
0.631141
0.644607
0.657682
0.670358
0.682627
0.694481
0.705914
0.716918
0.727487
0.737614
0.747293
0.756519
0.765286
0.773588
0.78142
0.788778
0.795657
0.802053
0.807962
0.81338
0.818305
0.822733
0.826661
0.830088
0.833011
0.835428
0.837337
0.838739
0.839631
0.840013
0.839886
0.839248
0.838102
0.836446
0.834282
0.831612
0.828438
0.82476
0.820581
0.815905
0.810732
0.805068
0.798915
0.792277
0.785158
0.777563
0.769495
0.76096
0.751963
0.74251
0.732606
0.722257
0.71147
0.70025
0.688606
0.676544
0.66407
0.651194
0.637922
0.624263
0.610225
0.595817
0.581047
0.565924
0.550458
0.534657
0.518532
0.502092
0.485347
0.468307
0.450984
0.433386
0.415525
0.397412
0.379058
0.360474
0.341671
0.32266
0.303454
0.284063
0.2645
0.244776
0.224904
0.204895
0.184761
0.164516
0.144171
0.123738
0.10323
0.0826591
0.0620383
0.0413798
0.0206962
0
0
-0.0210188
-0.0420249
-0.0630054
-0.0839477
-0.104839
-0.125667
-0.146418
-0.167081
-0.187642
-0.208089
-0.22841
-0.248592
-0.268623
-0.288491
-0.308184
-0.32769
-0.346997
-0.366093
-0.384967
-0.403608
-0.422003
-0.440142
-0.458014
-0.475608
-0.492913
-0.509919
-0.526615
-0.542992
-0.559039
-0.574746
-0.590105
-0.605105
-0.619738
-0.633995
-0.647867
-0.661345
-0.674422
-0.68709
-0.699341
-0.711166
-0.722561
-0.733516
-0.744026
-0.754085
-0.763686
-0.772823
-0.781491
-0.789684
-0.797398
-0.804628
-0.811369
-0.817618
-0.823371
-0.828624
-0.833373
-0.837617
-0.841352
-0.844576
-0.847288
-0.849485
-0.851167
-0.852331
-0.852979
-0.853108
-0.85272
-0.851814
-0.85039
-0.848451
-0.845996
-0.843028
-0.839548
-0.835558
-0.831061
-0.82606
-0.820557
-0.814556
-0.80806
-0.801074
-0.793601
-0.785647
-0.777216
-0.768312
-0.758943
-0.749112
-0.738827
-0.728094
-0.716918
-0.705307
-0.693268
-0.680808
-0.667935
-0.654656
-0.64098
-0.626914
-0.612468
-0.59765
-0.58247
-0.566935
-0.551057
-0.534844
-0.518306
-0.501454
-0.484297
-0.466846
-0.449112
-0.431105
-0.412837
-0.394317
-0.375559
-0.356572
-0.337369
-0.317961
-0.29836
-0.278578
-0.258627
-0.238519
-0.218266
-0.19788
-0.177375
-0.156761
-0.136053
-0.115262
-0.0944005
-0.0734821
-0.0525191
-0.0315242
-0.0105102
0.0105102
0.0315242
0.0525191
0.0734821
0.0944005
0.115262
0.136053
0.156761
0.177375
0.19788
0.218266
0.238519
0.258627
0.278578
0.29836
0.317961
0.337369
0.356572
0.375559
0.394317
0.412837
0.431105
0.449112
0.466846
0.484297
0.501454
0.518306
0.534844
0.551057
0.566935
0.58247
0.59765
0.612468
0.626914
0.64098
0.654656
0.667935
0.680808
0.693268
0.705307
0.716918
0.728094
0.738827
0.749112
0.758943
0.768312
0.777216
0.785647
0.793601
0.801074
0.80806
0.814556
0.820557
0.82606
0.831061
0.835558
0.839548
0.843028
0.845996
0.848451
0.85039
0.851814
0.85272
0.853108
0.852979
0.852331
0.851167
0.849485
0.847288
0.844576
0.841352
0.837617
0.833373
0.828624
0.823371
0.817618
0.811369
0.804628
0.797398
0.789684
0.781491
0.772823
0.763686
0.754085
0.744026
0.733516
0.722561
0.711166
0.699341
0.68709
0.674422
0.661345
0.647867
0.633995
0.619738
0.605105
0.590105
0.574746
0.559039
0.542992
0.526615
0.509919
0.492913
0.475608
0.458014
0.440142
0.422003
0.403608
0.384967
0.366093
0.346997
0.32769
0.308184
0.288491
0.268623
0.248592
0.22841
0.208089
0.187642
0.167081
0.146418
0.125667
0.104839
0.0839477
0.0630054
0.0420249
0.0210188
0
0
-0.0213287
-0.0426444
-0.0639342
-0.0851853
-0.106385
-0.127519
-0.148577
-0.169544
-0.190408
-0.211156
-0.231777
-0.252257
-0.272583
-0.292744
-0.312727
-0.332521
-0.352113
-0.37149
-0.390643
-0.409558
-0.428224
-0.446631
-0.464766
-0.482619
-0.50018
-0.517436
-0.534379
-0.550997
-0.56728
-0.583219
-0.598804
-0.614026
-0.628875
-0.643342
-0.657418
-0.671095
-0.684365
-0.697219
-0.709651
-0.721651
-0.733213
-0.74433
-0.754995
-0.765202
-0.774944
-0.784216
-0.793012
-0.801326
-0.809154
-0.81649
-0.823331
-0.829672
-0.835509
-0.840839
-0.845659
-0.849965
-0.853755
-0.857027
-0.859779
-0.862009
-0.863715
-0.864897
-0.865554
-0.865685
-0.865291
-0.864371
-0.862927
-0.860959
-0.858468
-0.855456
-0.851925
-0.847877
-0.843313
-0.838238
-0.832654
-0.826564
-0.819973
-0.812884
-0.805301
-0.797229
-0.788674
-0.779639
-0.770132
-0.760156
-0.749719
-0.738828
-0.727487
-0.715705
-0.703488
-0.690845
-0.677782
-0.664307
-0.650429
-0.636156
-0.621497
-0.606461
-0.591057
-0.575293
-0.559181
-0.542729
-0.525947
-0.508847
-0.491437
-0.473729
-0.455733
-0.437461
-0.418923
-0.400131
-0.381095
-0.361829
-0.342343
-0.322649
-0.302759
-0.282685
-0.26244
-0.242035
-0.221483
-0.200797
-0.179989
-0.159072
-0.138058
-0.116961
-0.0957922
-0.0745654
-0.0532934
-0.031989
-0.0106651
0.0106651
0.031989
0.0532934
0.0745654
0.0957922
0.116961
0.138058
0.159072
0.179989
0.200797
0.221483
0.242035
0.26244
0.282685
0.302759
0.322649
0.342343
0.361829
0.381095
0.400131
0.418923
0.437461
0.455733
0.473729
0.491437
0.508847
0.525947
0.542729
0.559181
0.575293
0.591057
0.606461
0.621497
0.636156
0.650429
0.664307
0.677782
0.690845
0.703488
0.715705
0.727487
0.738828
0.749719
0.760156
0.770132
0.779639
0.788674
0.797229
0.805301
0.812884
0.819973
0.826564
0.832654
0.838238
0.843313
0.847877
0.851925
0.855456
0.858468
0.860959
0.862927
0.864371
0.865291
0.865685
0.865554
0.864897
0.863715
0.862009
0.859779
0.857027
0.853755
0.849965
0.845659
0.840839
0.835509
0.829672
0.823331
0.81649
0.809154
0.801326
0.793012
0.784216
0.774944
0.765202
0.754995
0.74433
0.733213
0.721651
0.709651
0.697219
0.684365
0.671095
0.657418
0.643342
0.628875
0.614026
0.598804
0.583219
0.56728
0.550997
0.534379
0.517436
0.50018
0.482619
0.464766
0.446631
0.428224
0.409558
0.390643
0.37149
0.352113
0.332521
0.312727
0.292744
0.272583
0.252257
0.231777
0.211156
0.190408
0.169544
0.148577
0.127519
0.106385
0.0851853
0.0639342
0.0426444
0.0213287
0
0
-0.0216256
-0.0432381
-0.0648243
-0.0863711
-0.107866
-0.129295
-0.150645
-0.171904
-0.193059
-0.214096
-0.235003
-0.255768
-0.276378
-0.296819
-0.317081
-0.33715
-0.357014
-0.376662
-0.396081
-0.415259
-0.434186
-0.452848
-0.471236
-0.489338
-0.507143
-0.52464
-0.541818
-0.558667
-0.575177
-0.591338
-0.60714
-0.622574
-0.637629
-0.652298
-0.66657
-0.680438
-0.693892
-0.706926
-0.71953
-0.731697
-0.74342
-0.754692
-0.765506
-0.775854
-0.785732
-0.795133
-0.804051
-0.812481
-0.820418
-0.827857
-0.834793
-0.841222
-0.847141
-0.852545
-0.857432
-0.861798
-0.865641
-0.868958
-0.871748
-0.874009
-0.875739
-0.876937
-0.877603
-0.877736
-0.877337
-0.876405
-0.87494
-0.872945
-0.870419
-0.867365
-0.863785
-0.85968
-0.855053
-0.849907
-0.844245
-0.838071
-0.831388
-0.8242
-0.816512
-0.808328
-0.799653
-0.790493
-0.780853
-0.770739
-0.760156
-0.749113
-0.737615
-0.725668
-0.713282
-0.700462
-0.687217
-0.673555
-0.659484
-0.645012
-0.630149
-0.614904
-0.599285
-0.583302
-0.566965
-0.550284
-0.533269
-0.51593
-0.498278
-0.480324
-0.462077
-0.443551
-0.424755
-0.405701
-0.386401
-0.366866
-0.347109
-0.32714
-0.306974
-0.28662
-0.266093
-0.245404
-0.224567
-0.203593
-0.182495
-0.161287
-0.13998
-0.118589
-0.0971257
-0.0756035
-0.0540353
-0.0324343
-0.0108136
0.0108136
0.0324343
0.0540353
0.0756035
0.0971257
0.118589
0.13998
0.161287
0.182495
0.203593
0.224567
0.245404
0.266093
0.28662
0.306974
0.32714
0.347109
0.366866
0.386401
0.405701
0.424755
0.443551
0.462077
0.480324
0.498278
0.51593
0.533269
0.550284
0.566965
0.583302
0.599285
0.614904
0.630149
0.645012
0.659484
0.673555
0.687217
0.700462
0.713282
0.725668
0.737615
0.749113
0.760156
0.770739
0.780853
0.790493
0.799653
0.808328
0.816512
0.8242
0.831388
0.838071
0.844245
0.849907
0.855053
0.85968
0.863785
0.867365
0.870419
0.872945
0.87494
0.876405
0.877337
0.877736
0.877603
0.876937
0.875739
0.874009
0.871748
0.868958
0.865641
0.861798
0.857432
0.852545
0.847141
0.841222
0.834793
0.827857
0.820418
0.812481
0.804051
0.795133
0.785732
0.775854
0.765506
0.754692
0.74342
0.731697
0.71953
0.706926
0.693892
0.680438
0.66657
0.652298
0.637629
0.622574
0.60714
0.591338
0.575177
0.558667
0.541818
0.52464
0.507143
0.489338
0.471236
0.452848
0.434186
0.415259
0.396081
0.376662
0.357014
0.33715
0.317081
0.296819
0.276378
0.255768
0.235003
0.214096
0.193059
0.171904
0.150645
0.129295
0.107866
0.0863711
0.0648243
0.0432381
0.0216256
0
0
-0.0219094
-0.0438055
-0.065675
-0.0875046
-0.109281
-0.130991
-0.152622
-0.17416
-0.195592
-0.216906
-0.238087
-0.259125
-0.280005
-0.300715
-0.321242
-0.341574
-0.361699
-0.381605
-0.401279
-0.420709
-0.439883
-0.458791
-0.47742
-0.49576
-0.513798
-0.531524
-0.548928
-0.565999
-0.582725
-0.599099
-0.615108
-0.630744
-0.645997
-0.660858
-0.675317
-0.689367
-0.702998
-0.716203
-0.728972
-0.741299
-0.753176
-0.764596
-0.775551
-0.786036
-0.796043
-0.805568
-0.814603
-0.823143
-0.831184
-0.838721
-0.845748
-0.852261
-0.858258
-0.863733
-0.868684
-0.873107
-0.877
-0.880361
-0.883188
-0.885478
-0.887231
-0.888445
-0.88912
-0.889255
-0.88885
-0.887906
-0.886422
-0.8844
-0.881842
-0.878748
-0.87512
-0.870961
-0.866274
-0.861061
-0.855324
-0.849069
-0.842298
-0.835016
-0.827227
-0.818935
-0.810147
-0.800866
-0.7911
-0.780853
-0.770132
-0.758943
-0.747294
-0.735191
-0.722642
-0.709654
-0.696235
-0.682394
-0.668138
-0.653477
-0.638419
-0.622973
-0.607149
-0.590957
-0.574406
-0.557506
-0.540267
-0.522701
-0.504817
-0.486627
-0.468141
-0.449371
-0.430329
-0.411025
-0.391471
-0.37168
-0.351664
-0.331433
-0.311002
-0.290382
-0.269585
-0.248625
-0.227514
-0.206264
-0.18489
-0.163403
-0.141817
-0.120145
-0.0984003
-0.0765956
-0.0547444
-0.0328599
-0.0109555
0.0109555
0.0328599
0.0547444
0.0765956
0.0984003
0.120145
0.141817
0.163403
0.18489
0.206264
0.227514
0.248625
0.269585
0.290382
0.311002
0.331433
0.351664
0.37168
0.391471
0.411025
0.430329
0.449371
0.468141
0.486627
0.504817
0.522701
0.540267
0.557506
0.574406
0.590957
0.607149
0.622973
0.638419
0.653477
0.668138
0.682394
0.696235
0.709654
0.722642
0.735191
0.747294
0.758943
0.770132
0.780853
0.7911
0.800866
0.810147
0.818935
0.827227
0.835016
0.842298
0.849069
0.855324
0.861061
0.866274
0.870961
0.87512
0.878748
0.881842
0.8844
0.886422
0.887906
0.88885
0.889255
0.88912
0.888445
0.887231
0.885478
0.883188
0.880361
0.877
0.873107
0.868684
0.863733
0.858258
0.852261
0.845748
0.838721
0.831184
0.823143
0.814603
0.805568
0.796043
0.786036
0.775551
0.764596
0.753176
0.741299
0.728972
0.716203
0.702998
0.689367
0.675317
0.660858
0.645997
0.630744
0.615108
0.599099
0.582725
0.565999
0.548928
0.531524
0.513798
0.49576
0.47742
0.458791
0.439883
0.420709
0.401279
0.381605
0.361699
0.341574
0.321242
0.300715
0.280005
0.259125
0.238087
0.216906
0.195592
0.17416
0.152622
0.130991
0.109281
0.0875046
0.065675
0.0438055
0.0219094
0
0
-0.0221799
-0.0443463
-0.0664858
-0.0885849
-0.11063
-0.132608
-0.154506
-0.17631
-0.198007
-0.219583
-0.241027
-0.262324
-0.283462
-0.304427
-0.325208
-0.345791
-0.366165
-0.386316
-0.406233
-0.425903
-0.445314
-0.464455
-0.483314
-0.50188
-0.520141
-0.538086
-0.555705
-0.572986
-0.58992
-0.606495
-0.622702
-0.638531
-0.653972
-0.669017
-0.683655
-0.697878
-0.711677
-0.725045
-0.737972
-0.750451
-0.762475
-0.774035
-0.785126
-0.79574
-0.805871
-0.815513
-0.82466
-0.833306
-0.841446
-0.849075
-0.856189
-0.862783
-0.868854
-0.874396
-0.879408
-0.883886
-0.887828
-0.89123
-0.894092
-0.89641
-0.898185
-0.899414
-0.900097
-0.900234
-0.899824
-0.898867
-0.897366
-0.895319
-0.892729
-0.889597
-0.885924
-0.881714
-0.876969
-0.871691
-0.865884
-0.859551
-0.852697
-0.845325
-0.837439
-0.829046
-0.820149
-0.810754
-0.800867
-0.790493
-0.77964
-0.768313
-0.75652
-0.744268
-0.731564
-0.718415
-0.704831
-0.690819
-0.676387
-0.661545
-0.646301
-0.630664
-0.614645
-0.598253
-0.581497
-0.564389
-0.546937
-0.529154
-0.51105
-0.492635
-0.473921
-0.454919
-0.435642
-0.416099
-0.396304
-0.376269
-0.356005
-0.335525
-0.314842
-0.293967
-0.272913
-0.251694
-0.230323
-0.208811
-0.187173
-0.165421
-0.143568
-0.121629
-0.0996151
-0.0775412
-0.0554202
-0.0332656
-0.0110908
0.0110908
0.0332656
0.0554202
0.0775412
0.0996151
0.121629
0.143568
0.165421
0.187173
0.208811
0.230323
0.251694
0.272913
0.293967
0.314842
0.335525
0.356005
0.376269
0.396304
0.416099
0.435642
0.454919
0.473921
0.492635
0.51105
0.529154
0.546937
0.564389
0.581497
0.598253
0.614645
0.630664
0.646301
0.661545
0.676387
0.690819
0.704831
0.718415
0.731564
0.744268
0.75652
0.768313
0.77964
0.790493
0.800867
0.810754
0.820149
0.829046
0.837439
0.845325
0.852697
0.859551
0.865884
0.871691
0.876969
0.881714
0.885924
0.889597
0.892729
0.895319
0.897366
0.898867
0.899824
0.900234
0.900097
0.899414
0.898185
0.89641
0.894092
0.89123
0.887828
0.883886
0.879408
0.874396
0.868854
0.862783
0.856189
0.849075
0.841446
0.833306
0.82466
0.815513
0.805871
0.79574
0.785126
0.774035
0.762475
0.750451
0.737972
0.725045
0.711677
0.697878
0.683655
0.669017
0.653972
0.638531
0.622702
0.606495
0.58992
0.572986
0.555705
0.538086
0.520141
0.50188
0.483314
0.464455
0.445314
0.425903
0.406233
0.386316
0.366165
0.345791
0.325208
0.304427
0.283462
0.262324
0.241027
0.219583
0.198007
0.17631
0.154506
0.132608
0.11063
0.0885849
0.0664858
0.0443463
0.0221799
0
0
-0.0224369
-0.0448602
-0.0672562
-0.0896114
-0.111912
-0.134145
-0.156297
-0.178353
-0.200301
-0.222128
-0.24382
-0.265364
-0.286746
-0.307955
-0.328977
-0.349799
-0.370408
-0.390793
-0.41094
-0.430838
-0.450475
-0.469838
-0.488915
-0.507696
-0.526169
-0.544322
-0.562145
-0.579626
-0.596756
-0.613523
-0.629918
-0.64593
-0.661551
-0.676769
-0.691577
-0.705965
-0.719924
-0.733447
-0.746524
-0.759147
-0.77131
-0.783005
-0.794224
-0.804961
-0.81521
-0.824963
-0.834216
-0.842962
-0.851197
-0.858915
-0.866111
-0.872781
-0.878922
-0.884529
-0.889599
-0.894129
-0.898116
-0.901558
-0.904453
-0.906798
-0.908593
-0.909836
-0.910527
-0.910666
-0.910251
-0.909284
-0.907764
-0.905694
-0.903074
-0.899905
-0.896191
-0.891932
-0.887131
-0.881792
-0.875918
-0.869512
-0.862578
-0.855121
-0.847144
-0.838653
-0.829653
-0.820149
-0.810147
-0.799654
-0.788675
-0.777217
-0.765287
-0.752893
-0.740041
-0.726741
-0.712999
-0.698824
-0.684225
-0.669211
-0.65379
-0.637973
-0.621768
-0.605185
-0.588236
-0.570929
-0.553275
-0.535286
-0.516972
-0.498343
-0.479413
-0.460191
-0.44069
-0.420921
-0.400897
-0.380629
-0.360131
-0.339413
-0.31849
-0.297373
-0.276076
-0.254611
-0.232992
-0.211231
-0.189342
-0.167338
-0.145232
-0.123038
-0.10077
-0.0784398
-0.0560625
-0.0336511
-0.0112193
0.0112193
0.0336511
0.0560625
0.0784398
0.10077
0.123038
0.145232
0.167338
0.189342
0.211231
0.232992
0.254611
0.276076
0.297373
0.31849
0.339413
0.360131
0.380629
0.400897
0.420921
0.44069
0.460191
0.479413
0.498343
0.516972
0.535286
0.553275
0.570929
0.588236
0.605185
0.621768
0.637973
0.65379
0.669211
0.684225
0.698824
0.712999
0.726741
0.740041
0.752893
0.765287
0.777217
0.788675
0.799654
0.810147
0.820149
0.829653
0.838653
0.847144
0.855121
0.862578
0.869512
0.875918
0.881792
0.887131
0.891932
0.896191
0.899905
0.903074
0.905694
0.907764
0.909284
0.910251
0.910666
0.910527
0.909836
0.908593
0.906798
0.904453
0.901558
0.898116
0.894129
0.889599
0.884529
0.878922
0.872781
0.866111
0.858915
0.851197
0.842962
0.834216
0.824963
0.81521
0.804961
0.794224
0.783005
0.77131
0.759147
0.746524
0.733447
0.719924
0.705965
0.691577
0.676769
0.661551
0.64593
0.629918
0.613523
0.596756
0.579626
0.562145
0.544322
0.526169
0.507696
0.488915
0.469838
0.450475
0.430838
0.41094
0.390793
0.370408
0.349799
0.328977
0.307955
0.286746
0.265364
0.24382
0.222128
0.200301
0.178353
0.156297
0.134145
0.111912
0.0896114
0.0672562
0.0448602
0.0224369
0
0
-0.0226803
-0.0453468
-0.0679859
-0.0905836
-0.113126
-0.1356
-0.157992
-0.180288
-0.202474
-0.224538
-0.246465
-0.268242
-0.289857
-0.311296
-0.332545
-0.353593
-0.374426
-0.395032
-0.415398
-0.435512
-0.455362
-0.474934
-0.494219
-0.513204
-0.531877
-0.550227
-0.568243
-0.585914
-0.60323
-0.620179
-0.636751
-0.652938
-0.668727
-0.684111
-0.69908
-0.713624
-0.727734
-0.741403
-0.754622
-0.767383
-0.779678
-0.791499
-0.80284
-0.813694
-0.824054
-0.833913
-0.843266
-0.852107
-0.860431
-0.868232
-0.875507
-0.88225
-0.888457
-0.894125
-0.89925
-0.903829
-0.907859
-0.911338
-0.914264
-0.916635
-0.91845
-0.919707
-0.920405
-0.920545
-0.920126
-0.919148
-0.917612
-0.915519
-0.912871
-0.909668
-0.905913
-0.901608
-0.896755
-0.891358
-0.88542
-0.878945
-0.871936
-0.864397
-0.856334
-0.847751
-0.838653
-0.829046
-0.818936
-0.808328
-0.79723
-0.785648
-0.773589
-0.76106
-0.74807
-0.734625
-0.720734
-0.706405
-0.691648
-0.676471
-0.660883
-0.644893
-0.628513
-0.611751
-0.594617
-0.577122
-0.559277
-0.541093
-0.52258
-0.50375
-0.484614
-0.465183
-0.445471
-0.425487
-0.405246
-0.384759
-0.364037
-0.343095
-0.321945
-0.300599
-0.279071
-0.257373
-0.235519
-0.213522
-0.191396
-0.169153
-0.146807
-0.124373
-0.101863
-0.0792907
-0.0566706
-0.0340162
-0.011341
0.011341
0.0340162
0.0566706
0.0792907
0.101863
0.124373
0.146807
0.169153
0.191396
0.213522
0.235519
0.257373
0.279071
0.300599
0.321945
0.343095
0.364037
0.384759
0.405246
0.425487
0.445471
0.465183
0.484614
0.50375
0.52258
0.541093
0.559277
0.577122
0.594617
0.611751
0.628513
0.644893
0.660883
0.676471
0.691648
0.706405
0.720734
0.734625
0.74807
0.76106
0.773589
0.785648
0.79723
0.808328
0.818936
0.829046
0.838653
0.847751
0.856334
0.864397
0.871936
0.878945
0.88542
0.891358
0.896755
0.901608
0.905913
0.909668
0.912871
0.915519
0.917612
0.919148
0.920126
0.920545
0.920405
0.919707
0.91845
0.916635
0.914264
0.911338
0.907859
0.903829
0.89925
0.894125
0.888457
0.88225
0.875507
0.868232
0.860431
0.852107
0.843266
0.833913
0.824054
0.813694
0.80284
0.791499
0.779678
0.767383
0.754622
0.741403
0.727734
0.713624
0.69908
0.684111
0.668727
0.652938
0.636751
0.620179
0.60323
0.585914
0.568243
0.550227
0.531877
0.513204
0.494219
0.474934
0.455362
0.435512
0.415398
0.395032
0.374426
0.353593
0.332545
0.311296
0.289857
0.268242
0.246465
0.224538
0.202474
0.180288
0.157992
0.1356
0.113126
0.0905836
0.0679859
0.0453468
0.0226803
0
0
-0.0229099
-0.045806
-0.0686742
-0.0915007
-0.114272
-0.136973
-0.159592
-0.182113
-0.204524
-0.226811
-0.24896
-0.270958
-0.292792
-0.314448
-0.335912
-0.357173
-0.378217
-0.399032
-0.419604
-0.439922
-0.459972
-0.479743
-0.499223
-0.5184
-0.537262
-0.555798
-0.573996
-0.591846
-0.609337
-0.626458
-0.643198
-0.659549
-0.675498
-0.691038
-0.706158
-0.720849
-0.735103
-0.74891
-0.762263
-0.775153
-0.787572
-0.799513
-0.810969
-0.821932
-0.832397
-0.842356
-0.851804
-0.860735
-0.869143
-0.877023
-0.884371
-0.891182
-0.897452
-0.903178
-0.908354
-0.91298
-0.917051
-0.920566
-0.923521
-0.925916
-0.927749
-0.929018
-0.929724
-0.929865
-0.929442
-0.928454
-0.926903
-0.924789
-0.922113
-0.918878
-0.915085
-0.910736
-0.905835
-0.900383
-0.894385
-0.887844
-0.880764
-0.873149
-0.865004
-0.856334
-0.847144
-0.83744
-0.827227
-0.816513
-0.805302
-0.793603
-0.781422
-0.768766
-0.755644
-0.742063
-0.728031
-0.713557
-0.698651
-0.68332
-0.667574
-0.651423
-0.634876
-0.617944
-0.600637
-0.582966
-0.56494
-0.546571
-0.527871
-0.50885
-0.48952
-0.469893
-0.449981
-0.429795
-0.409349
-0.388654
-0.367723
-0.346569
-0.325205
-0.303643
-0.281896
-0.259979
-0.237904
-0.215684
-0.193334
-0.170866
-0.148294
-0.125632
-0.102894
-0.0800935
-0.0572444
-0.0343606
-0.0114558
0.0114558
0.0343606
0.0572444
0.0800935
0.102894
0.125632
0.148294
0.170866
0.193334
0.215684
0.237904
0.259979
0.281896
0.303643
0.325205
0.346569
0.367723
0.388654
0.409349
0.429795
0.449981
0.469893
0.48952
0.50885
0.527871
0.546571
0.56494
0.582966
0.600637
0.617944
0.634876
0.651423
0.667574
0.68332
0.698651
0.713557
0.728031
0.742063
0.755644
0.768766
0.781422
0.793603
0.805302
0.816513
0.827227
0.83744
0.847144
0.856334
0.865004
0.873149
0.880764
0.887844
0.894385
0.900383
0.905835
0.910736
0.915085
0.918878
0.922113
0.924789
0.926903
0.928454
0.929442
0.929865
0.929724
0.929018
0.927749
0.925916
0.923521
0.920566
0.917051
0.91298
0.908354
0.903178
0.897452
0.891182
0.884371
0.877023
0.869143
0.860735
0.851804
0.842356
0.832397
0.821932
0.810969
0.799513
0.787572
0.775153
0.762263
0.74891
0.735103
0.720849
0.706158
0.691038
0.675498
0.659549
0.643198
0.626458
0.609337
0.591846
0.573996
0.555798
0.537262
0.5184
0.499223
0.479743
0.459972
0.439922
0.419604
0.399032
0.378217
0.357173
0.335912
0.314448
0.292792
0.270958
0.24896
0.226811
0.204524
0.182113
0.159592
0.136973
0.114272
0.0915007
0.0686742
0.045806
0.0229099
0
0
-0.0231257
-0.0462373
-0.0693208
-0.0923623
-0.115348
-0.138263
-0.161095
-0.183828
-0.20645
-0.228947
-0.251305
-0.27351
-0.295549
-0.317408
-0.339075
-0.360537
-0.381779
-0.402789
-0.423555
-0.444064
-0.464303
-0.484261
-0.503924
-0.523281
-0.542321
-0.561031
-0.579401
-0.597419
-0.615075
-0.632357
-0.649255
-0.665759
-0.681859
-0.697545
-0.712807
-0.727637
-0.742024
-0.755962
-0.76944
-0.782452
-0.794988
-0.807042
-0.818605
-0.829672
-0.840235
-0.850288
-0.859825
-0.868839
-0.877327
-0.885281
-0.892699
-0.899574
-0.905903
-0.911682
-0.916908
-0.921577
-0.925686
-0.929234
-0.932217
-0.934635
-0.936485
-0.937766
-0.938479
-0.938621
-0.938194
-0.937197
-0.935631
-0.933497
-0.930796
-0.92753
-0.923702
-0.919312
-0.914364
-0.908861
-0.902807
-0.896204
-0.889057
-0.881371
-0.873149
-0.864398
-0.855121
-0.845326
-0.835017
-0.824201
-0.812885
-0.801075
-0.78878
-0.776005
-0.762759
-0.74905
-0.734886
-0.720276
-0.705229
-0.689754
-0.67386
-0.657557
-0.640855
-0.623763
-0.606293
-0.588455
-0.57026
-0.551718
-0.532842
-0.513642
-0.49413
-0.474318
-0.454218
-0.433843
-0.413204
-0.392314
-0.371186
-0.349833
-0.328267
-0.306502
-0.284551
-0.262427
-0.240144
-0.217715
-0.195154
-0.172474
-0.14969
-0.126815
-0.103863
-0.0808477
-0.0577835
-0.0346841
-0.0115637
0.0115637
0.0346841
0.0577835
0.0808477
0.103863
0.126815
0.14969
0.172474
0.195154
0.217715
0.240144
0.262427
0.284551
0.306502
0.328267
0.349833
0.371186
0.392314
0.413204
0.433843
0.454218
0.474318
0.49413
0.513642
0.532842
0.551718
0.57026
0.588455
0.606293
0.623763
0.640855
0.657557
0.67386
0.689754
0.705229
0.720276
0.734886
0.74905
0.762759
0.776005
0.78878
0.801075
0.812885
0.824201
0.835017
0.845326
0.855121
0.864398
0.873149
0.881371
0.889057
0.896204
0.902807
0.908861
0.914364
0.919312
0.923702
0.92753
0.930796
0.933497
0.935631
0.937197
0.938194
0.938621
0.938479
0.937766
0.936485
0.934635
0.932217
0.929234
0.925686
0.921577
0.916908
0.911682
0.905903
0.899574
0.892699
0.885281
0.877327
0.868839
0.859825
0.850288
0.840235
0.829672
0.818605
0.807042
0.794988
0.782452
0.76944
0.755962
0.742024
0.727637
0.712807
0.697545
0.681859
0.665759
0.649255
0.632357
0.615075
0.597419
0.579401
0.561031
0.542321
0.523281
0.503924
0.484261
0.464303
0.444064
0.423555
0.402789
0.381779
0.360537
0.339075
0.317408
0.295549
0.27351
0.251305
0.228947
0.20645
0.183828
0.161095
0.138263
0.115348
0.0923623
0.0693208
0.0462373
0.0231257
0
0
-0.0233274
-0.0466405
-0.0699254
-0.0931678
-0.116354
-0.139469
-0.162499
-0.185431
-0.208251
-0.230944
-0.253496
-0.275895
-0.298126
-0.320177
-0.342033
-0.363681
-0.385108
-0.406302
-0.427249
-0.447937
-0.468353
-0.488484
-0.508319
-0.527845
-0.547051
-0.565924
-0.584454
-0.60263
-0.620439
-0.637872
-0.654917
-0.671565
-0.687805
-0.703628
-0.719024
-0.733982
-0.748496
-0.762555
-0.776151
-0.789276
-0.801921
-0.81408
-0.825745
-0.836908
-0.847563
-0.857704
-0.867324
-0.876417
-0.884978
-0.893002
-0.900484
-0.907419
-0.913804
-0.919633
-0.924904
-0.929614
-0.93376
-0.937338
-0.940347
-0.942786
-0.944652
-0.945945
-0.946663
-0.946807
-0.946376
-0.94537
-0.943791
-0.941638
-0.938914
-0.93562
-0.931758
-0.92733
-0.922339
-0.916788
-0.910681
-0.90402
-0.896811
-0.889058
-0.880764
-0.871936
-0.862579
-0.852698
-0.842299
-0.831389
-0.819974
-0.808062
-0.795659
-0.782773
-0.769411
-0.755583
-0.741295
-0.726558
-0.71138
-0.69577
-0.679737
-0.663292
-0.646444
-0.629203
-0.611581
-0.593587
-0.575233
-0.55653
-0.537489
-0.518121
-0.498439
-0.478455
-0.458179
-0.437626
-0.416807
-0.395735
-0.374423
-0.352884
-0.33113
-0.309175
-0.287033
-0.264716
-0.242238
-0.219614
-0.196856
-0.173979
-0.150996
-0.127921
-0.104769
-0.0815528
-0.0582874
-0.0349866
-0.0116646
0.0116646
0.0349866
0.0582874
0.0815528
0.104769
0.127921
0.150996
0.173979
0.196856
0.219614
0.242238
0.264716
0.287033
0.309175
0.33113
0.352884
0.374423
0.395735
0.416807
0.437626
0.458179
0.478455
0.498439
0.518121
0.537489
0.55653
0.575233
0.593587
0.611581
0.629203
0.646444
0.663292
0.679737
0.69577
0.71138
0.726558
0.741295
0.755583
0.769411
0.782773
0.795659
0.808062
0.819974
0.831389
0.842299
0.852698
0.862579
0.871936
0.880764
0.889058
0.896811
0.90402
0.910681
0.916788
0.922339
0.92733
0.931758
0.93562
0.938914
0.941638
0.943791
0.94537
0.946376
0.946807
0.946663
0.945945
0.944652
0.942786
0.940347
0.937338
0.93376
0.929614
0.924904
0.919633
0.913804
0.907419
0.900484
0.893002
0.884978
0.876417
0.867324
0.857704
0.847563
0.836908
0.825745
0.81408
0.801921
0.789276
0.776151
0.762555
0.748496
0.733982
0.719024
0.703628
0.687805
0.671565
0.654917
0.637872
0.620439
0.60263
0.584454
0.565924
0.547051
0.527845
0.508319
0.488484
0.468353
0.447937
0.427249
0.406302
0.385108
0.363681
0.342033
0.320177
0.298126
0.275895
0.253496
0.230944
0.208251
0.185431
0.162499
0.139469
0.116354
0.0931678
0.0699254
0.0466405
0.0233274
0
0
-0.0235149
-0.0470155
-0.0704875
-0.0939168
-0.117289
-0.14059
-0.163806
-0.186922
-0.209925
-0.2328
-0.255534
-0.278113
-0.300523
-0.322751
-0.344782
-0.366604
-0.388204
-0.409568
-0.430684
-0.451538
-0.472118
-0.492411
-0.512405
-0.532088
-0.551448
-0.570474
-0.589153
-0.607474
-0.625427
-0.643
-0.660182
-0.676964
-0.693335
-0.709284
-0.724804
-0.739883
-0.754513
-0.768685
-0.78239
-0.79562
-0.808368
-0.820624
-0.832383
-0.843636
-0.854376
-0.864599
-0.874296
-0.883462
-0.892092
-0.900181
-0.907723
-0.914714
-0.921149
-0.927026
-0.93234
-0.937087
-0.941266
-0.944873
-0.947907
-0.950365
-0.952246
-0.953549
-0.954273
-0.954418
-0.953984
-0.95297
-0.951378
-0.949208
-0.946462
-0.943141
-0.939248
-0.934784
-0.929753
-0.924158
-0.918001
-0.911288
-0.90402
-0.896205
-0.887845
-0.878946
-0.869513
-0.859553
-0.84907
-0.838073
-0.826566
-0.814558
-0.802055
-0.789065
-0.775596
-0.761657
-0.747255
-0.732399
-0.717098
-0.701363
-0.685201
-0.668624
-0.65164
-0.634261
-0.616497
-0.598359
-0.579857
-0.561004
-0.541809
-0.522286
-0.502446
-0.482301
-0.461863
-0.441144
-0.420158
-0.398917
-0.377433
-0.35572
-0.333792
-0.31166
-0.28934
-0.266844
-0.244186
-0.221379
-0.198438
-0.175377
-0.152209
-0.128949
-0.105611
-0.0822084
-0.058756
-0.0352679
-0.0117583
0.0117583
0.0352679
0.058756
0.0822084
0.105611
0.128949
0.152209
0.175377
0.198438
0.221379
0.244186
0.266844
0.28934
0.31166
0.333792
0.35572
0.377433
0.398917
0.420158
0.441144
0.461863
0.482301
0.502446
0.522286
0.541809
0.561004
0.579857
0.598359
0.616497
0.634261
0.65164
0.668624
0.685201
0.701363
0.717098
0.732399
0.747255
0.761657
0.775596
0.789065
0.802055
0.814558
0.826566
0.838073
0.84907
0.859553
0.869513
0.878946
0.887845
0.896205
0.90402
0.911288
0.918001
0.924158
0.929753
0.934784
0.939248
0.943141
0.946462
0.949208
0.951378
0.95297
0.953984
0.954418
0.954273
0.953549
0.952246
0.950365
0.947907
0.944873
0.941266
0.937087
0.93234
0.927026
0.921149
0.914714
0.907723
0.900181
0.892092
0.883462
0.874296
0.864599
0.854376
0.843636
0.832383
0.820624
0.808368
0.79562
0.78239
0.768685
0.754513
0.739883
0.724804
0.709284
0.693335
0.676964
0.660182
0.643
0.625427
0.607474
0.589153
0.570474
0.551448
0.532088
0.512405
0.492411
0.472118
0.451538
0.430684
0.409568
0.388204
0.366604
0.344782
0.322751
0.300523
0.278113
0.255534
0.2328
0.209925
0.186922
0.163806
0.14059
0.117289
0.0939168
0.0704875
0.0470155
0.0235149
0
0
-0.0236881
-0.0473619
-0.0710069
-0.0946087
-0.118153
-0.141626
-0.165013
-0.188299
-0.211471
-0.234515
-0.257417
-0.280162
-0.302737
-0.325128
-0.347322
-0.369305
-0.391064
-0.412586
-0.433857
-0.454864
-0.475596
-0.496039
-0.51618
-0.536008
-0.555511
-0.574677
-0.593493
-0.61195
-0.630035
-0.647737
-0.665046
-0.681951
-0.698443
-0.71451
-0.730144
-0.745334
-0.760072
-0.774348
-0.788154
-0.801482
-0.814323
-0.82667
-0.838515
-0.849851
-0.860671
-0.870969
-0.880737
-0.889971
-0.898665
-0.906813
-0.914411
-0.921453
-0.927936
-0.933856
-0.939209
-0.943991
-0.948201
-0.951835
-0.954891
-0.957367
-0.959262
-0.960575
-0.961304
-0.96145
-0.961012
-0.959991
-0.958387
-0.956201
-0.953435
-0.95009
-0.946168
-0.941671
-0.936603
-0.930967
-0.924765
-0.918002
-0.910681
-0.902807
-0.894386
-0.885421
-0.875919
-0.865886
-0.855326
-0.844247
-0.832656
-0.820559
-0.807964
-0.794879
-0.781311
-0.767268
-0.75276
-0.737795
-0.722382
-0.70653
-0.69025
-0.67355
-0.656441
-0.638934
-0.621039
-0.602767
-0.584129
-0.565137
-0.545801
-0.526134
-0.506148
-0.485854
-0.465265
-0.444394
-0.423253
-0.401856
-0.380214
-0.358341
-0.336251
-0.313957
-0.291472
-0.26881
-0.245985
-0.22301
-0.1999
-0.176669
-0.153331
-0.129899
-0.106389
-0.0828141
-0.0591889
-0.0355277
-0.011845
0.011845
0.0355277
0.0591889
0.0828141
0.106389
0.129899
0.153331
0.176669
0.1999
0.22301
0.245985
0.26881
0.291472
0.313957
0.336251
0.358341
0.380214
0.401856
0.423253
0.444394
0.465265
0.485854
0.506148
0.526134
0.545801
0.565137
0.584129
0.602767
0.621039
0.638934
0.656441
0.67355
0.69025
0.70653
0.722382
0.737795
0.75276
0.767268
0.781311
0.794879
0.807964
0.820559
0.832656
0.844247
0.855326
0.865886
0.875919
0.885421
0.894386
0.902807
0.910681
0.918002
0.924765
0.930967
0.936603
0.941671
0.946168
0.95009
0.953435
0.956201
0.958387
0.959991
0.961012
0.96145
0.961304
0.960575
0.959262
0.957367
0.954891
0.951835
0.948201
0.943991
0.939209
0.933856
0.927936
0.921453
0.914411
0.906813
0.898665
0.889971
0.880737
0.870969
0.860671
0.849851
0.838515
0.82667
0.814323
0.801482
0.788154
0.774348
0.760072
0.745334
0.730144
0.71451
0.698443
0.681951
0.665046
0.647737
0.630035
0.61195
0.593493
0.574677
0.555511
0.536008
0.51618
0.496039
0.475596
0.454864
0.433857
0.412586
0.391064
0.369305
0.347322
0.325128
0.302737
0.280162
0.257417
0.234515
0.211471
0.188299
0.165013
0.141626
0.118153
0.0946087
0.0710069
0.0473619
0.0236881
0
0
-0.023847
-0.0476795
-0.0714831
-0.0952432
-0.118946
-0.142576
-0.166119
-0.189562
-0.21289
-0.236088
-0.259143
-0.282041
-0.304767
-0.327309
-0.349652
-0.371782
-0.393687
-0.415353
-0.436767
-0.457915
-0.478786
-0.499365
-0.519642
-0.539603
-0.559237
-0.578531
-0.597474
-0.616054
-0.63426
-0.652081
-0.669506
-0.686525
-0.703127
-0.719302
-0.735041
-0.750333
-0.765169
-0.779541
-0.79344
-0.806857
-0.819785
-0.832214
-0.844139
-0.855551
-0.866443
-0.87681
-0.886644
-0.89594
-0.904692
-0.912895
-0.920543
-0.927633
-0.934159
-0.940119
-0.945508
-0.950322
-0.95456
-0.958218
-0.961295
-0.963787
-0.965695
-0.967017
-0.967751
-0.967898
-0.967457
-0.966429
-0.964815
-0.962614
-0.959829
-0.956462
-0.952513
-0.947987
-0.942885
-0.93721
-0.930967
-0.924158
-0.916789
-0.908862
-0.900384
-0.89136
-0.881794
-0.871693
-0.861062
-0.849909
-0.83824
-0.826062
-0.813383
-0.80021
-0.786551
-0.772414
-0.757809
-0.742743
-0.727226
-0.711269
-0.694879
-0.678067
-0.660844
-0.643219
-0.625204
-0.60681
-0.588047
-0.568927
-0.549462
-0.529663
-0.509542
-0.489113
-0.468386
-0.447375
-0.426092
-0.404551
-0.382764
-0.360744
-0.338506
-0.316062
-0.293426
-0.270613
-0.247634
-0.224506
-0.201241
-0.177854
-0.154359
-0.130771
-0.107103
-0.0833695
-0.0595858
-0.035766
-0.0119244
0.0119244
0.035766
0.0595858
0.0833695
0.107103
0.130771
0.154359
0.177854
0.201241
0.224506
0.247634
0.270613
0.293426
0.316062
0.338506
0.360744
0.382764
0.404551
0.426092
0.447375
0.468386
0.489113
0.509542
0.529663
0.549462
0.568927
0.588047
0.60681
0.625204
0.643219
0.660844
0.678067
0.694879
0.711269
0.727226
0.742743
0.757809
0.772414
0.786551
0.80021
0.813383
0.826062
0.83824
0.849909
0.861062
0.871693
0.881794
0.89136
0.900384
0.908862
0.916789
0.924158
0.930967
0.93721
0.942885
0.947987
0.952513
0.956462
0.959829
0.962614
0.964815
0.966429
0.967457
0.967898
0.967751
0.967017
0.965695
0.963787
0.961295
0.958218
0.95456
0.950322
0.945508
0.940119
0.934159
0.927633
0.920543
0.912895
0.904692
0.89594
0.886644
0.87681
0.866443
0.855551
0.844139
0.832214
0.819785
0.806857
0.79344
0.779541
0.765169
0.750333
0.735041
0.719302
0.703127
0.686525
0.669506
0.652081
0.63426
0.616054
0.597474
0.578531
0.559237
0.539603
0.519642
0.499365
0.478786
0.457915
0.436767
0.415353
0.393687
0.371782
0.349652
0.327309
0.304767
0.282041
0.259143
0.236088
0.21289
0.189562
0.166119
0.142576
0.118946
0.0952432
0.0714831
0.0476795
0.023847
0
0
-0.0239914
-0.0479682
-0.0719159
-0.0958199
-0.119666
-0.143439
-0.167125
-0.19071
-0.214179
-0.237518
-0.260712
-0.283749
-0.306613
-0.329291
-0.351769
-0.374033
-0.396071
-0.417868
-0.439411
-0.460688
-0.481684
-0.502389
-0.522788
-0.54287
-0.562623
-0.582034
-0.601091
-0.619784
-0.6381
-0.656029
-0.67356
-0.690682
-0.707384
-0.723657
-0.739491
-0.754876
-0.769802
-0.784261
-0.798244
-0.811743
-0.824748
-0.837253
-0.84925
-0.860731
-0.871689
-0.882119
-0.892012
-0.901365
-0.91017
-0.918422
-0.926117
-0.93325
-0.939816
-0.945811
-0.951232
-0.956076
-0.96034
-0.96402
-0.967115
-0.969623
-0.971542
-0.972872
-0.973611
-0.973759
-0.973315
-0.972281
-0.970656
-0.968443
-0.965641
-0.962253
-0.958281
-0.953727
-0.948594
-0.942885
-0.936604
-0.929754
-0.92234
-0.914365
-0.905836
-0.896757
-0.887133
-0.876971
-0.866276
-0.855055
-0.843316
-0.831064
-0.818308
-0.805055
-0.791313
-0.777091
-0.762397
-0.74724
-0.73163
-0.715575
-0.699086
-0.682173
-0.664845
-0.647114
-0.62899
-0.610484
-0.591607
-0.572372
-0.552789
-0.53287
-0.512628
-0.492074
-0.471222
-0.450084
-0.428672
-0.407
-0.385081
-0.362929
-0.340556
-0.317976
-0.295203
-0.272251
-0.249134
-0.225865
-0.20246
-0.178931
-0.155294
-0.131562
-0.107751
-0.0838743
-0.0599466
-0.0359825
-0.0119966
0.0119966
0.0359825
0.0599466
0.0838743
0.107751
0.131562
0.155294
0.178931
0.20246
0.225865
0.249134
0.272251
0.295203
0.317976
0.340556
0.362929
0.385081
0.407
0.428672
0.450084
0.471222
0.492074
0.512628
0.53287
0.552789
0.572372
0.591607
0.610484
0.62899
0.647114
0.664845
0.682173
0.699086
0.715575
0.73163
0.74724
0.762397
0.777091
0.791313
0.805055
0.818308
0.831064
0.843316
0.855055
0.866276
0.876971
0.887133
0.896757
0.905836
0.914365
0.92234
0.929754
0.936604
0.942885
0.948594
0.953727
0.958281
0.962253
0.965641
0.968443
0.970656
0.972281
0.973315
0.973759
0.973611
0.972872
0.971542
0.969623
0.967115
0.96402
0.96034
0.956076
0.951232
0.945811
0.939816
0.93325
0.926117
0.918422
0.91017
0.901365
0.892012
0.882119
0.871689
0.860731
0.84925
0.837253
0.824748
0.811743
0.798244
0.784261
0.769802
0.754876
0.739491
0.723657
0.707384
0.690682
0.67356
0.656029
0.6381
0.619784
0.601091
0.582034
0.562623
0.54287
0.522788
0.502389
0.481684
0.460688
0.439411
0.417868
0.396071
0.374033
0.351769
0.329291
0.306613
0.283749
0.260712
0.237518
0.214179
0.19071
0.167125
0.143439
0.119666
0.0958199
0.0719159
0.0479682
0.0239914
0
0
-0.0241212
-0.0482278
-0.0723051
-0.0963384
-0.120313
-0.144215
-0.16803
-0.191742
-0.215338
-0.238803
-0.262123
-0.285284
-0.308272
-0.331073
-0.353672
-0.376057
-0.398214
-0.420129
-0.441789
-0.463181
-0.484291
-0.505107
-0.525617
-0.545808
-0.565667
-0.585183
-0.604344
-0.623138
-0.641553
-0.659579
-0.677205
-0.694419
-0.711212
-0.727573
-0.743493
-0.758961
-0.773968
-0.788505
-0.802564
-0.816135
-0.829211
-0.841784
-0.853845
-0.865389
-0.876406
-0.886892
-0.896839
-0.906242
-0.915095
-0.923392
-0.931128
-0.9383
-0.944901
-0.950929
-0.95638
-0.96125
-0.965536
-0.969237
-0.972348
-0.97487
-0.9768
-0.978136
-0.978879
-0.979028
-0.978582
-0.977542
-0.975909
-0.973683
-0.970866
-0.96746
-0.963466
-0.958888
-0.953727
-0.947987
-0.941672
-0.934785
-0.927331
-0.919313
-0.910738
-0.901609
-0.891933
-0.881716
-0.870964
-0.859682
-0.847879
-0.835561
-0.822736
-0.809411
-0.795595
-0.781296
-0.766522
-0.751284
-0.735589
-0.719447
-0.702869
-0.685864
-0.668443
-0.650616
-0.632394
-0.613788
-0.594809
-0.575469
-0.55578
-0.535753
-0.515402
-0.494737
-0.473772
-0.452519
-0.430992
-0.409203
-0.387165
-0.364893
-0.342398
-0.319697
-0.296801
-0.273724
-0.250482
-0.227088
-0.203555
-0.179899
-0.156134
-0.132274
-0.108334
-0.0843281
-0.060271
-0.0361772
-0.0120615
0.0120615
0.0361772
0.060271
0.0843281
0.108334
0.132274
0.156134
0.179899
0.203555
0.227088
0.250482
0.273724
0.296801
0.319697
0.342398
0.364893
0.387165
0.409203
0.430992
0.452519
0.473772
0.494737
0.515402
0.535753
0.55578
0.575469
0.594809
0.613788
0.632394
0.650616
0.668443
0.685864
0.702869
0.719447
0.735589
0.751284
0.766522
0.781296
0.795595
0.809411
0.822736
0.835561
0.847879
0.859682
0.870964
0.881716
0.891933
0.901609
0.910738
0.919313
0.927331
0.934785
0.941672
0.947987
0.953727
0.958888
0.963466
0.96746
0.970866
0.973683
0.975909
0.977542
0.978582
0.979028
0.978879
0.978136
0.9768
0.97487
0.972348
0.969237
0.965536
0.96125
0.95638
0.950929
0.944901
0.9383
0.931128
0.923392
0.915095
0.906242
0.896839
0.886892
0.876406
0.865389
0.853845
0.841784
0.829211
0.816135
0.802564
0.788505
0.773968
0.758961
0.743493
0.727573
0.711212
0.694419
0.677205
0.659579
0.641553
0.623138
0.604344
0.585183
0.565667
0.545808
0.525617
0.505107
0.484291
0.463181
0.441789
0.420129
0.398214
0.376057
0.353672
0.331073
0.308272
0.285284
0.262123
0.238803
0.215338
0.191742
0.16803
0.144215
0.120313
0.0963384
0.0723051
0.0482278
0.0241212
0
0
-0.0242364
-0.0484581
-0.0726503
-0.0967985
-0.120888
-0.144904
-0.168832
-0.192657
-0.216366
-0.239943
-0.263375
-0.286646
-0.309744
-0.332654
-0.355361
-0.377853
-0.400116
-0.422135
-0.443898
-0.465392
-0.486604
-0.507519
-0.528127
-0.548414
-0.568369
-0.587978
-0.60723
-0.626113
-0.644617
-0.662729
-0.680439
-0.697735
-0.714608
-0.731047
-0.747043
-0.762585
-0.777664
-0.79227
-0.806396
-0.820033
-0.833171
-0.845804
-0.857923
-0.869521
-0.880591
-0.891127
-0.901122
-0.91057
-0.919465
-0.927801
-0.935575
-0.94278
-0.949413
-0.95547
-0.960947
-0.96584
-0.970147
-0.973865
-0.976991
-0.979525
-0.981464
-0.982807
-0.983553
-0.983703
-0.983255
-0.98221
-0.980569
-0.978333
-0.975502
-0.97208
-0.968067
-0.963466
-0.958281
-0.952514
-0.946169
-0.939249
-0.931759
-0.923703
-0.915087
-0.905915
-0.896193
-0.885926
-0.875123
-0.863787
-0.851928
-0.839551
-0.826664
-0.813276
-0.799394
-0.785027
-0.770183
-0.754871
-0.739101
-0.722883
-0.706225
-0.689139
-0.671635
-0.653722
-0.635413
-0.616718
-0.597649
-0.578217
-0.558434
-0.538312
-0.517863
-0.497099
-0.476034
-0.45468
-0.43305
-0.411157
-0.389014
-0.366635
-0.344033
-0.321223
-0.298218
-0.275031
-0.251678
-0.228172
-0.204527
-0.180758
-0.15688
-0.132906
-0.108851
-0.0847308
-0.0605588
-0.03635
-0.0121191
0.0121191
0.03635
0.0605588
0.0847308
0.108851
0.132906
0.15688
0.180758
0.204527
0.228172
0.251678
0.275031
0.298218
0.321223
0.344033
0.366635
0.389014
0.411157
0.43305
0.45468
0.476034
0.497099
0.517863
0.538312
0.558434
0.578217
0.597649
0.616718
0.635413
0.653722
0.671635
0.689139
0.706225
0.722883
0.739101
0.754871
0.770183
0.785027
0.799394
0.813276
0.826664
0.839551
0.851928
0.863787
0.875123
0.885926
0.896193
0.905915
0.915087
0.923703
0.931759
0.939249
0.946169
0.952514
0.958281
0.963466
0.968067
0.97208
0.975502
0.978333
0.980569
0.98221
0.983255
0.983703
0.983553
0.982807
0.981464
0.979525
0.976991
0.973865
0.970147
0.96584
0.960947
0.95547
0.949413
0.94278
0.935575
0.927801
0.919465
0.91057
0.901122
0.891127
0.880591
0.869521
0.857923
0.845804
0.833171
0.820033
0.806396
0.79227
0.777664
0.762585
0.747043
0.731047
0.714608
0.697735
0.680439
0.662729
0.644617
0.626113
0.60723
0.587978
0.568369
0.548414
0.528127
0.507519
0.486604
0.465392
0.443898
0.422135
0.400116
0.377853
0.355361
0.332654
0.309744
0.286646
0.263375
0.239943
0.216366
0.192657
0.168832
0.144904
0.120888
0.0967985
0.0726503
0.0484581
0.0242364
0
0
-0.0243369
-0.0486589
-0.0729515
-0.0971997
-0.121389
-0.145505
-0.169532
-0.193456
-0.217263
-0.240938
-0.264466
-0.287835
-0.311028
-0.334032
-0.356834
-0.379419
-0.401774
-0.423885
-0.445739
-0.467321
-0.488621
-0.509623
-0.530316
-0.550688
-0.570725
-0.590415
-0.609747
-0.628709
-0.647289
-0.665476
-0.683259
-0.700628
-0.717571
-0.734078
-0.75014
-0.765746
-0.780887
-0.795555
-0.809739
-0.823432
-0.836625
-0.84931
-0.861479
-0.873125
-0.884242
-0.894821
-0.904857
-0.914344
-0.923276
-0.931647
-0.939453
-0.946688
-0.953349
-0.959431
-0.96493
-0.969844
-0.974168
-0.977902
-0.981041
-0.983585
-0.985532
-0.986881
-0.987631
-0.987781
-0.987331
-0.986282
-0.984634
-0.982388
-0.979546
-0.976109
-0.97208
-0.96746
-0.962253
-0.956462
-0.950091
-0.943142
-0.935621
-0.927532
-0.91888
-0.90967
-0.899907
-0.889599
-0.87875
-0.867368
-0.855459
-0.843031
-0.830091
-0.816647
-0.802708
-0.788281
-0.773375
-0.758
-0.742165
-0.725879
-0.709153
-0.691996
-0.674419
-0.656432
-0.638047
-0.619275
-0.600127
-0.580614
-0.560749
-0.540543
-0.520009
-0.49916
-0.478007
-0.456565
-0.434845
-0.412861
-0.390626
-0.368155
-0.34546
-0.322555
-0.299454
-0.276171
-0.252721
-0.229118
-0.205375
-0.181508
-0.15753
-0.133457
-0.109303
-0.0850821
-0.0608098
-0.0365007
-0.0121694
0.0121694
0.0365007
0.0608098
0.0850821
0.109303
0.133457
0.15753
0.181508
0.205375
0.229118
0.252721
0.276171
0.299454
0.322555
0.34546
0.368155
0.390626
0.412861
0.434845
0.456565
0.478007
0.49916
0.520009
0.540543
0.560749
0.580614
0.600127
0.619275
0.638047
0.656432
0.674419
0.691996
0.709153
0.725879
0.742165
0.758
0.773375
0.788281
0.802708
0.816647
0.830091
0.843031
0.855459
0.867368
0.87875
0.889599
0.899907
0.90967
0.91888
0.927532
0.935621
0.943142
0.950091
0.956462
0.962253
0.96746
0.97208
0.976109
0.979546
0.982388
0.984634
0.986282
0.987331
0.987781
0.987631
0.986881
0.985532
0.983585
0.981041
0.977902
0.974168
0.969844
0.96493
0.959431
0.953349
0.946688
0.939453
0.931647
0.923276
0.914344
0.904857
0.894821
0.884242
0.873125
0.861479
0.84931
0.836625
0.823432
0.809739
0.795555
0.780887
0.765746
0.75014
0.734078
0.717571
0.700628
0.683259
0.665476
0.647289
0.628709
0.609747
0.590415
0.570725
0.550688
0.530316
0.509623
0.488621
0.467321
0.445739
0.423885
0.401774
0.379419
0.356834
0.334032
0.311028
0.287835
0.264466
0.240938
0.217263
0.193456
0.169532
0.145505
0.121389
0.0971997
0.0729515
0.0486589
0.0243369
0
0
-0.0244225
-0.0488303
-0.0732083
-0.097542
-0.121816
-0.146017
-0.170129
-0.194137
-0.218028
-0.241786
-0.265398
-0.288848
-0.312123
-0.335209
-0.358091
-0.380755
-0.403189
-0.425378
-0.447308
-0.468967
-0.490341
-0.511418
-0.532184
-0.552627
-0.572734
-0.592494
-0.611894
-0.630923
-0.649568
-0.667819
-0.685665
-0.703095
-0.720097
-0.736663
-0.752781
-0.768442
-0.783637
-0.798356
-0.81259
-0.826331
-0.839571
-0.8523
-0.864512
-0.8762
-0.887355
-0.897972
-0.908043
-0.917564
-0.926527
-0.934928
-0.942761
-0.950022
-0.956706
-0.962809
-0.968328
-0.973258
-0.977598
-0.981345
-0.984496
-0.987049
-0.989003
-0.990356
-0.991108
-0.991259
-0.990807
-0.989754
-0.988101
-0.985847
-0.982995
-0.979546
-0.975503
-0.970867
-0.965642
-0.95983
-0.953436
-0.946463
-0.938915
-0.930798
-0.922115
-0.912873
-0.903076
-0.892731
-0.881844
-0.870422
-0.858471
-0.846
-0.833014
-0.819523
-0.805534
-0.791056
-0.776098
-0.760669
-0.744778
-0.728435
-0.71165
-0.694432
-0.676793
-0.658744
-0.640294
-0.621455
-0.60224
-0.582658
-0.562723
-0.542446
-0.52184
-0.500917
-0.47969
-0.458172
-0.436376
-0.414315
-0.392002
-0.369451
-0.346676
-0.32369
-0.300508
-0.277144
-0.253611
-0.229924
-0.206098
-0.182147
-0.158085
-0.133927
-0.109687
-0.0853816
-0.0610239
-0.0366292
-0.0122122
0.0122122
0.0366292
0.0610239
0.0853816
0.109687
0.133927
0.158085
0.182147
0.206098
0.229924
0.253611
0.277144
0.300508
0.32369
0.346676
0.369451
0.392002
0.414315
0.436376
0.458172
0.47969
0.500917
0.52184
0.542446
0.562723
0.582658
0.60224
0.621455
0.640294
0.658744
0.676793
0.694432
0.71165
0.728435
0.744778
0.760669
0.776098
0.791056
0.805534
0.819523
0.833014
0.846
0.858471
0.870422
0.881844
0.892731
0.903076
0.912873
0.922115
0.930798
0.938915
0.946463
0.953436
0.95983
0.965642
0.970867
0.975503
0.979546
0.982995
0.985847
0.988101
0.989754
0.990807
0.991259
0.991108
0.990356
0.989003
0.987049
0.984496
0.981345
0.977598
0.973258
0.968328
0.962809
0.956706
0.950022
0.942761
0.934928
0.926527
0.917564
0.908043
0.897972
0.887355
0.8762
0.864512
0.8523
0.839571
0.826331
0.81259
0.798356
0.783637
0.768442
0.752781
0.736663
0.720097
0.703095
0.685665
0.667819
0.649568
0.630923
0.611894
0.592494
0.572734
0.552627
0.532184
0.511418
0.490341
0.468967
0.447308
0.425378
0.403189
0.380755
0.358091
0.335209
0.312123
0.288848
0.265398
0.241786
0.218028
0.194137
0.170129
0.146017
0.121816
0.097542
0.0732083
0.0488303
0.0244225
0
0
-0.0244934
-0.048972
-0.0734208
-0.097825
-0.12217
-0.146441
-0.170622
-0.1947
-0.21866
-0.242488
-0.266168
-0.289686
-0.313029
-0.336181
-0.35913
-0.38186
-0.404359
-0.426612
-0.448606
-0.470328
-0.491764
-0.512902
-0.533728
-0.55423
-0.574396
-0.594213
-0.613669
-0.632753
-0.651453
-0.669757
-0.687655
-0.705135
-0.722187
-0.7388
-0.754965
-0.770672
-0.785911
-0.800672
-0.814948
-0.828729
-0.842007
-0.854773
-0.867021
-0.878742
-0.88993
-0.900577
-0.910678
-0.920226
-0.929215
-0.93764
-0.945496
-0.952778
-0.959482
-0.965603
-0.971137
-0.976083
-0.980435
-0.984192
-0.987352
-0.989913
-0.991872
-0.99323
-0.993984
-0.994135
-0.993682
-0.992626
-0.990968
-0.988708
-0.985847
-0.982388
-0.978333
-0.973684
-0.968443
-0.962615
-0.956203
-0.949209
-0.94164
-0.933499
-0.924791
-0.915522
-0.905697
-0.895322
-0.884403
-0.872948
-0.860962
-0.848454
-0.835431
-0.821901
-0.807872
-0.793352
-0.77835
-0.762876
-0.746939
-0.730549
-0.713715
-0.696447
-0.678757
-0.660655
-0.642152
-0.623259
-0.603987
-0.584349
-0.564356
-0.54402
-0.523354
-0.502371
-0.481082
-0.459502
-0.437642
-0.415517
-0.393139
-0.370523
-0.347682
-0.32463
-0.30138
-0.277948
-0.254347
-0.230592
-0.206696
-0.182675
-0.158543
-0.134315
-0.110006
-0.0856294
-0.061201
-0.0367355
-0.0122476
0.0122476
0.0367355
0.061201
0.0856294
0.110006
0.134315
0.158543
0.182675
0.206696
0.230592
0.254347
0.277948
0.30138
0.32463
0.347682
0.370523
0.393139
0.415517
0.437642
0.459502
0.481082
0.502371
0.523354
0.54402
0.564356
0.584349
0.603987
0.623259
0.642152
0.660655
0.678757
0.696447
0.713715
0.730549
0.746939
0.762876
0.77835
0.793352
0.807872
0.821901
0.835431
0.848454
0.860962
0.872948
0.884403
0.895322
0.905697
0.915522
0.924791
0.933499
0.94164
0.949209
0.956203
0.962615
0.968443
0.973684
0.978333
0.982388
0.985847
0.988708
0.990968
0.992626
0.993682
0.994135
0.993984
0.99323
0.991872
0.989913
0.987352
0.984192
0.980435
0.976083
0.971137
0.965603
0.959482
0.952778
0.945496
0.93764
0.929215
0.920226
0.910678
0.900577
0.88993
0.878742
0.867021
0.854773
0.842007
0.828729
0.814948
0.800672
0.785911
0.770672
0.754965
0.7388
0.722187
0.705135
0.687655
0.669757
0.651453
0.632753
0.613669
0.594213
0.574396
0.55423
0.533728
0.512902
0.491764
0.470328
0.448606
0.426612
0.404359
0.38186
0.35913
0.336181
0.313029
0.289686
0.266168
0.242488
0.21866
0.1947
0.170622
0.146441
0.12217
0.097825
0.0734208
0.048972
0.0244934
0
0
-0.0245494
-0.0490839
-0.0735886
-0.0980486
-0.122449
-0.146775
-0.171012
-0.195146
-0.21916
-0.243042
-0.266776
-0.290348
-0.313744
-0.33695
-0.359951
-0.382733
-0.405283
-0.427587
-0.449632
-0.471403
-0.492888
-0.514074
-0.534948
-0.555497
-0.575709
-0.595572
-0.615072
-0.6342
-0.652942
-0.671288
-0.689227
-0.706747
-0.723838
-0.740489
-0.756691
-0.772434
-0.787707
-0.802503
-0.816811
-0.830623
-0.843932
-0.856727
-0.869003
-0.880751
-0.891964
-0.902636
-0.91276
-0.92233
-0.93134
-0.939784
-0.947658
-0.954956
-0.961675
-0.96781
-0.973357
-0.978314
-0.982677
-0.986442
-0.98961
-0.992176
-0.99414
-0.9955
-0.996256
-0.996408
-0.995954
-0.994896
-0.993233
-0.990968
-0.988101
-0.984634
-0.98057
-0.97591
-0.970657
-0.964816
-0.958389
-0.951379
-0.943793
-0.935633
-0.926905
-0.917615
-0.907767
-0.897368
-0.886425
-0.874943
-0.862931
-0.850394
-0.837341
-0.82378
-0.809718
-0.795165
-0.78013
-0.76462
-0.748647
-0.732219
-0.715346
-0.69804
-0.680309
-0.662165
-0.64362
-0.624683
-0.605368
-0.585685
-0.565646
-0.545264
-0.524551
-0.503519
-0.482182
-0.460552
-0.438643
-0.416467
-0.394038
-0.37137
-0.348477
-0.325372
-0.302069
-0.278583
-0.254929
-0.231119
-0.207169
-0.183093
-0.158906
-0.134622
-0.110257
-0.0858251
-0.0613409
-0.0368195
-0.0122756
0.0122756
0.0368195
0.0613409
0.0858251
0.110257
0.134622
0.158906
0.183093
0.207169
0.231119
0.254929
0.278583
0.302069
0.325372
0.348477
0.37137
0.394038
0.416467
0.438643
0.460552
0.482182
0.503519
0.524551
0.545264
0.565646
0.585685
0.605368
0.624683
0.64362
0.662165
0.680309
0.69804
0.715346
0.732219
0.748647
0.76462
0.78013
0.795165
0.809718
0.82378
0.837341
0.850394
0.862931
0.874943
0.886425
0.897368
0.907767
0.917615
0.926905
0.935633
0.943793
0.951379
0.958389
0.964816
0.970657
0.97591
0.98057
0.984634
0.988101
0.990968
0.993233
0.994896
0.995954
0.996408
0.996256
0.9955
0.99414
0.992176
0.98961
0.986442
0.982677
0.978314
0.973357
0.96781
0.961675
0.954956
0.947658
0.939784
0.93134
0.92233
0.91276
0.902636
0.891964
0.880751
0.869003
0.856727
0.843932
0.830623
0.816811
0.802503
0.787707
0.772434
0.756691
0.740489
0.723838
0.706747
0.689227
0.671288
0.652942
0.6342
0.615072
0.595572
0.575709
0.555497
0.534948
0.514074
0.492888
0.471403
0.449632
0.427587
0.405283
0.382733
0.359951
0.33695
0.313744
0.290348
0.266776
0.243042
0.21916
0.195146
0.171012
0.146775
0.122449
0.0980486
0.0735886
0.0490839
0.0245494
0
0
-0.0245905
-0.0491661
-0.0737118
-0.0982128
-0.122654
-0.147021
-0.171299
-0.195472
-0.219527
-0.243449
-0.267223
-0.290834
-0.31427
-0.337514
-0.360553
-0.383374
-0.405962
-0.428303
-0.450384
-0.472192
-0.493713
-0.514935
-0.535843
-0.556427
-0.576673
-0.596568
-0.616102
-0.635261
-0.654035
-0.672412
-0.69038
-0.70793
-0.725049
-0.741729
-0.757958
-0.773727
-0.789026
-0.803846
-0.818178
-0.832014
-0.845344
-0.858161
-0.870457
-0.882225
-0.893457
-0.904147
-0.914288
-0.923874
-0.932899
-0.941357
-0.949244
-0.956555
-0.963285
-0.96943
-0.974987
-0.979951
-0.984321
-0.988094
-0.991266
-0.993837
-0.995804
-0.997167
-0.997924
-0.998075
-0.997621
-0.996561
-0.994896
-0.992627
-0.989755
-0.986282
-0.982211
-0.977543
-0.972282
-0.966431
-0.959993
-0.952972
-0.945372
-0.937199
-0.928457
-0.919151
-0.909286
-0.89887
-0.887909
-0.876408
-0.864375
-0.851817
-0.838743
-0.825159
-0.811074
-0.796496
-0.781436
-0.7659
-0.7499
-0.733445
-0.716544
-0.699208
-0.681448
-0.663274
-0.644697
-0.625729
-0.606381
-0.586665
-0.566593
-0.546177
-0.525429
-0.504362
-0.482989
-0.461323
-0.439377
-0.417164
-0.394698
-0.371992
-0.34906
-0.325916
-0.302575
-0.27905
-0.255355
-0.231506
-0.207515
-0.183399
-0.159172
-0.134848
-0.110442
-0.0859688
-0.0614436
-0.0368811
-0.0122962
0.0122962
0.0368811
0.0614436
0.0859688
0.110442
0.134848
0.159172
0.183399
0.207515
0.231506
0.255355
0.27905
0.302575
0.325916
0.34906
0.371992
0.394698
0.417164
0.439377
0.461323
0.482989
0.504362
0.525429
0.546177
0.566593
0.586665
0.606381
0.625729
0.644697
0.663274
0.681448
0.699208
0.716544
0.733445
0.7499
0.7659
0.781436
0.796496
0.811074
0.825159
0.838743
0.851817
0.864375
0.876408
0.887909
0.89887
0.909286
0.919151
0.928457
0.937199
0.945372
0.952972
0.959993
0.966431
0.972282
0.977543
0.982211
0.986282
0.989755
0.992627
0.994896
0.996561
0.997621
0.998075
0.997924
0.997167
0.995804
0.993837
0.991266
0.988094
0.984321
0.979951
0.974987
0.96943
0.963285
0.956555
0.949244
0.941357
0.932899
0.923874
0.914288
0.904147
0.893457
0.882225
0.870457
0.858161
0.845344
0.832014
0.818178
0.803846
0.789026
0.773727
0.757958
0.741729
0.725049
0.70793
0.69038
0.672412
0.654035
0.635261
0.616102
0.596568
0.576673
0.556427
0.535843
0.514935
0.493713
0.472192
0.450384
0.428303
0.405962
0.383374
0.360553
0.337514
0.31427
0.290834
0.267223
0.243449
0.219527
0.195472
0.171299
0.147021
0.122654
0.0982128
0.0737118
0.0491661
0.0245905
0
0
-0.0246167
-0.0492184
-0.0737902
-0.0983172
-0.122785
-0.147177
-0.171481
-0.19568
-0.219761
-0.243708
-0.267507
-0.291144
-0.314604
-0.337873
-0.360937
-0.383782
-0.406393
-0.428759
-0.450863
-0.472694
-0.494238
-0.515482
-0.536414
-0.557019
-0.577286
-0.597203
-0.616757
-0.635937
-0.654731
-0.673127
-0.691115
-0.708683
-0.725821
-0.742518
-0.758764
-0.77455
-0.789865
-0.804701
-0.819049
-0.832899
-0.846244
-0.859074
-0.871384
-0.883164
-0.894408
-0.905109
-0.915261
-0.924857
-0.933891
-0.942359
-0.950254
-0.957573
-0.96431
-0.970461
-0.976024
-0.980994
-0.985369
-0.989145
-0.992321
-0.994894
-0.996863
-0.998227
-0.998986
-0.999137
-0.998682
-0.997621
-0.995954
-0.993683
-0.990808
-0.987332
-0.983256
-0.978583
-0.973317
-0.967459
-0.961014
-0.953986
-0.946378
-0.938196
-0.929444
-0.920128
-0.910254
-0.899827
-0.888853
-0.87734
-0.865295
-0.852724
-0.839635
-0.826037
-0.811937
-0.797344
-0.782267
-0.766715
-0.750698
-0.734225
-0.717306
-0.699952
-0.682173
-0.663979
-0.645383
-0.626395
-0.607026
-0.587289
-0.567196
-0.546758
-0.525988
-0.504899
-0.483503
-0.461814
-0.439844
-0.417608
-0.395118
-0.372387
-0.349431
-0.326263
-0.302897
-0.279347
-0.255627
-0.231752
-0.207736
-0.183594
-0.159341
-0.134991
-0.110559
-0.0860603
-0.061509
-0.0369203
-0.0123093
0.0123093
0.0369203
0.061509
0.0860603
0.110559
0.134991
0.159341
0.183594
0.207736
0.231752
0.255627
0.279347
0.302897
0.326263
0.349431
0.372387
0.395118
0.417608
0.439844
0.461814
0.483503
0.504899
0.525988
0.546758
0.567196
0.587289
0.607026
0.626395
0.645383
0.663979
0.682173
0.699952
0.717306
0.734225
0.750698
0.766715
0.782267
0.797344
0.811937
0.826037
0.839635
0.852724
0.865295
0.87734
0.888853
0.899827
0.910254
0.920128
0.929444
0.938196
0.946378
0.953986
0.961014
0.967459
0.973317
0.978583
0.983256
0.987332
0.990808
0.993683
0.995954
0.997621
0.998682
0.999137
0.998986
0.998227
0.996863
0.994894
0.992321
0.989145
0.985369
0.980994
0.976024
0.970461
0.96431
0.957573
0.950254
0.942359
0.933891
0.924857
0.915261
0.905109
0.894408
0.883164
0.871384
0.859074
0.846244
0.832899
0.819049
0.804701
0.789865
0.77455
0.758764
0.742518
0.725821
0.708683
0.691115
0.673127
0.654731
0.635937
0.616757
0.597203
0.577286
0.557019
0.536414
0.515482
0.494238
0.472694
0.450863
0.428759
0.406393
0.383782
0.360937
0.337873
0.314604
0.291144
0.267507
0.243708
0.219761
0.19568
0.171481
0.147177
0.122785
0.0983172
0.0737902
0.0492184
0.0246167
0
0
-0.0246279
-0.0492408
-0.0738238
-0.098362
-0.122841
-0.147244
-0.171559
-0.195769
-0.219861
-0.243819
-0.267629
-0.291277
-0.314747
-0.338027
-0.361101
-0.383957
-0.406579
-0.428954
-0.451069
-0.47291
-0.494464
-0.515717
-0.536658
-0.557273
-0.577549
-0.597475
-0.617038
-0.636227
-0.655029
-0.673434
-0.69143
-0.709006
-0.726151
-0.742856
-0.75911
-0.774903
-0.790225
-0.805068
-0.819422
-0.833279
-0.846629
-0.859466
-0.871781
-0.883566
-0.894815
-0.905521
-0.915678
-0.925278
-0.934317
-0.942788
-0.950687
-0.958009
-0.964749
-0.970904
-0.976469
-0.981441
-0.985818
-0.989596
-0.992773
-0.995347
-0.997318
-0.998682
-0.999441
-0.999593
-0.999137
-0.998076
-0.996408
-0.994135
-0.991259
-0.987782
-0.983704
-0.979029
-0.97376
-0.9679
-0.961452
-0.95442
-0.946809
-0.938624
-0.929868
-0.920548
-0.910669
-0.900237
-0.889258
-0.87774
-0.865689
-0.853112
-0.840018
-0.826413
-0.812307
-0.797707
-0.782623
-0.767065
-0.75104
-0.734559
-0.717633
-0.700271
-0.682484
-0.664282
-0.645677
-0.62668
-0.607303
-0.587557
-0.567454
-0.547007
-0.526228
-0.505129
-0.483723
-0.462024
-0.440045
-0.417798
-0.395298
-0.372557
-0.349591
-0.326412
-0.303035
-0.279474
-0.255743
-0.231858
-0.207831
-0.183678
-0.159414
-0.135053
-0.11061
-0.0860995
-0.061537
-0.0369371
-0.0123149
0.0123149
0.0369371
0.061537
0.0860995
0.11061
0.135053
0.159414
0.183678
0.207831
0.231858
0.255743
0.279474
0.303035
0.326412
0.349591
0.372557
0.395298
0.417798
0.440045
0.462024
0.483723
0.505129
0.526228
0.547007
0.567454
0.587557
0.607303
0.62668
0.645677
0.664282
0.682484
0.700271
0.717633
0.734559
0.75104
0.767065
0.782623
0.797707
0.812307
0.826413
0.840018
0.853112
0.865689
0.87774
0.889258
0.900237
0.910669
0.920548
0.929868
0.938624
0.946809
0.95442
0.961452
0.9679
0.97376
0.979029
0.983704
0.987782
0.991259
0.994135
0.996408
0.998076
0.999137
0.999593
0.999441
0.998682
0.997318
0.995347
0.992773
0.989596
0.985818
0.981441
0.976469
0.970904
0.964749
0.958009
0.950687
0.942788
0.934317
0.925278
0.915678
0.905521
0.894815
0.883566
0.871781
0.859466
0.846629
0.833279
0.819422
0.805068
0.790225
0.774903
0.75911
0.742856
0.726151
0.709006
0.69143
0.673434
0.655029
0.636227
0.617038
0.597475
0.577549
0.557273
0.536658
0.515717
0.494464
0.47291
0.451069
0.428954
0.406579
0.383957
0.361101
0.338027
0.314747
0.291277
0.267629
0.243819
0.219861
0.195769
0.171559
0.147244
0.122841
0.098362
0.0738238
0.0492408
0.0246279
0
0
-0.0246241
-0.0492333
-0.0738126
-0.0983471
-0.122822
-0.147222
-0.171533
-0.19574
-0.219828
-0.243782
-0.267588
-0.291232
-0.3147
-0.337976
-0.361047
-0.383898
-0.406517
-0.428889
-0.451
-0.472838
-0.494389
-0.515639
-0.536577
-0.557188
-0.577462
-0.597385
-0.616945
-0.63613
-0.65493
-0.673332
-0.691325
-0.708898
-0.726041
-0.742743
-0.758995
-0.774785
-0.790105
-0.804946
-0.819298
-0.833152
-0.846501
-0.859335
-0.871648
-0.883432
-0.89468
-0.905384
-0.915539
-0.925138
-0.934175
-0.942645
-0.950543
-0.957864
-0.964603
-0.970756
-0.976321
-0.981292
-0.985668
-0.989446
-0.992622
-0.995196
-0.997166
-0.998531
-0.999289
-0.999441
-0.998986
-0.997924
-0.996257
-0.993985
-0.991109
-0.987632
-0.983555
-0.978881
-0.973612
-0.967753
-0.961306
-0.954276
-0.946666
-0.938481
-0.929727
-0.920408
-0.910531
-0.9001
-0.889124
-0.877607
-0.865558
-0.852983
-0.83989
-0.826288
-0.812183
-0.797586
-0.782505
-0.766948
-0.750926
-0.734448
-0.717524
-0.700165
-0.68238
-0.664181
-0.645579
-0.626585
-0.607211
-0.587468
-0.567368
-0.546924
-0.526148
-0.505052
-0.48365
-0.461954
-0.439978
-0.417735
-0.395238
-0.372501
-0.349538
-0.326362
-0.302989
-0.279432
-0.255705
-0.231822
-0.207799
-0.18365
-0.15939
-0.135032
-0.110593
-0.0860864
-0.0615277
-0.0369315
-0.012313
0.012313
0.0369315
0.0615277
0.0860864
0.110593
0.135032
0.15939
0.18365
0.207799
0.231822
0.255705
0.279432
0.302989
0.326362
0.349538
0.372501
0.395238
0.417735
0.439978
0.461954
0.48365
0.505052
0.526148
0.546924
0.567368
0.587468
0.607211
0.626585
0.645579
0.664181
0.68238
0.700165
0.717524
0.734448
0.750926
0.766948
0.782505
0.797586
0.812183
0.826288
0.83989
0.852983
0.865558
0.877607
0.889124
0.9001
0.910531
0.920408
0.929727
0.938481
0.946666
0.954276
0.961306
0.967753
0.973612
0.978881
0.983555
0.987632
0.991109
0.993985
0.996257
0.997924
0.998986
0.999441
0.999289
0.998531
0.997166
0.995196
0.992622
0.989446
0.985668
0.981292
0.976321
0.970756
0.964603
0.957864
0.950543
0.942645
0.934175
0.925138
0.915539
0.905384
0.89468
0.883432
0.871648
0.859335
0.846501
0.833152
0.819298
0.804946
0.790105
0.774785
0.758995
0.742743
0.726041
0.708898
0.691325
0.673332
0.65493
0.63613
0.616945
0.597385
0.577462
0.557188
0.536577
0.515639
0.494389
0.472838
0.451
0.428889
0.406517
0.383898
0.361047
0.337976
0.3147
0.291232
0.267588
0.243782
0.219828
0.19574
0.171533
0.147222
0.122822
0.0983471
0.0738126
0.0492333
0.0246241
0
0
-0.0246055
-0.049196
-0.0737566
-0.0982725
-0.122729
-0.14711
-0.171403
-0.195591
-0.219661
-0.243597
-0.267385
-0.291011
-0.314461
-0.337719
-0.360773
-0.383607
-0.406209
-0.428563
-0.450658
-0.472479
-0.494014
-0.515248
-0.53617
-0.556766
-0.577024
-0.596931
-0.616477
-0.635648
-0.654433
-0.672821
-0.6908
-0.70836
-0.72549
-0.74218
-0.758419
-0.774197
-0.789506
-0.804335
-0.818676
-0.83252
-0.845859
-0.858683
-0.870987
-0.882762
-0.894001
-0.904697
-0.914844
-0.924436
-0.933466
-0.94193
-0.949822
-0.957137
-0.963871
-0.97002
-0.97558
-0.980548
-0.98492
-0.988695
-0.991869
-0.994441
-0.99641
-0.997773
-0.998531
-0.998683
-0.998228
-0.997167
-0.995501
-0.993231
-0.990357
-0.986882
-0.982809
-0.978138
-0.972874
-0.967019
-0.960577
-0.953552
-0.945948
-0.937769
-0.929021
-0.91971
-0.90984
-0.899417
-0.888449
-0.876941
-0.864901
-0.852336
-0.839253
-0.825661
-0.811567
-0.796981
-0.781911
-0.766366
-0.750356
-0.733891
-0.71698
-0.699633
-0.681862
-0.663677
-0.645089
-0.62611
-0.60675
-0.587022
-0.566938
-0.546509
-0.525749
-0.504669
-0.483283
-0.461604
-0.439644
-0.417418
-0.394938
-0.372218
-0.349272
-0.326115
-0.302759
-0.27922
-0.255511
-0.231646
-0.207642
-0.183511
-0.159269
-0.13493
-0.110509
-0.0860211
-0.061481
-0.0369035
-0.0123037
0.0123037
0.0369035
0.061481
0.0860211
0.110509
0.13493
0.159269
0.183511
0.207642
0.231646
0.255511
0.27922
0.302759
0.326115
0.349272
0.372218
0.394938
0.417418
0.439644
0.461604
0.483283
0.504669
0.525749
0.546509
0.566938
0.587022
0.60675
0.62611
0.645089
0.663677
0.681862
0.699633
0.71698
0.733891
0.750356
0.766366
0.781911
0.796981
0.811567
0.825661
0.839253
0.852336
0.864901
0.876941
0.888449
0.899417
0.90984
0.91971
0.929021
0.937769
0.945948
0.953552
0.960577
0.967019
0.972874
0.978138
0.982809
0.986882
0.990357
0.993231
0.995501
0.997167
0.998228
0.998683
0.998531
0.997773
0.99641
0.994441
0.991869
0.988695
0.98492
0.980548
0.97558
0.97002
0.963871
0.957137
0.949822
0.94193
0.933466
0.924436
0.914844
0.904697
0.894001
0.882762
0.870987
0.858683
0.845859
0.83252
0.818676
0.804335
0.789506
0.774197
0.758419
0.74218
0.72549
0.70836
0.6908
0.672821
0.654433
0.635648
0.616477
0.596931
0.577024
0.556766
0.53617
0.515248
0.494014
0.472479
0.450658
0.428563
0.406209
0.383607
0.360773
0.337719
0.314461
0.291011
0.267385
0.243597
0.219661
0.195591
0.171403
0.14711
0.122729
0.0982725
0.0737566
0.049196
0.0246055
0
0
-0.0245718
-0.0491288
-0.0736559
-0.0981382
-0.122561
-0.146909
-0.171169
-0.195324
-0.219361
-0.243264
-0.26702
-0.290614
-0.314031
-0.337258
-0.36028
-0.383083
-0.405653
-0.427978
-0.450042
-0.471834
-0.493339
-0.514544
-0.535437
-0.556005
-0.576235
-0.596116
-0.615634
-0.634779
-0.653539
-0.671902
-0.689856
-0.707392
-0.724499
-0.741166
-0.757383
-0.77314
-0.788427
-0.803236
-0.817557
-0.831382
-0.844703
-0.85751
-0.869797
-0.881556
-0.892779
-0.903461
-0.913594
-0.923173
-0.932191
-0.940643
-0.948524
-0.955829
-0.962554
-0.968694
-0.974247
-0.979208
-0.983574
-0.987344
-0.990514
-0.993082
-0.995048
-0.99641
-0.997167
-0.997318
-0.996864
-0.995805
-0.994141
-0.991873
-0.989004
-0.985534
-0.981466
-0.976802
-0.971544
-0.965697
-0.959264
-0.952249
-0.944655
-0.936488
-0.927752
-0.918453
-0.908597
-0.898188
-0.887235
-0.875743
-0.863719
-0.851171
-0.838106
-0.824533
-0.810458
-0.795892
-0.780843
-0.765319
-0.749331
-0.732888
-0.716
-0.698677
-0.680931
-0.66277
-0.644208
-0.625254
-0.605921
-0.58622
-0.566163
-0.545762
-0.52503
-0.503979
-0.482623
-0.460973
-0.439043
-0.416847
-0.394398
-0.371709
-0.348795
-0.325669
-0.302345
-0.278838
-0.255161
-0.23133
-0.207358
-0.18326
-0.159051
-0.134745
-0.110358
-0.0859036
-0.061397
-0.0368531
-0.0122869
0.0122869
0.0368531
0.061397
0.0859036
0.110358
0.134745
0.159051
0.18326
0.207358
0.23133
0.255161
0.278838
0.302345
0.325669
0.348795
0.371709
0.394398
0.416847
0.439043
0.460973
0.482623
0.503979
0.52503
0.545762
0.566163
0.58622
0.605921
0.625254
0.644208
0.66277
0.680931
0.698677
0.716
0.732888
0.749331
0.765319
0.780843
0.795892
0.810458
0.824533
0.838106
0.851171
0.863719
0.875743
0.887235
0.898188
0.908597
0.918453
0.927752
0.936488
0.944655
0.952249
0.959264
0.965697
0.971544
0.976802
0.981466
0.985534
0.989004
0.991873
0.994141
0.995805
0.996864
0.997318
0.997167
0.99641
0.995048
0.993082
0.990514
0.987344
0.983574
0.979208
0.974247
0.968694
0.962554
0.955829
0.948524
0.940643
0.932191
0.923173
0.913594
0.903461
0.892779
0.881556
0.869797
0.85751
0.844703
0.831382
0.817557
0.803236
0.788427
0.77314
0.757383
0.741166
0.724499
0.707392
0.689856
0.671902
0.653539
0.634779
0.615634
0.596116
0.576235
0.556005
0.535437
0.514544
0.493339
0.471834
0.450042
0.427978
0.405653
0.383083
0.36028
0.337258
0.314031
0.290614
0.26702
0.243264
0.219361
0.195324
0.171169
0.146909
0.122561
0.0981382
0.0736559
0.0491288
0.0245718
0
0
-0.0245233
-0.0490317
-0.0735104
-0.0979444
-0.122319
-0.146619
-0.170831
-0.194938
-0.218927
-0.242784
-0.266493
-0.29004
-0.313411
-0.336592
-0.359568
-0.382326
-0.404852
-0.427132
-0.449153
-0.470902
-0.492364
-0.513527
-0.534379
-0.554906
-0.575097
-0.594938
-0.614418
-0.633525
-0.652248
-0.670574
-0.688494
-0.705995
-0.723068
-0.739702
-0.755886
-0.771612
-0.78687
-0.801649
-0.815942
-0.82974
-0.843034
-0.855816
-0.868079
-0.879814
-0.891016
-0.901676
-0.911789
-0.921349
-0.930349
-0.938785
-0.94665
-0.953941
-0.960652
-0.966781
-0.972322
-0.977274
-0.981631
-0.985393
-0.988557
-0.991121
-0.993083
-0.994442
-0.995197
-0.995348
-0.994895
-0.993838
-0.992177
-0.989914
-0.98705
-0.983587
-0.979527
-0.974872
-0.969625
-0.96379
-0.957369
-0.950368
-0.942789
-0.934638
-0.925919
-0.916639
-0.906802
-0.896414
-0.885482
-0.874013
-0.862013
-0.84949
-0.836451
-0.822904
-0.808857
-0.79432
-0.7793
-0.763807
-0.747851
-0.73144
-0.714586
-0.697297
-0.679586
-0.661461
-0.642935
-0.624019
-0.604724
-0.585062
-0.565045
-0.544684
-0.523993
-0.502984
-0.481669
-0.460062
-0.438176
-0.416024
-0.393619
-0.370975
-0.348106
-0.325026
-0.301748
-0.278287
-0.254657
-0.230873
-0.206948
-0.182898
-0.158737
-0.134479
-0.11014
-0.0857339
-0.0612757
-0.0367803
-0.0122626
0.0122626
0.0367803
0.0612757
0.0857339
0.11014
0.134479
0.158737
0.182898
0.206948
0.230873
0.254657
0.278287
0.301748
0.325026
0.348106
0.370975
0.393619
0.416024
0.438176
0.460062
0.481669
0.502984
0.523993
0.544684
0.565045
0.585062
0.604724
0.624019
0.642935
0.661461
0.679586
0.697297
0.714586
0.73144
0.747851
0.763807
0.7793
0.79432
0.808857
0.822904
0.836451
0.84949
0.862013
0.874013
0.885482
0.896414
0.906802
0.916639
0.925919
0.934638
0.942789
0.950368
0.957369
0.96379
0.969625
0.974872
0.979527
0.983587
0.98705
0.989914
0.992177
0.993838
0.994895
0.995348
0.995197
0.994442
0.993083
0.991121
0.988557
0.985393
0.981631
0.977274
0.972322
0.966781
0.960652
0.953941
0.94665
0.938785
0.930349
0.921349
0.911789
0.901676
0.891016
0.879814
0.868079
0.855816
0.843034
0.82974
0.815942
0.801649
0.78687
0.771612
0.755886
0.739702
0.723068
0.705995
0.688494
0.670574
0.652248
0.633525
0.614418
0.594938
0.575097
0.554906
0.534379
0.513527
0.492364
0.470902
0.449153
0.427132
0.404852
0.382326
0.359568
0.336592
0.313411
0.29004
0.266493
0.242784
0.218927
0.194938
0.170831
0.146619
0.122319
0.0979444
0.0735104
0.0490317
0.0245233
0
0
-0.0244599
-0.0489049
-0.0733202
-0.097691
-0.122003
-0.14624
-0.170389
-0.194434
-0.218361
-0.242156
-0.265803
-0.28929
-0.3126
-0.335721
-0.358638
-0.381337
-0.403805
-0.426028
-0.447992
-0.469684
-0.491091
-0.512199
-0.532997
-0.553471
-0.573609
-0.593399
-0.612829
-0.631887
-0.650561
-0.66884
-0.686713
-0.704169
-0.721198
-0.737789
-0.753931
-0.769617
-0.784835
-0.799576
-0.813832
-0.827594
-0.840854
-0.853603
-0.865834
-0.877539
-0.888711
-0.899344
-0.909431
-0.918966
-0.927943
-0.936357
-0.944202
-0.951474
-0.958168
-0.96428
-0.969808
-0.974746
-0.979093
-0.982845
-0.986
-0.988557
-0.990514
-0.99187
-0.992623
-0.992774
-0.992322
-0.991267
-0.989611
-0.987354
-0.984497
-0.981043
-0.976993
-0.972351
-0.967117
-0.961297
-0.954893
-0.94791
-0.94035
-0.932221
-0.923525
-0.914268
-0.904456
-0.894096
-0.883192
-0.871752
-0.859783
-0.847293
-0.834287
-0.820775
-0.806765
-0.792265
-0.777285
-0.761832
-0.745917
-0.729548
-0.712738
-0.695494
-0.677828
-0.65975
-0.641272
-0.622405
-0.60316
-0.583549
-0.563583
-0.543275
-0.522638
-0.501683
-0.480424
-0.458873
-0.437043
-0.414948
-0.392601
-0.370016
-0.347206
-0.324185
-0.300968
-0.277567
-0.253999
-0.230276
-0.206413
-0.182425
-0.158326
-0.134131
-0.109855
-0.0855121
-0.0611172
-0.0366852
-0.0122309
0.0122309
0.0366852
0.0611172
0.0855121
0.109855
0.134131
0.158326
0.182425
0.206413
0.230276
0.253999
0.277567
0.300968
0.324185
0.347206
0.370016
0.392601
0.414948
0.437043
0.458873
0.480424
0.501683
0.522638
0.543275
0.563583
0.583549
0.60316
0.622405
0.641272
0.65975
0.677828
0.695494
0.712738
0.729548
0.745917
0.761832
0.777285
0.792265
0.806765
0.820775
0.834287
0.847293
0.859783
0.871752
0.883192
0.894096
0.904456
0.914268
0.923525
0.932221
0.94035
0.94791
0.954893
0.961297
0.967117
0.972351
0.976993
0.981043
0.984497
0.987354
0.989611
0.991267
0.992322
0.992774
0.992623
0.99187
0.990514
0.988557
0.986
0.982845
0.979093
0.974746
0.969808
0.96428
0.958168
0.951474
0.944202
0.936357
0.927943
0.918966
0.909431
0.899344
0.888711
0.877539
0.865834
0.853603
0.840854
0.827594
0.813832
0.799576
0.784835
0.769617
0.753931
0.737789
0.721198
0.704169
0.686713
0.66884
0.650561
0.631887
0.612829
0.593399
0.573609
0.553471
0.532997
0.512199
0.491091
0.469684
0.447992
0.426028
0.403805
0.381337
0.358638
0.335721
0.3126
0.28929
0.265803
0.242156
0.218361
0.194434
0.170389
0.14624
0.122003
0.097691
0.0733202
0.0489049
0.0244599
0
0
-0.0243816
-0.0487484
-0.0730856
-0.0973784
-0.121612
-0.145772
-0.169843
-0.193812
-0.217662
-0.241381
-0.264953
-0.288364
-0.3116
-0.334647
-0.35749
-0.380117
-0.402513
-0.424664
-0.446558
-0.468181
-0.489519
-0.51056
-0.531291
-0.5517
-0.571774
-0.5915
-0.610868
-0.629865
-0.648479
-0.666699
-0.684515
-0.701916
-0.71889
-0.735427
-0.751519
-0.767154
-0.782323
-0.797017
-0.811228
-0.824946
-0.838163
-0.850871
-0.863063
-0.874731
-0.885867
-0.896466
-0.906521
-0.916025
-0.924973
-0.93336
-0.94118
-0.948429
-0.955102
-0.961195
-0.966704
-0.971627
-0.975959
-0.9797
-0.982845
-0.985394
-0.987344
-0.988695
-0.989446
-0.989596
-0.989146
-0.988095
-0.986444
-0.984194
-0.981347
-0.977904
-0.973867
-0.969239
-0.964022
-0.958221
-0.951837
-0.944876
-0.937341
-0.929237
-0.920569
-0.911342
-0.901562
-0.891234
-0.880366
-0.868963
-0.857032
-0.844581
-0.831617
-0.818149
-0.804184
-0.78973
-0.774797
-0.759394
-0.74353
-0.727214
-0.710457
-0.693268
-0.675659
-0.657639
-0.63922
-0.620413
-0.60123
-0.581681
-0.56178
-0.541537
-0.520965
-0.500078
-0.478886
-0.457404
-0.435644
-0.41362
-0.391345
-0.368832
-0.346095
-0.323148
-0.300005
-0.276679
-0.253186
-0.229539
-0.205753
-0.181841
-0.15782
-0.133702
-0.109504
-0.0852385
-0.0609216
-0.0365678
-0.0121917
0.0121917
0.0365678
0.0609216
0.0852385
0.109504
0.133702
0.15782
0.181841
0.205753
0.229539
0.253186
0.276679
0.300005
0.323148
0.346095
0.368832
0.391345
0.41362
0.435644
0.457404
0.478886
0.500078
0.520965
0.541537
0.56178
0.581681
0.60123
0.620413
0.63922
0.657639
0.675659
0.693268
0.710457
0.727214
0.74353
0.759394
0.774797
0.78973
0.804184
0.818149
0.831617
0.844581
0.857032
0.868963
0.880366
0.891234
0.901562
0.911342
0.920569
0.929237
0.937341
0.944876
0.951837
0.958221
0.964022
0.969239
0.973867
0.977904
0.981347
0.984194
0.986444
0.988095
0.989146
0.989596
0.989446
0.988695
0.987344
0.985394
0.982845
0.9797
0.975959
0.971627
0.966704
0.961195
0.955102
0.948429
0.94118
0.93336
0.924973
0.916025
0.906521
0.896466
0.885867
0.874731
0.863063
0.850871
0.838163
0.824946
0.811228
0.797017
0.782323
0.767154
0.751519
0.735427
0.71889
0.701916
0.684515
0.666699
0.648479
0.629865
0.610868
0.5915
0.571774
0.5517
0.531291
0.51056
0.489519
0.468181
0.446558
0.424664
0.402513
0.380117
0.35749
0.334647
0.3116
0.288364
0.264953
0.241381
0.217662
0.193812
0.169843
0.145772
0.121612
0.0973784
0.0730856
0.0487484
0.0243816
0
0
-0.0242885
-0.0485623
-0.0728066
-0.0970067
-0.121148
-0.145216
-0.169195
-0.193072
-0.216831
-0.240459
-0.263941
-0.287263
-0.31041
-0.333369
-0.356126
-0.378666
-0.400976
-0.423043
-0.444853
-0.466393
-0.48765
-0.508611
-0.529263
-0.549594
-0.569591
-0.589242
-0.608536
-0.62746
-0.646003
-0.664154
-0.681902
-0.699236
-0.716145
-0.73262
-0.74865
-0.764225
-0.779336
-0.793975
-0.808131
-0.821796
-0.834963
-0.847623
-0.859768
-0.871391
-0.882485
-0.893044
-0.90306
-0.912528
-0.921442
-0.929797
-0.937587
-0.944808
-0.951455
-0.957525
-0.963014
-0.967917
-0.972234
-0.975959
-0.979093
-0.981632
-0.983575
-0.984921
-0.985669
-0.985819
-0.98537
-0.984323
-0.982678
-0.980437
-0.9776
-0.97417
-0.970149
-0.965539
-0.960342
-0.954563
-0.948204
-0.941269
-0.933763
-0.92569
-0.917055
-0.907863
-0.89812
-0.887832
-0.877005
-0.865645
-0.85376
-0.841357
-0.828443
-0.815025
-0.801113
-0.786715
-0.771839
-0.756495
-0.740691
-0.724438
-0.707744
-0.690621
-0.673079
-0.655129
-0.63678
-0.618045
-0.598935
-0.579461
-0.559635
-0.539469
-0.518976
-0.498168
-0.477058
-0.455658
-0.433981
-0.412041
-0.389851
-0.367424
-0.344773
-0.321914
-0.298859
-0.275623
-0.252219
-0.228663
-0.204967
-0.181147
-0.157217
-0.133192
-0.109086
-0.0849131
-0.060689
-0.0364282
-0.0121452
0.0121452
0.0364282
0.060689
0.0849131
0.109086
0.133192
0.157217
0.181147
0.204967
0.228663
0.252219
0.275623
0.298859
0.321914
0.344773
0.367424
0.389851
0.412041
0.433981
0.455658
0.477058
0.498168
0.518976
0.539469
0.559635
0.579461
0.598935
0.618045
0.63678
0.655129
0.673079
0.690621
0.707744
0.724438
0.740691
0.756495
0.771839
0.786715
0.801113
0.815025
0.828443
0.841357
0.85376
0.865645
0.877005
0.887832
0.89812
0.907863
0.917055
0.92569
0.933763
0.941269
0.948204
0.954563
0.960342
0.965539
0.970149
0.97417
0.9776
0.980437
0.982678
0.984323
0.98537
0.985819
0.985669
0.984921
0.983575
0.981632
0.979093
0.975959
0.972234
0.967917
0.963014
0.957525
0.951455
0.944808
0.937587
0.929797
0.921442
0.912528
0.90306
0.893044
0.882485
0.871391
0.859768
0.847623
0.834963
0.821796
0.808131
0.793975
0.779336
0.764225
0.74865
0.73262
0.716145
0.699236
0.681902
0.664154
0.646003
0.62746
0.608536
0.589242
0.569591
0.549594
0.529263
0.508611
0.48765
0.466393
0.444853
0.423043
0.400976
0.378666
0.356126
0.333369
0.31041
0.287263
0.263941
0.240459
0.216831
0.193072
0.169195
0.145216
0.121148
0.0970067
0.0728066
0.0485623
0.0242885
0
0
-0.0241807
-0.0483467
-0.0724834
-0.096576
-0.12061
-0.144571
-0.168444
-0.192215
-0.215869
-0.239392
-0.262769
-0.285988
-0.309032
-0.331889
-0.354545
-0.376985
-0.399196
-0.421165
-0.442878
-0.464323
-0.485485
-0.506353
-0.526914
-0.547154
-0.567062
-0.586627
-0.605834
-0.624675
-0.643135
-0.661206
-0.678875
-0.696132
-0.712966
-0.729368
-0.745326
-0.760832
-0.775877
-0.79045
-0.804543
-0.818148
-0.831256
-0.84386
-0.855951
-0.867523
-0.878568
-0.889079
-0.899051
-0.908477
-0.917352
-0.925669
-0.933425
-0.940614
-0.947232
-0.953274
-0.958738
-0.96362
-0.967917
-0.971627
-0.974746
-0.977274
-0.979209
-0.980549
-0.981293
-0.981442
-0.980995
-0.979953
-0.978316
-0.976084
-0.97326
-0.969846
-0.965842
-0.961252
-0.956079
-0.950325
-0.943994
-0.93709
-0.929618
-0.92158
-0.912984
-0.903833
-0.894133
-0.883891
-0.873112
-0.861802
-0.84997
-0.837622
-0.824765
-0.811407
-0.797557
-0.783223
-0.768413
-0.753136
-0.737403
-0.721222
-0.704602
-0.687556
-0.670091
-0.65222
-0.633953
-0.615301
-0.596276
-0.576888
-0.557151
-0.537075
-0.516673
-0.495957
-0.47494
-0.453635
-0.432055
-0.410212
-0.38812
-0.365792
-0.343243
-0.320485
-0.297532
-0.274399
-0.2511
-0.227648
-0.204057
-0.180343
-0.156519
-0.132601
-0.108601
-0.0845361
-0.0604196
-0.0362665
-0.0120913
0.0120913
0.0362665
0.0604196
0.0845361
0.108601
0.132601
0.156519
0.180343
0.204057
0.227648
0.2511
0.274399
0.297532
0.320485
0.343243
0.365792
0.38812
0.410212
0.432055
0.453635
0.47494
0.495957
0.516673
0.537075
0.557151
0.576888
0.596276
0.615301
0.633953
0.65222
0.670091
0.687556
0.704602
0.721222
0.737403
0.753136
0.768413
0.783223
0.797557
0.811407
0.824765
0.837622
0.84997
0.861802
0.873112
0.883891
0.894133
0.903833
0.912984
0.92158
0.929618
0.93709
0.943994
0.950325
0.956079
0.961252
0.965842
0.969846
0.97326
0.976084
0.978316
0.979953
0.980995
0.981442
0.981293
0.980549
0.979209
0.977274
0.974746
0.971627
0.967917
0.96362
0.958738
0.953274
0.947232
0.940614
0.933425
0.925669
0.917352
0.908477
0.899051
0.889079
0.878568
0.867523
0.855951
0.84386
0.831256
0.818148
0.804543
0.79045
0.775877
0.760832
0.745326
0.729368
0.712966
0.696132
0.678875
0.661206
0.643135
0.624675
0.605834
0.586627
0.567062
0.547154
0.526914
0.506353
0.485485
0.464323
0.442878
0.421165
0.399196
0.376985
0.354545
0.331889
0.309032
0.285988
0.262769
0.239392
0.215869
0.192215
0.168444
0.144571
0.12061
0.096576
0.0724834
0.0483467
0.0241807
0
0
-0.0240582
-0.0481018
-0.0721162
-0.0960868
-0.119999
-0.143838
-0.167591
-0.191241
-0.214775
-0.238179
-0.261438
-0.284539
-0.307467
-0.330208
-0.352748
-0.375075
-0.397174
-0.419031
-0.440635
-0.46197
-0.483026
-0.503788
-0.524244
-0.544382
-0.56419
-0.583655
-0.602765
-0.62151
-0.639877
-0.657856
-0.675436
-0.692605
-0.709354
-0.725672
-0.74155
-0.756978
-0.771946
-0.786445
-0.800467
-0.814003
-0.827045
-0.839585
-0.851615
-0.863128
-0.874117
-0.884575
-0.894496
-0.903875
-0.912704
-0.92098
-0.928696
-0.935848
-0.942433
-0.948445
-0.953881
-0.958739
-0.963014
-0.966704
-0.969808
-0.972323
-0.974248
-0.975581
-0.976322
-0.97647
-0.976025
-0.974988
-0.973359
-0.971139
-0.96833
-0.964932
-0.960949
-0.956382
-0.951235
-0.945511
-0.939212
-0.932343
-0.924908
-0.916911
-0.908358
-0.899254
-0.889603
-0.879413
-0.868688
-0.857436
-0.845664
-0.833378
-0.820586
-0.807297
-0.793517
-0.779255
-0.76452
-0.749321
-0.733667
-0.717568
-0.701033
-0.684072
-0.666696
-0.648916
-0.630741
-0.612184
-0.593255
-0.573966
-0.554328
-0.534354
-0.514055
-0.493444
-0.472534
-0.451337
-0.429866
-0.408134
-0.386154
-0.363939
-0.341504
-0.318861
-0.296025
-0.273009
-0.249828
-0.226494
-0.203023
-0.179429
-0.155726
-0.131929
-0.108051
-0.0841078
-0.0601135
-0.0360827
-0.01203
0.01203
0.0360827
0.0601135
0.0841078
0.108051
0.131929
0.155726
0.179429
0.203023
0.226494
0.249828
0.273009
0.296025
0.318861
0.341504
0.363939
0.386154
0.408134
0.429866
0.451337
0.472534
0.493444
0.514055
0.534354
0.554328
0.573966
0.593255
0.612184
0.630741
0.648916
0.666696
0.684072
0.701033
0.717568
0.733667
0.749321
0.76452
0.779255
0.793517
0.807297
0.820586
0.833378
0.845664
0.857436
0.868688
0.879413
0.889603
0.899254
0.908358
0.916911
0.924908
0.932343
0.939212
0.945511
0.951235
0.956382
0.960949
0.964932
0.96833
0.971139
0.973359
0.974988
0.976025
0.97647
0.976322
0.975581
0.974248
0.972323
0.969808
0.966704
0.963014
0.958739
0.953881
0.948445
0.942433
0.935848
0.928696
0.92098
0.912704
0.903875
0.894496
0.884575
0.874117
0.863128
0.851615
0.839585
0.827045
0.814003
0.800467
0.786445
0.771946
0.756978
0.74155
0.725672
0.709354
0.692605
0.675436
0.657856
0.639877
0.62151
0.602765
0.583655
0.56419
0.544382
0.524244
0.503788
0.483026
0.46197
0.440635
0.419031
0.397174
0.375075
0.352748
0.330208
0.307467
0.284539
0.261438
0.238179
0.214775
0.191241
0.167591
0.143838
0.119999
0.0960868
0.0721162
0.0481018
0.0240582
0
0
-0.0239211
-0.0478276
-0.0717052
-0.0955391
-0.119315
-0.143019
-0.166635
-0.190151
-0.213551
-0.236822
-0.259948
-0.282917
-0.305714
-0.328326
-0.350738
-0.372937
-0.39491
-0.416643
-0.438123
-0.459338
-0.480273
-0.500917
-0.521256
-0.54128
-0.560974
-0.580328
-0.59933
-0.617968
-0.636231
-0.654107
-0.671586
-0.688658
-0.705311
-0.721537
-0.737324
-0.752664
-0.767547
-0.781963
-0.795905
-0.809364
-0.822332
-0.8348
-0.846761
-0.858209
-0.869135
-0.879534
-0.889399
-0.898723
-0.907503
-0.915731
-0.923403
-0.930515
-0.937062
-0.94304
-0.948445
-0.953275
-0.957526
-0.961195
-0.964281
-0.966782
-0.968695
-0.970021
-0.970758
-0.970905
-0.970463
-0.969432
-0.967812
-0.965605
-0.962811
-0.959433
-0.955473
-0.950932
-0.945814
-0.940122
-0.933859
-0.927029
-0.919637
-0.911686
-0.903182
-0.894129
-0.884533
-0.874401
-0.863737
-0.85255
-0.840844
-0.828629
-0.81591
-0.802696
-0.788994
-0.774814
-0.760163
-0.74505
-0.729486
-0.713478
-0.697038
-0.680174
-0.662897
-0.645218
-0.627147
-0.608695
-0.589874
-0.570695
-0.551169
-0.531308
-0.511125
-0.490632
-0.469841
-0.448765
-0.427416
-0.405808
-0.383953
-0.361865
-0.339558
-0.317044
-0.294338
-0.271453
-0.248404
-0.225203
-0.201866
-0.178407
-0.154839
-0.131177
-0.107435
-0.0836285
-0.0597709
-0.0358771
-0.0119614
0.0119614
0.0358771
0.0597709
0.0836285
0.107435
0.131177
0.154839
0.178407
0.201866
0.225203
0.248404
0.271453
0.294338
0.317044
0.339558
0.361865
0.383953
0.405808
0.427416
0.448765
0.469841
0.490632
0.511125
0.531308
0.551169
0.570695
0.589874
0.608695
0.627147
0.645218
0.662897
0.680174
0.697038
0.713478
0.729486
0.74505
0.760163
0.774814
0.788994
0.802696
0.81591
0.828629
0.840844
0.85255
0.863737
0.874401
0.884533
0.894129
0.903182
0.911686
0.919637
0.927029
0.933859
0.940122
0.945814
0.950932
0.955473
0.959433
0.962811
0.965605
0.967812
0.969432
0.970463
0.970905
0.970758
0.970021
0.968695
0.966782
0.964281
0.961195
0.957526
0.953275
0.948445
0.94304
0.937062
0.930515
0.923403
0.915731
0.907503
0.898723
0.889399
0.879534
0.869135
0.858209
0.846761
0.8348
0.822332
0.809364
0.795905
0.781963
0.767547
0.752664
0.737324
0.721537
0.705311
0.688658
0.671586
0.654107
0.636231
0.617968
0.59933
0.580328
0.560974
0.54128
0.521256
0.500917
0.480273
0.459338
0.438123
0.416643
0.39491
0.372937
0.350738
0.328326
0.305714
0.282917
0.259948
0.236822
0.213551
0.190151
0.166635
0.143019
0.119315
0.0955391
0.0717052
0.0478276
0.0239211
0
0
-0.0237694
-0.0475245
-0.0712506
-0.0949335
-0.118559
-0.142112
-0.165579
-0.188946
-0.212197
-0.23532
-0.2583
-0.281124
-0.303776
-0.326245
-0.348515
-0.370573
-0.392407
-0.414002
-0.435346
-0.456426
-0.477229
-0.497742
-0.517952
-0.537849
-0.557418
-0.57665
-0.595531
-0.614051
-0.632198
-0.649961
-0.667329
-0.684293
-0.700841
-0.716963
-0.73265
-0.747893
-0.762681
-0.777007
-0.79086
-0.804234
-0.817119
-0.829508
-0.841394
-0.852769
-0.863626
-0.873959
-0.883761
-0.893026
-0.90175
-0.909926
-0.91755
-0.924616
-0.931122
-0.937062
-0.942433
-0.947232
-0.951456
-0.955102
-0.958169
-0.960653
-0.962555
-0.963872
-0.964604
-0.964751
-0.964311
-0.963287
-0.961677
-0.959484
-0.956708
-0.953351
-0.949416
-0.944904
-0.939819
-0.934163
-0.92794
-0.921153
-0.913807
-0.905907
-0.897456
-0.888461
-0.878926
-0.868858
-0.858262
-0.847146
-0.835514
-0.823376
-0.810738
-0.797607
-0.783993
-0.769902
-0.755344
-0.740328
-0.724862
-0.708956
-0.692619
-0.675862
-0.658695
-0.641128
-0.623171
-0.604837
-0.586135
-0.567077
-0.547675
-0.52794
-0.507885
-0.487522
-0.466863
-0.44592
-0.424706
-0.403235
-0.381519
-0.359571
-0.337405
-0.315034
-0.292472
-0.269733
-0.246829
-0.223776
-0.200587
-0.177276
-0.153857
-0.130345
-0.106754
-0.0830984
-0.0593921
-0.0356497
-0.0118856
0.0118856
0.0356497
0.0593921
0.0830984
0.106754
0.130345
0.153857
0.177276
0.200587
0.223776
0.246829
0.269733
0.292472
0.315034
0.337405
0.359571
0.381519
0.403235
0.424706
0.44592
0.466863
0.487522
0.507885
0.52794
0.547675
0.567077
0.586135
0.604837
0.623171
0.641128
0.658695
0.675862
0.692619
0.708956
0.724862
0.740328
0.755344
0.769902
0.783993
0.797607
0.810738
0.823376
0.835514
0.847146
0.858262
0.868858
0.878926
0.888461
0.897456
0.905907
0.913807
0.921153
0.92794
0.934163
0.939819
0.944904
0.949416
0.953351
0.956708
0.959484
0.961677
0.963287
0.964311
0.964751
0.964604
0.963872
0.962555
0.960653
0.958169
0.955102
0.951456
0.947232
0.942433
0.937062
0.931122
0.924616
0.91755
0.909926
0.90175
0.893026
0.883761
0.873959
0.863626
0.852769
0.841394
0.829508
0.817119
0.804234
0.79086
0.777007
0.762681
0.747893
0.73265
0.716963
0.700841
0.684293
0.667329
0.649961
0.632198
0.614051
0.595531
0.57665
0.557418
0.537849
0.517952
0.497742
0.477229
0.456426
0.435346
0.414002
0.392407
0.370573
0.348515
0.326245
0.303776
0.281124
0.2583
0.23532
0.212197
0.188946
0.165579
0.142112
0.118559
0.0949335
0.0712506
0.0475245
0.0237694
0
0
-0.0236034
-0.0471924
-0.0707528
-0.0942703
-0.117731
-0.141119
-0.164422
-0.187626
-0.210715
-0.233676
-0.256496
-0.27916
-0.301654
-0.323965
-0.34608
-0.367984
-0.389665
-0.41111
-0.432305
-0.453237
-0.473894
-0.494264
-0.514334
-0.534091
-0.553524
-0.572621
-0.59137
-0.609761
-0.627781
-0.64542
-0.662667
-0.679512
-0.695944
-0.711954
-0.727532
-0.742668
-0.757353
-0.771578
-0.785335
-0.798615
-0.81141
-0.823713
-0.835516
-0.846811
-0.857592
-0.867853
-0.877586
-0.886787
-0.89545
-0.903569
-0.911139
-0.918157
-0.924617
-0.930515
-0.935849
-0.940614
-0.944809
-0.948429
-0.951475
-0.953942
-0.95583
-0.957138
-0.957865
-0.958011
-0.957574
-0.956557
-0.954959
-0.952781
-0.950024
-0.946691
-0.942783
-0.938303
-0.933253
-0.927636
-0.921457
-0.914717
-0.907423
-0.899578
-0.891186
-0.882254
-0.872786
-0.862788
-0.852266
-0.841227
-0.829677
-0.817624
-0.805074
-0.792035
-0.778516
-0.764523
-0.750067
-0.735155
-0.719798
-0.704003
-0.68778
-0.67114
-0.654093
-0.636649
-0.618818
-0.600611
-0.58204
-0.563115
-0.543849
-0.524252
-0.504337
-0.484116
-0.463601
-0.442805
-0.421739
-0.400418
-0.378854
-0.357059
-0.335048
-0.312833
-0.290429
-0.267848
-0.245105
-0.222212
-0.199185
-0.176037
-0.152782
-0.129435
-0.106008
-0.0825178
-0.0589771
-0.0354006
-0.0118026
0.0118026
0.0354006
0.0589771
0.0825178
0.106008
0.129435
0.152782
0.176037
0.199185
0.222212
0.245105
0.267848
0.290429
0.312833
0.335048
0.357059
0.378854
0.400418
0.421739
0.442805
0.463601
0.484116
0.504337
0.524252
0.543849
0.563115
0.58204
0.600611
0.618818
0.636649
0.654093
0.67114
0.68778
0.704003
0.719798
0.735155
0.750067
0.764523
0.778516
0.792035
0.805074
0.817624
0.829677
0.841227
0.852266
0.862788
0.872786
0.882254
0.891186
0.899578
0.907423
0.914717
0.921457
0.927636
0.933253
0.938303
0.942783
0.946691
0.950024
0.952781
0.954959
0.956557
0.957574
0.958011
0.957865
0.957138
0.95583
0.953942
0.951475
0.948429
0.944809
0.940614
0.935849
0.930515
0.924617
0.918157
0.911139
0.903569
0.89545
0.886787
0.877586
0.867853
0.857592
0.846811
0.835516
0.823713
0.81141
0.798615
0.785335
0.771578
0.757353
0.742668
0.727532
0.711954
0.695944
0.679512
0.662667
0.64542
0.627781
0.609761
0.59137
0.572621
0.553524
0.534091
0.514334
0.494264
0.473894
0.453237
0.432305
0.41111
0.389665
0.367984
0.34608
0.323965
0.301654
0.27916
0.256496
0.233676
0.210715
0.187626
0.164422
0.141119
0.117731
0.0942703
0.0707528
0.0471924
0.0236034
0
0
-0.023423
-0.0468318
-0.0702121
-0.0935498
-0.116831
-0.140041
-0.163166
-0.186192
-0.209105
-0.23189
-0.254536
-0.277026
-0.299349
-0.321489
-0.343435
-0.365172
-0.386687
-0.407968
-0.429001
-0.449773
-0.470273
-0.490487
-0.510403
-0.530009
-0.549294
-0.568245
-0.586851
-0.6051
-0.622983
-0.640487
-0.657602
-0.674319
-0.690625
-0.706513
-0.721971
-0.736992
-0.751565
-0.765681
-0.779333
-0.792511
-0.805209
-0.817418
-0.82913
-0.840339
-0.851038
-0.86122
-0.870879
-0.88001
-0.888606
-0.896663
-0.904176
-0.91114
-0.91755
-0.923404
-0.928696
-0.933425
-0.937588
-0.941181
-0.944203
-0.946651
-0.948525
-0.949823
-0.950544
-0.950689
-0.950256
-0.949246
-0.94766
-0.945499
-0.942763
-0.939456
-0.935578
-0.931132
-0.92612
-0.920547
-0.914414
-0.907727
-0.900488
-0.892703
-0.884375
-0.875511
-0.866115
-0.856194
-0.845753
-0.834798
-0.823336
-0.811375
-0.798921
-0.785982
-0.772566
-0.75868
-0.744335
-0.729537
-0.714296
-0.698622
-0.682524
-0.666011
-0.649094
-0.631783
-0.614088
-0.596021
-0.577591
-0.558811
-0.539692
-0.520245
-0.500483
-0.480416
-0.460058
-0.43942
-0.418516
-0.397358
-0.375958
-0.35433
-0.332487
-0.310443
-0.288209
-0.265801
-0.243231
-0.220514
-0.197663
-0.174692
-0.151615
-0.128445
-0.105198
-0.0818872
-0.0585264
-0.03513
-0.0117124
0.0117124
0.03513
0.0585264
0.0818872
0.105198
0.128445
0.151615
0.174692
0.197663
0.220514
0.243231
0.265801
0.288209
0.310443
0.332487
0.35433
0.375958
0.397358
0.418516
0.43942
0.460058
0.480416
0.500483
0.520245
0.539692
0.558811
0.577591
0.596021
0.614088
0.631783
0.649094
0.666011
0.682524
0.698622
0.714296
0.729537
0.744335
0.75868
0.772566
0.785982
0.798921
0.811375
0.823336
0.834798
0.845753
0.856194
0.866115
0.875511
0.884375
0.892703
0.900488
0.907727
0.914414
0.920547
0.92612
0.931132
0.935578
0.939456
0.942763
0.945499
0.94766
0.949246
0.950256
0.950689
0.950544
0.949823
0.948525
0.946651
0.944203
0.941181
0.937588
0.933425
0.928696
0.923404
0.91755
0.91114
0.904176
0.896663
0.888606
0.88001
0.870879
0.86122
0.851038
0.840339
0.82913
0.817418
0.805209
0.792511
0.779333
0.765681
0.751565
0.736992
0.721971
0.706513
0.690625
0.674319
0.657602
0.640487
0.622983
0.6051
0.586851
0.568245
0.549294
0.530009
0.510403
0.490487
0.470273
0.449773
0.429001
0.407968
0.386687
0.365172
0.343435
0.321489
0.299349
0.277026
0.254536
0.23189
0.209105
0.186192
0.163166
0.140041
0.116831
0.0935498
0.0702121
0.0468318
0.023423
0
0
-0.0232284
-0.0464427
-0.0696287
-0.0927725
-0.11586
-0.138877
-0.16181
-0.184645
-0.207367
-0.229964
-0.252421
-0.274725
-0.296861
-0.318818
-0.340581
-0.362138
-0.383474
-0.404578
-0.425436
-0.446036
-0.466365
-0.486411
-0.506162
-0.525605
-0.54473
-0.563523
-0.581975
-0.600073
-0.617807
-0.635165
-0.652139
-0.668716
-0.684887
-0.700643
-0.715973
-0.730868
-0.74532
-0.759319
-0.772858
-0.785927
-0.798519
-0.810626
-0.822241
-0.833357
-0.843967
-0.854064
-0.863644
-0.872698
-0.881223
-0.889213
-0.896663
-0.903569
-0.909926
-0.915731
-0.92098
-0.92567
-0.929798
-0.933361
-0.936358
-0.938786
-0.940644
-0.941931
-0.942647
-0.94279
-0.942361
-0.941359
-0.939786
-0.937643
-0.93493
-0.93165
-0.927804
-0.923395
-0.918425
-0.912898
-0.906817
-0.900185
-0.893006
-0.885286
-0.877027
-0.868237
-0.858919
-0.84908
-0.838726
-0.827862
-0.816495
-0.804633
-0.792283
-0.779451
-0.766147
-0.752377
-0.73815
-0.723475
-0.708362
-0.692818
-0.676853
-0.660477
-0.643701
-0.626534
-0.608986
-0.591069
-0.572792
-0.554168
-0.535208
-0.515923
-0.496324
-0.476425
-0.456235
-0.435769
-0.415039
-0.394056
-0.372834
-0.351386
-0.329725
-0.307863
-0.285815
-0.263593
-0.241211
-0.218682
-0.196021
-0.17324
-0.150355
-0.127378
-0.104324
-0.0812068
-0.0580401
-0.0348382
-0.0116151
0.0116151
0.0348382
0.0580401
0.0812068
0.104324
0.127378
0.150355
0.17324
0.196021
0.218682
0.241211
0.263593
0.285815
0.307863
0.329725
0.351386
0.372834
0.394056
0.415039
0.435769
0.456235
0.476425
0.496324
0.515923
0.535208
0.554168
0.572792
0.591069
0.608986
0.626534
0.643701
0.660477
0.676853
0.692818
0.708362
0.723475
0.73815
0.752377
0.766147
0.779451
0.792283
0.804633
0.816495
0.827862
0.838726
0.84908
0.858919
0.868237
0.877027
0.885286
0.893006
0.900185
0.906817
0.912898
0.918425
0.923395
0.927804
0.93165
0.93493
0.937643
0.939786
0.941359
0.942361
0.94279
0.942647
0.941931
0.940644
0.938786
0.936358
0.933361
0.929798
0.92567
0.92098
0.915731
0.909926
0.903569
0.896663
0.889213
0.881223
0.872698
0.863644
0.854064
0.843967
0.833357
0.822241
0.810626
0.798519
0.785927
0.772858
0.759319
0.74532
0.730868
0.715973
0.700643
0.684887
0.668716
0.652139
0.635165
0.617807
0.600073
0.581975
0.563523
0.54473
0.525605
0.506162
0.486411
0.466365
0.446036
0.425436
0.404578
0.383474
0.362138
0.340581
0.318818
0.296861
0.274725
0.252421
0.229964
0.207367
0.184645
0.16181
0.138877
0.11586
0.0927725
0.0696287
0.0464427
0.0232284
0
0
-0.0230197
-0.0460254
-0.0690031
-0.091939
-0.114819
-0.137629
-0.160356
-0.182986
-0.205504
-0.227897
-0.250153
-0.272256
-0.294194
-0.315954
-0.337521
-0.358884
-0.380029
-0.400943
-0.421614
-0.442028
-0.462175
-0.482041
-0.501614
-0.520883
-0.539835
-0.55846
-0.576745
-0.594681
-0.612256
-0.629458
-0.646279
-0.662707
-0.678733
-0.694347
-0.70954
-0.724301
-0.738623
-0.752497
-0.765913
-0.778865
-0.791344
-0.803342
-0.814853
-0.825869
-0.836384
-0.84639
-0.855883
-0.864857
-0.873305
-0.881223
-0.888607
-0.89545
-0.90175
-0.907503
-0.912705
-0.917352
-0.921443
-0.924974
-0.927944
-0.930351
-0.932192
-0.933468
-0.934177
-0.934319
-0.933893
-0.932901
-0.931342
-0.929218
-0.92653
-0.923279
-0.919468
-0.915098
-0.910173
-0.904695
-0.898669
-0.892096
-0.884982
-0.877331
-0.869147
-0.860435
-0.851202
-0.841451
-0.831189
-0.820423
-0.809159
-0.797404
-0.785164
-0.772448
-0.759263
-0.745616
-0.731518
-0.716975
-0.701997
-0.686592
-0.670771
-0.654543
-0.637917
-0.620904
-0.603514
-0.585758
-0.567646
-0.549189
-0.530399
-0.511287
-0.491865
-0.472144
-0.452136
-0.431854
-0.41131
-0.390516
-0.369484
-0.348229
-0.326762
-0.305097
-0.283247
-0.261224
-0.239043
-0.216717
-0.194259
-0.171684
-0.149004
-0.126234
-0.103387
-0.0804771
-0.0575186
-0.0345251
-0.0115107
0.0115107
0.0345251
0.0575186
0.0804771
0.103387
0.126234
0.149004
0.171684
0.194259
0.216717
0.239043
0.261224
0.283247
0.305097
0.326762
0.348229
0.369484
0.390516
0.41131
0.431854
0.452136
0.472144
0.491865
0.511287
0.530399
0.549189
0.567646
0.585758
0.603514
0.620904
0.637917
0.654543
0.670771
0.686592
0.701997
0.716975
0.731518
0.745616
0.759263
0.772448
0.785164
0.797404
0.809159
0.820423
0.831189
0.841451
0.851202
0.860435
0.869147
0.877331
0.884982
0.892096
0.898669
0.904695
0.910173
0.915098
0.919468
0.923279
0.92653
0.929218
0.931342
0.932901
0.933893
0.934319
0.934177
0.933468
0.932192
0.930351
0.927944
0.924974
0.921443
0.917352
0.912705
0.907503
0.90175
0.89545
0.888607
0.881223
0.873305
0.864857
0.855883
0.84639
0.836384
0.825869
0.814853
0.803342
0.791344
0.778865
0.765913
0.752497
0.738623
0.724301
0.70954
0.694347
0.678733
0.662707
0.646279
0.629458
0.612256
0.594681
0.576745
0.55846
0.539835
0.520883
0.501614
0.482041
0.462175
0.442028
0.421614
0.400943
0.380029
0.358884
0.337521
0.315954
0.294194
0.272256
0.250153
0.227897
0.205504
0.182986
0.160356
0.137629
0.114819
0.091939
0.0690031
0.0460254
0.0230197
0
0
-0.022797
-0.0455801
-0.0683356
-0.0910495
-0.113708
-0.136298
-0.158805
-0.181215
-0.203516
-0.225693
-0.247733
-0.269622
-0.291348
-0.312897
-0.334256
-0.355412
-0.376352
-0.397064
-0.417535
-0.437752
-0.457704
-0.477378
-0.496761
-0.515844
-0.534613
-0.553057
-0.571166
-0.588928
-0.606333
-0.623369
-0.640027
-0.656296
-0.672167
-0.68763
-0.702676
-0.717294
-0.731478
-0.745217
-0.758504
-0.77133
-0.783688
-0.795571
-0.80697
-0.81788
-0.828292
-0.838203
-0.847604
-0.85649
-0.864857
-0.872699
-0.88001
-0.886788
-0.893027
-0.898724
-0.903875
-0.908478
-0.912529
-0.916026
-0.918967
-0.92135
-0.923174
-0.924438
-0.92514
-0.92528
-0.924859
-0.923876
-0.922332
-0.920229
-0.917567
-0.914347
-0.910573
-0.906246
-0.901368
-0.895944
-0.889975
-0.883466
-0.876421
-0.868844
-0.860739
-0.852112
-0.842967
-0.833311
-0.823149
-0.812487
-0.801331
-0.78969
-0.777568
-0.764975
-0.751918
-0.738403
-0.724441
-0.710039
-0.695206
-0.67995
-0.664282
-0.648211
-0.631746
-0.614897
-0.597676
-0.580091
-0.562154
-0.543876
-0.525268
-0.506341
-0.487106
-0.467576
-0.447762
-0.427676
-0.407331
-0.386738
-0.36591
-0.34486
-0.323601
-0.302146
-0.280506
-0.258697
-0.236731
-0.214621
-0.19238
-0.170023
-0.147563
-0.125013
-0.102387
-0.0796986
-0.0569622
-0.0341911
-0.0113994
0.0113994
0.0341911
0.0569622
0.0796986
0.102387
0.125013
0.147563
0.170023
0.19238
0.214621
0.236731
0.258697
0.280506
0.302146
0.323601
0.34486
0.36591
0.386738
0.407331
0.427676
0.447762
0.467576
0.487106
0.506341
0.525268
0.543876
0.562154
0.580091
0.597676
0.614897
0.631746
0.648211
0.664282
0.67995
0.695206
0.710039
0.724441
0.738403
0.751918
0.764975
0.777568
0.78969
0.801331
0.812487
0.823149
0.833311
0.842967
0.852112
0.860739
0.868844
0.876421
0.883466
0.889975
0.895944
0.901368
0.906246
0.910573
0.914347
0.917567
0.920229
0.922332
0.923876
0.924859
0.92528
0.92514
0.924438
0.923174
0.92135
0.918967
0.916026
0.912529
0.908478
0.903875
0.898724
0.893027
0.886788
0.88001
0.872699
0.864857
0.85649
0.847604
0.838203
0.828292
0.81788
0.80697
0.795571
0.783688
0.77133
0.758504
0.745217
0.731478
0.717294
0.702676
0.68763
0.672167
0.656296
0.640027
0.623369
0.606333
0.588928
0.571166
0.553057
0.534613
0.515844
0.496761
0.477378
0.457704
0.437752
0.417535
0.397064
0.376352
0.355412
0.334256
0.312897
0.291348
0.269622
0.247733
0.225693
0.203516
0.181215
0.158805
0.136298
0.113708
0.0910495
0.0683356
0.0455801
0.022797
0
0
-0.0225604
-0.0451072
-0.0676266
-0.0901049
-0.112528
-0.134884
-0.157157
-0.179335
-0.201404
-0.223351
-0.245162
-0.266825
-0.288325
-0.309651
-0.330788
-0.351725
-0.372448
-0.392945
-0.413203
-0.43321
-0.452955
-0.472425
-0.491607
-0.510492
-0.529066
-0.547319
-0.56524
-0.582818
-0.600042
-0.616901
-0.633386
-0.649487
-0.665193
-0.680496
-0.695385
-0.709852
-0.723888
-0.737485
-0.750634
-0.763327
-0.775557
-0.787316
-0.798597
-0.809394
-0.819699
-0.829506
-0.838809
-0.847604
-0.855884
-0.863644
-0.87088
-0.877587
-0.883761
-0.889399
-0.894497
-0.899052
-0.903061
-0.906522
-0.909433
-0.911791
-0.913596
-0.914846
-0.915541
-0.91568
-0.915263
-0.91429
-0.912763
-0.910681
-0.908046
-0.90486
-0.901125
-0.896843
-0.892016
-0.886648
-0.880741
-0.8743
-0.867328
-0.859829
-0.851808
-0.843271
-0.834221
-0.824665
-0.814608
-0.804057
-0.793017
-0.781496
-0.769501
-0.757038
-0.744116
-0.730742
-0.716925
-0.702672
-0.687993
-0.672896
-0.65739
-0.641485
-0.625191
-0.608518
-0.591475
-0.574072
-0.556322
-0.538233
-0.519818
-0.501087
-0.482052
-0.462725
-0.443116
-0.423239
-0.403104
-0.382725
-0.362114
-0.341282
-0.320244
-0.299011
-0.277596
-0.256013
-0.234275
-0.212394
-0.190384
-0.168259
-0.146032
-0.123716
-0.101324
-0.0788717
-0.0563712
-0.0338364
-0.0112811
0.0112811
0.0338364
0.0563712
0.0788717
0.101324
0.123716
0.146032
0.168259
0.190384
0.212394
0.234275
0.256013
0.277596
0.299011
0.320244
0.341282
0.362114
0.382725
0.403104
0.423239
0.443116
0.462725
0.482052
0.501087
0.519818
0.538233
0.556322
0.574072
0.591475
0.608518
0.625191
0.641485
0.65739
0.672896
0.687993
0.702672
0.716925
0.730742
0.744116
0.757038
0.769501
0.781496
0.793017
0.804057
0.814608
0.824665
0.834221
0.843271
0.851808
0.859829
0.867328
0.8743
0.880741
0.886648
0.892016
0.896843
0.901125
0.90486
0.908046
0.910681
0.912763
0.91429
0.915263
0.91568
0.915541
0.914846
0.913596
0.911791
0.909433
0.906522
0.903061
0.899052
0.894497
0.889399
0.883761
0.877587
0.87088
0.863644
0.855884
0.847604
0.838809
0.829506
0.819699
0.809394
0.798597
0.787316
0.775557
0.763327
0.750634
0.737485
0.723888
0.709852
0.695385
0.680496
0.665193
0.649487
0.633386
0.616901
0.600042
0.582818
0.56524
0.547319
0.529066
0.510492
0.491607
0.472425
0.452955
0.43321
0.413203
0.392945
0.372448
0.351725
0.330788
0.309651
0.288325
0.266825
0.245162
0.223351
0.201404
0.179335
0.157157
0.134884
0.112528
0.0901049
0.0676266
0.0451072
0.0225604
0
0
-0.0223102
-0.0446069
-0.0668765
-0.0891055
-0.11128
-0.133388
-0.155414
-0.177346
-0.19917
-0.220874
-0.242443
-0.263865
-0.285127
-0.306216
-0.327119
-0.347823
-0.368317
-0.388586
-0.40862
-0.428406
-0.447931
-0.467185
-0.486155
-0.504829
-0.523198
-0.541249
-0.558971
-0.576353
-0.593386
-0.610059
-0.626361
-0.642283
-0.657815
-0.672948
-0.687672
-0.701979
-0.715859
-0.729305
-0.742309
-0.754861
-0.766955
-0.778584
-0.78974
-0.800416
-0.810607
-0.820305
-0.829506
-0.838203
-0.846391
-0.854065
-0.861221
-0.867853
-0.873959
-0.879535
-0.884576
-0.88908
-0.893045
-0.896468
-0.899346
-0.901678
-0.903463
-0.904699
-0.905386
-0.905524
-0.905111
-0.90415
-0.902639
-0.90058
-0.897975
-0.894824
-0.89113
-0.886896
-0.882122
-0.876814
-0.870972
-0.864603
-0.857708
-0.850292
-0.842361
-0.833918
-0.824968
-0.815518
-0.805573
-0.795138
-0.784221
-0.772828
-0.760966
-0.748642
-0.735863
-0.722637
-0.708973
-0.694878
-0.680362
-0.665432
-0.650099
-0.63437
-0.618257
-0.601768
-0.584914
-0.567705
-0.550151
-0.532264
-0.514053
-0.49553
-0.476706
-0.457593
-0.438202
-0.418545
-0.398633
-0.37848
-0.358097
-0.337497
-0.316692
-0.295694
-0.274517
-0.253173
-0.231676
-0.210038
-0.188273
-0.166393
-0.144412
-0.122343
-0.100201
-0.0779969
-0.0557459
-0.0334611
-0.011156
0.011156
0.0334611
0.0557459
0.0779969
0.100201
0.122343
0.144412
0.166393
0.188273
0.210038
0.231676
0.253173
0.274517
0.295694
0.316692
0.337497
0.358097
0.37848
0.398633
0.418545
0.438202
0.457593
0.476706
0.49553
0.514053
0.532264
0.550151
0.567705
0.584914
0.601768
0.618257
0.63437
0.650099
0.665432
0.680362
0.694878
0.708973
0.722637
0.735863
0.748642
0.760966
0.772828
0.784221
0.795138
0.805573
0.815518
0.824968
0.833918
0.842361
0.850292
0.857708
0.864603
0.870972
0.876814
0.882122
0.886896
0.89113
0.894824
0.897975
0.90058
0.902639
0.90415
0.905111
0.905524
0.905386
0.904699
0.903463
0.901678
0.899346
0.896468
0.893045
0.88908
0.884576
0.879535
0.873959
0.867853
0.861221
0.854065
0.846391
0.838203
0.829506
0.820305
0.810607
0.800416
0.78974
0.778584
0.766955
0.754861
0.742309
0.729305
0.715859
0.701979
0.687672
0.672948
0.657815
0.642283
0.626361
0.610059
0.593386
0.576353
0.558971
0.541249
0.523198
0.504829
0.486155
0.467185
0.447931
0.428406
0.40862
0.388586
0.368317
0.347823
0.327119
0.306216
0.285127
0.263865
0.242443
0.220874
0.19917
0.177346
0.155414
0.133388
0.11128
0.0891055
0.0668765
0.0446069
0.0223102
0
0
-0.0220464
-0.0440795
-0.0660858
-0.088052
-0.109965
-0.131811
-0.153577
-0.175249
-0.196816
-0.218262
-0.239577
-0.260746
-0.281756
-0.302596
-0.323252
-0.343711
-0.363962
-0.383992
-0.403789
-0.423341
-0.442635
-0.461661
-0.480407
-0.498861
-0.517012
-0.534849
-0.552362
-0.569539
-0.586371
-0.602846
-0.618956
-0.63469
-0.650038
-0.664992
-0.679542
-0.693679
-0.707396
-0.720683
-0.733532
-0.745936
-0.757888
-0.769379
-0.780403
-0.790953
-0.801023
-0.810607
-0.819699
-0.828293
-0.836384
-0.843967
-0.851038
-0.857593
-0.863627
-0.869136
-0.874118
-0.878569
-0.882487
-0.885869
-0.888713
-0.891018
-0.892781
-0.894003
-0.894682
-0.894818
-0.89441
-0.89346
-0.891967
-0.889933
-0.887358
-0.884245
-0.880595
-0.87641
-0.871693
-0.866447
-0.860675
-0.85438
-0.847567
-0.840239
-0.832402
-0.824058
-0.815215
-0.805876
-0.796049
-0.785738
-0.77495
-0.763691
-0.751969
-0.73979
-0.727163
-0.714094
-0.700591
-0.686663
-0.672318
-0.657565
-0.642413
-0.62687
-0.610947
-0.594654
-0.577999
-0.560993
-0.543647
-0.525971
-0.507975
-0.489671
-0.47107
-0.452183
-0.433021
-0.413596
-0.39392
-0.374005
-0.353863
-0.333507
-0.312947
-0.292198
-0.271272
-0.25018
-0.228937
-0.207555
-0.186047
-0.164425
-0.142704
-0.120897
-0.0990159
-0.0770748
-0.0550868
-0.0330655
-0.0110241
0.0110241
0.0330655
0.0550868
0.0770748
0.0990159
0.120897
0.142704
0.164425
0.186047
0.207555
0.228937
0.25018
0.271272
0.292198
0.312947
0.333507
0.353863
0.374005
0.39392
0.413596
0.433021
0.452183
0.47107
0.489671
0.507975
0.525971
0.543647
0.560993
0.577999
0.594654
0.610947
0.62687
0.642413
0.657565
0.672318
0.686663
0.700591
0.714094
0.727163
0.73979
0.751969
0.763691
0.77495
0.785738
0.796049
0.805876
0.815215
0.824058
0.832402
0.840239
0.847567
0.85438
0.860675
0.866447
0.871693
0.87641
0.880595
0.884245
0.887358
0.889933
0.891967
0.89346
0.89441
0.894818
0.894682
0.894003
0.892781
0.891018
0.888713
0.885869
0.882487
0.878569
0.874118
0.869136
0.863627
0.857593
0.851038
0.843967
0.836384
0.828293
0.819699
0.810607
0.801023
0.790953
0.780403
0.769379
0.757888
0.745936
0.733532
0.720683
0.707396
0.693679
0.679542
0.664992
0.650038
0.63469
0.618956
0.602846
0.586371
0.569539
0.552362
0.534849
0.517012
0.498861
0.480407
0.461661
0.442635
0.423341
0.403789
0.383992
0.363962
0.343711
0.323252
0.302596
0.281756
0.260746
0.239577
0.218262
0.196816
0.175249
0.153577
0.131811
0.109965
0.088052
0.0660858
0.0440795
0.0220464
0
0
-0.0217693
-0.0435254
-0.065255
-0.0869451
-0.108582
-0.130154
-0.151646
-0.173046
-0.194341
-0.215519
-0.236565
-0.257468
-0.278214
-0.298792
-0.319188
-0.33939
-0.359387
-0.379165
-0.398713
-0.418019
-0.437071
-0.455857
-0.474368
-0.49259
-0.510513
-0.528126
-0.545418
-0.562379
-0.578999
-0.595268
-0.611175
-0.626711
-0.641866
-0.656632
-0.670999
-0.684959
-0.698503
-0.711623
-0.724311
-0.736559
-0.74836
-0.759707
-0.770592
-0.78101
-0.790953
-0.800417
-0.809394
-0.81788
-0.825869
-0.833358
-0.84034
-0.846812
-0.85277
-0.85821
-0.863129
-0.867524
-0.871393
-0.874732
-0.877541
-0.879816
-0.881558
-0.882764
-0.883435
-0.883569
-0.883166
-0.882228
-0.880754
-0.878745
-0.876203
-0.873129
-0.869524
-0.865392
-0.860735
-0.855555
-0.849855
-0.84364
-0.836912
-0.829676
-0.821937
-0.813699
-0.804966
-0.795745
-0.786041
-0.77586
-0.765207
-0.754091
-0.742516
-0.73049
-0.718021
-0.705116
-0.691783
-0.67803
-0.663866
-0.649298
-0.634337
-0.61899
-0.603267
-0.587178
-0.570733
-0.553941
-0.536813
-0.519358
-0.501589
-0.483515
-0.465148
-0.446498
-0.427577
-0.408397
-0.388968
-0.369304
-0.349415
-0.329314
-0.309013
-0.288525
-0.267861
-0.247035
-0.226059
-0.204946
-0.183708
-0.162358
-0.14091
-0.119377
-0.0977711
-0.0761058
-0.0543943
-0.0326498
-0.0108855
0.0108855
0.0326498
0.0543943
0.0761058
0.0977711
0.119377
0.14091
0.162358
0.183708
0.204946
0.226059
0.247035
0.267861
0.288525
0.309013
0.329314
0.349415
0.369304
0.388968
0.408397
0.427577
0.446498
0.465148
0.483515
0.501589
0.519358
0.536813
0.553941
0.570733
0.587178
0.603267
0.61899
0.634337
0.649298
0.663866
0.67803
0.691783
0.705116
0.718021
0.73049
0.742516
0.754091
0.765207
0.77586
0.786041
0.795745
0.804966
0.813699
0.821937
0.829676
0.836912
0.84364
0.849855
0.855555
0.860735
0.865392
0.869524
0.873129
0.876203
0.878745
0.880754
0.882228
0.883166
0.883569
0.883435
0.882764
0.881558
0.879816
0.877541
0.874732
0.871393
0.867524
0.863129
0.85821
0.85277
0.846812
0.84034
0.833358
0.825869
0.81788
0.809394
0.800417
0.790953
0.78101
0.770592
0.759707
0.74836
0.736559
0.724311
0.711623
0.698503
0.684959
0.670999
0.656632
0.641866
0.626711
0.611175
0.595268
0.578999
0.562379
0.545418
0.528126
0.510513
0.49259
0.474368
0.455857
0.437071
0.418019
0.398713
0.379165
0.359387
0.33939
0.319188
0.298792
0.278214
0.257468
0.236565
0.215519
0.194341
0.173046
0.151646
0.130154
0.108582
0.0869451
0.065255
0.0435254
0.0217693
0
0
-0.0214789
-0.0429448
-0.0643846
-0.0857853
-0.107134
-0.128418
-0.149623
-0.170738
-0.191749
-0.212644
-0.23341
-0.254033
-0.274503
-0.294806
-0.31493
-0.334863
-0.354593
-0.374107
-0.393394
-0.412443
-0.431241
-0.449777
-0.46804
-0.486019
-0.503703
-0.521081
-0.538143
-0.554878
-0.571276
-0.587328
-0.603022
-0.618351
-0.633305
-0.647873
-0.662049
-0.675823
-0.689186
-0.702131
-0.714649
-0.726734
-0.738378
-0.749573
-0.760313
-0.770592
-0.780403
-0.78974
-0.798598
-0.806971
-0.814853
-0.822242
-0.829131
-0.835516
-0.841395
-0.846762
-0.851616
-0.855953
-0.859769
-0.863064
-0.865835
-0.868081
-0.869799
-0.870989
-0.871651
-0.871783
-0.871386
-0.87046
-0.869006
-0.867024
-0.864516
-0.861482
-0.857926
-0.853849
-0.849254
-0.844143
-0.838519
-0.832387
-0.825749
-0.81861
-0.810974
-0.802845
-0.794229
-0.785131
-0.775556
-0.765511
-0.755001
-0.744032
-0.732612
-0.720747
-0.708444
-0.695711
-0.682556
-0.668987
-0.655011
-0.640638
-0.625875
-0.610733
-0.59522
-0.579346
-0.56312
-0.546552
-0.529652
-0.512431
-0.494899
-0.477066
-0.458943
-0.440542
-0.421874
-0.402949
-0.38378
-0.364378
-0.344754
-0.324921
-0.304891
-0.284676
-0.264288
-0.24374
-0.223044
-0.202212
-0.181257
-0.160193
-0.139031
-0.117785
-0.096467
-0.0750907
-0.0536688
-0.0322143
-0.0107403
0.0107403
0.0322143
0.0536688
0.0750907
0.096467
0.117785
0.139031
0.160193
0.181257
0.202212
0.223044
0.24374
0.264288
0.284676
0.304891
0.324921
0.344754
0.364378
0.38378
0.402949
0.421874
0.440542
0.458943
0.477066
0.494899
0.512431
0.529652
0.546552
0.56312
0.579346
0.59522
0.610733
0.625875
0.640638
0.655011
0.668987
0.682556
0.695711
0.708444
0.720747
0.732612
0.744032
0.755001
0.765511
0.775556
0.785131
0.794229
0.802845
0.810974
0.81861
0.825749
0.832387
0.838519
0.844143
0.849254
0.853849
0.857926
0.861482
0.864516
0.867024
0.869006
0.87046
0.871386
0.871783
0.871651
0.870989
0.869799
0.868081
0.865835
0.863064
0.859769
0.855953
0.851616
0.846762
0.841395
0.835516
0.829131
0.822242
0.814853
0.806971
0.798598
0.78974
0.780403
0.770592
0.760313
0.749573
0.738378
0.726734
0.714649
0.702131
0.689186
0.675823
0.662049
0.647873
0.633305
0.618351
0.603022
0.587328
0.571276
0.554878
0.538143
0.521081
0.503703
0.486019
0.46804
0.449777
0.431241
0.412443
0.393394
0.374107
0.354593
0.334863
0.31493
0.294806
0.274503
0.254033
0.23341
0.212644
0.191749
0.170738
0.149623
0.128418
0.107134
0.0857853
0.0643846
0.0429448
0.0214789
0
0
-0.0211755
-0.0423382
-0.0634751
-0.0845735
-0.105621
-0.126604
-0.14751
-0.168326
-0.189041
-0.20964
-0.230112
-0.250445
-0.270626
-0.290642
-0.310482
-0.330133
-0.349584
-0.368823
-0.387837
-0.406617
-0.425149
-0.443423
-0.461429
-0.479154
-0.496588
-0.51372
-0.530541
-0.54704
-0.563206
-0.579031
-0.594504
-0.609616
-0.624358
-0.638722
-0.652697
-0.666276
-0.67945
-0.692213
-0.704554
-0.716468
-0.727948
-0.738985
-0.749573
-0.759707
-0.769379
-0.778584
-0.787317
-0.795571
-0.803343
-0.810627
-0.817418
-0.823714
-0.829509
-0.834801
-0.839586
-0.843861
-0.847624
-0.850873
-0.853605
-0.855818
-0.857512
-0.858686
-0.859338
-0.859468
-0.859077
-0.858164
-0.85673
-0.854776
-0.852303
-0.849313
-0.845807
-0.841788
-0.837257
-0.832218
-0.826674
-0.820628
-0.814084
-0.807046
-0.799518
-0.791504
-0.78301
-0.77404
-0.764601
-0.754697
-0.744336
-0.733522
-0.722263
-0.710565
-0.698436
-0.685884
-0.672914
-0.659536
-0.645758
-0.631588
-0.617034
-0.602106
-0.586812
-0.571162
-0.555165
-0.538831
-0.52217
-0.505192
-0.487908
-0.470327
-0.45246
-0.434319
-0.415914
-0.397257
-0.378359
-0.35923
-0.339884
-0.320332
-0.300585
-0.280655
-0.260555
-0.240297
-0.219893
-0.199355
-0.178697
-0.15793
-0.137067
-0.116121
-0.0951043
-0.0740299
-0.0529107
-0.0317592
-0.0105886
0.0105886
0.0317592
0.0529107
0.0740299
0.0951043
0.116121
0.137067
0.15793
0.178697
0.199355
0.219893
0.240297
0.260555
0.280655
0.300585
0.320332
0.339884
0.35923
0.378359
0.397257
0.415914
0.434319
0.45246
0.470327
0.487908
0.505192
0.52217
0.538831
0.555165
0.571162
0.586812
0.602106
0.617034
0.631588
0.645758
0.659536
0.672914
0.685884
0.698436
0.710565
0.722263
0.733522
0.744336
0.754697
0.764601
0.77404
0.78301
0.791504
0.799518
0.807046
0.814084
0.820628
0.826674
0.832218
0.837257
0.841788
0.845807
0.849313
0.852303
0.854776
0.85673
0.858164
0.859077
0.859468
0.859338
0.858686
0.857512
0.855818
0.853605
0.850873
0.847624
0.843861
0.839586
0.834801
0.829509
0.823714
0.817418
0.810627
0.803343
0.795571
0.787317
0.778584
0.769379
0.759707
0.749573
0.738985
0.727948
0.716468
0.704554
0.692213
0.67945
0.666276
0.652697
0.638722
0.624358
0.609616
0.594504
0.579031
0.563206
0.54704
0.530541
0.51372
0.496588
0.479154
0.461429
0.443423
0.425149
0.406617
0.387837
0.368823
0.349584
0.330133
0.310482
0.290642
0.270626
0.250445
0.230112
0.20964
0.189041
0.168326
0.14751
0.126604
0.105621
0.0845735
0.0634751
0.0423382
0.0211755
0
0
-0.0208592
-0.0417058
-0.0625271
-0.0833104
-0.104043
-0.124713
-0.145306
-0.165812
-0.186217
-0.206509
-0.226676
-0.246704
-0.266584
-0.286301
-0.305844
-0.325202
-0.344363
-0.363314
-0.382045
-0.400544
-0.418799
-0.436801
-0.454537
-0.471997
-0.489171
-0.506048
-0.522617
-0.538869
-0.554795
-0.570383
-0.585625
-0.600511
-0.615033
-0.629182
-0.642948
-0.656325
-0.669302
-0.681874
-0.694031
-0.705768
-0.717075
-0.727948
-0.738378
-0.74836
-0.757888
-0.766956
-0.775558
-0.783689
-0.791345
-0.79852
-0.80521
-0.811411
-0.81712
-0.822333
-0.827046
-0.831258
-0.834965
-0.838165
-0.840856
-0.843036
-0.844705
-0.845861
-0.846503
-0.846632
-0.846246
-0.845347
-0.843935
-0.84201
-0.839574
-0.836628
-0.833174
-0.829215
-0.824752
-0.819789
-0.814328
-0.808372
-0.801926
-0.794992
-0.787577
-0.779683
-0.771315
-0.76248
-0.753181
-0.743426
-0.733218
-0.722566
-0.711475
-0.699953
-0.688005
-0.675639
-0.662864
-0.649686
-0.636113
-0.622155
-0.607819
-0.593113
-0.578048
-0.562631
-0.546874
-0.530784
-0.514371
-0.497647
-0.480621
-0.463302
-0.445703
-0.427832
-0.409703
-0.391324
-0.372708
-0.353865
-0.334808
-0.315547
-0.296095
-0.276463
-0.256664
-0.236708
-0.216609
-0.196378
-0.176028
-0.155571
-0.13502
-0.114387
-0.0936838
-0.0729243
-0.0521204
-0.0312849
-0.0104304
0.0104304
0.0312849
0.0521204
0.0729243
0.0936838
0.114387
0.13502
0.155571
0.176028
0.196378
0.216609
0.236708
0.256664
0.276463
0.296095
0.315547
0.334808
0.353865
0.372708
0.391324
0.409703
0.427832
0.445703
0.463302
0.480621
0.497647
0.514371
0.530784
0.546874
0.562631
0.578048
0.593113
0.607819
0.622155
0.636113
0.649686
0.662864
0.675639
0.688005
0.699953
0.711475
0.722566
0.733218
0.743426
0.753181
0.76248
0.771315
0.779683
0.787577
0.794992
0.801926
0.808372
0.814328
0.819789
0.824752
0.829215
0.833174
0.836628
0.839574
0.84201
0.843935
0.845347
0.846246
0.846632
0.846503
0.845861
0.844705
0.843036
0.840856
0.838165
0.834965
0.831258
0.827046
0.822333
0.81712
0.811411
0.80521
0.79852
0.791345
0.783689
0.775558
0.766956
0.757888
0.74836
0.738378
0.727948
0.717075
0.705768
0.694031
0.681874
0.669302
0.656325
0.642948
0.629182
0.615033
0.600511
0.585625
0.570383
0.554795
0.538869
0.522617
0.506048
0.489171
0.471997
0.454537
0.436801
0.418799
0.400544
0.382045
0.363314
0.344363
0.325202
0.305844
0.286301
0.266584
0.246704
0.226676
0.206509
0.186217
0.165812
0.145306
0.124713
0.104043
0.0833104
0.0625271
0.0417058
0.0208592
0
0
-0.0205303
-0.0410482
-0.0615411
-0.0819966
-0.102402
-0.122746
-0.143015
-0.163197
-0.183281
-0.203253
-0.223101
-0.242814
-0.26238
-0.281786
-0.301022
-0.320074
-0.338932
-0.357585
-0.37602
-0.394227
-0.412195
-0.429913
-0.447369
-0.464554
-0.481457
-0.498068
-0.514376
-0.530372
-0.546046
-0.561389
-0.57639
-0.591042
-0.605335
-0.61926
-0.63281
-0.645975
-0.658748
-0.671121
-0.683087
-0.694638
-0.705768
-0.716469
-0.726734
-0.736559
-0.745937
-0.754862
-0.763328
-0.771331
-0.778866
-0.785928
-0.792512
-0.798616
-0.804235
-0.809365
-0.814005
-0.81815
-0.821798
-0.824947
-0.827596
-0.829742
-0.831385
-0.832522
-0.833155
-0.833281
-0.832902
-0.832017
-0.830626
-0.828732
-0.826334
-0.823435
-0.820036
-0.816139
-0.811747
-0.806861
-0.801486
-0.795625
-0.78928
-0.782456
-0.775157
-0.767388
-0.759152
-0.750456
-0.741304
-0.731702
-0.721656
-0.711172
-0.700256
-0.688915
-0.677156
-0.664985
-0.652411
-0.639441
-0.626083
-0.612344
-0.598234
-0.58376
-0.568933
-0.553759
-0.53825
-0.522414
-0.50626
-0.4898
-0.473042
-0.455996
-0.438674
-0.421086
-0.403242
-0.385153
-0.36683
-0.348285
-0.329528
-0.310571
-0.291426
-0.272104
-0.252616
-0.232975
-0.213193
-0.193281
-0.173252
-0.153118
-0.132891
-0.112583
-0.0922065
-0.0717743
-0.0512985
-0.0307916
-0.0102659
0.0102659
0.0307916
0.0512985
0.0717743
0.0922065
0.112583
0.132891
0.153118
0.173252
0.193281
0.213193
0.232975
0.252616
0.272104
0.291426
0.310571
0.329528
0.348285
0.36683
0.385153
0.403242
0.421086
0.438674
0.455996
0.473042
0.4898
0.50626
0.522414
0.53825
0.553759
0.568933
0.58376
0.598234
0.612344
0.626083
0.639441
0.652411
0.664985
0.677156
0.688915
0.700256
0.711172
0.721656
0.731702
0.741304
0.750456
0.759152
0.767388
0.775157
0.782456
0.78928
0.795625
0.801486
0.806861
0.811747
0.816139
0.820036
0.823435
0.826334
0.828732
0.830626
0.832017
0.832902
0.833281
0.833155
0.832522
0.831385
0.829742
0.827596
0.824947
0.821798
0.81815
0.814005
0.809365
0.804235
0.798616
0.792512
0.785928
0.778866
0.771331
0.763328
0.754862
0.745937
0.736559
0.726734
0.716469
0.705768
0.694638
0.683087
0.671121
0.658748
0.645975
0.63281
0.61926
0.605335
0.591042
0.57639
0.561389
0.546046
0.530372
0.514376
0.498068
0.481457
0.464554
0.447369
0.429913
0.412195
0.394227
0.37602
0.357585
0.338932
0.320074
0.301022
0.281786
0.26238
0.242814
0.223101
0.203253
0.183281
0.163197
0.143015
0.122746
0.102402
0.0819966
0.0615411
0.0410482
0.0205303
0
0
-0.0201889
-0.0403656
-0.0605177
-0.0806331
-0.1007
-0.120705
-0.140637
-0.160484
-0.180233
-0.199873
-0.219391
-0.238776
-0.258017
-0.2771
-0.296016
-0.314752
-0.333296
-0.351639
-0.369768
-0.387672
-0.405341
-0.422764
-0.43993
-0.456829
-0.473451
-0.489786
-0.505823
-0.521553
-0.536966
-0.552053
-0.566805
-0.581214
-0.595269
-0.608963
-0.622287
-0.635233
-0.647794
-0.659961
-0.671728
-0.683087
-0.694032
-0.704555
-0.71465
-0.724311
-0.733533
-0.742309
-0.750635
-0.758505
-0.765914
-0.772859
-0.779334
-0.785336
-0.790861
-0.795907
-0.800469
-0.804545
-0.808133
-0.81123
-0.813834
-0.815945
-0.81756
-0.818678
-0.8193
-0.819425
-0.819052
-0.818181
-0.816814
-0.814951
-0.812594
-0.809742
-0.8064
-0.802568
-0.798248
-0.793444
-0.788159
-0.782394
-0.776155
-0.769445
-0.762267
-0.754627
-0.746529
-0.737977
-0.728977
-0.719535
-0.709656
-0.699346
-0.688612
-0.677459
-0.665895
-0.653927
-0.641562
-0.628808
-0.615672
-0.602161
-0.588286
-0.574053
-0.559472
-0.544551
-0.529299
-0.513727
-0.497842
-0.481655
-0.465175
-0.448414
-0.43138
-0.414084
-0.396536
-0.378748
-0.36073
-0.342493
-0.324049
-0.305407
-0.28658
-0.267579
-0.248415
-0.229101
-0.209648
-0.190067
-0.170371
-0.150572
-0.130681
-0.110711
-0.0906733
-0.0705808
-0.0504455
-0.0302795
-0.0100952
0.0100952
0.0302795
0.0504455
0.0705808
0.0906733
0.110711
0.130681
0.150572
0.170371
0.190067
0.209648
0.229101
0.248415
0.267579
0.28658
0.305407
0.324049
0.342493
0.36073
0.378748
0.396536
0.414084
0.43138
0.448414
0.465175
0.481655
0.497842
0.513727
0.529299
0.544551
0.559472
0.574053
0.588286
0.602161
0.615672
0.628808
0.641562
0.653927
0.665895
0.677459
0.688612
0.699346
0.709656
0.719535
0.728977
0.737977
0.746529
0.754627
0.762267
0.769445
0.776155
0.782394
0.788159
0.793444
0.798248
0.802568
0.8064
0.809742
0.812594
0.814951
0.816814
0.818181
0.819052
0.819425
0.8193
0.818678
0.81756
0.815945
0.813834
0.81123
0.808133
0.804545
0.800469
0.795907
0.790861
0.785336
0.779334
0.772859
0.765914
0.758505
0.750635
0.742309
0.733533
0.724311
0.71465
0.704555
0.694032
0.683087
0.671728
0.659961
0.647794
0.635233
0.622287
0.608963
0.595269
0.581214
0.566805
0.552053
0.536966
0.521553
0.505823
0.489786
0.473451
0.456829
0.43993
0.422764
0.405341
0.387672
0.369768
0.351639
0.333296
0.314752
0.296016
0.2771
0.258017
0.238776
0.219391
0.199873
0.180233
0.160484
0.140637
0.120705
0.1007
0.0806331
0.0605177
0.0403656
0.0201889
0
0
-0.0198353
-0.0396585
-0.0594576
-0.0792207
-0.0989356
-0.118591
-0.138173
-0.157672
-0.177076
-0.196372
-0.215548
-0.234594
-0.253497
-0.272246
-0.290831
-0.309238
-0.327458
-0.345479
-0.36329
-0.380881
-0.39824
-0.415358
-0.432224
-0.448827
-0.465158
-0.481206
-0.496962
-0.512416
-0.52756
-0.542383
-0.556877
-0.571032
-0.584841
-0.598295
-0.611386
-0.624106
-0.636447
-0.648401
-0.659962
-0.671122
-0.681874
-0.692213
-0.702131
-0.711623
-0.720683
-0.729306
-0.737486
-0.745218
-0.752498
-0.75932
-0.765682
-0.771579
-0.777008
-0.781965
-0.786447
-0.790452
-0.793976
-0.797019
-0.799578
-0.801652
-0.803238
-0.804338
-0.804948
-0.805071
-0.804704
-0.803849
-0.802506
-0.800676
-0.798359
-0.795558
-0.792274
-0.788509
-0.784265
-0.779545
-0.774352
-0.768689
-0.762559
-0.755966
-0.748915
-0.741408
-0.733452
-0.72505
-0.716208
-0.706931
-0.697225
-0.687096
-0.676549
-0.665592
-0.654231
-0.642472
-0.630324
-0.617793
-0.604887
-0.591613
-0.577981
-0.563997
-0.549672
-0.535012
-0.520028
-0.504728
-0.489121
-0.473218
-0.457027
-0.440559
-0.423823
-0.40683
-0.38959
-0.372114
-0.354412
-0.336494
-0.318372
-0.300057
-0.28156
-0.262892
-0.244064
-0.225088
-0.205975
-0.186738
-0.167387
-0.147934
-0.128392
-0.108771
-0.0890849
-0.0693444
-0.0495618
-0.0297491
-0.00991838
0.00991838
0.0297491
0.0495618
0.0693444
0.0890849
0.108771
0.128392
0.147934
0.167387
0.186738
0.205975
0.225088
0.244064
0.262892
0.28156
0.300057
0.318372
0.336494
0.354412
0.372114
0.38959
0.40683
0.423823
0.440559
0.457027
0.473218
0.489121
0.504728
0.520028
0.535012
0.549672
0.563997
0.577981
0.591613
0.604887
0.617793
0.630324
0.642472
0.654231
0.665592
0.676549
0.687096
0.697225
0.706931
0.716208
0.72505
0.733452
0.741408
0.748915
0.755966
0.762559
0.768689
0.774352
0.779545
0.784265
0.788509
0.792274
0.795558
0.798359
0.800676
0.802506
0.803849
0.804704
0.805071
0.804948
0.804338
0.803238
0.801652
0.799578
0.797019
0.793976
0.790452
0.786447
0.781965
0.777008
0.771579
0.765682
0.75932
0.752498
0.745218
0.737486
0.729306
0.720683
0.711623
0.702131
0.692213
0.681874
0.671122
0.659962
0.648401
0.636447
0.624106
0.611386
0.598295
0.584841
0.571032
0.556877
0.542383
0.52756
0.512416
0.496962
0.481206
0.465158
0.448827
0.432224
0.415358
0.39824
0.380881
0.36329
0.345479
0.327458
0.309238
0.290831
0.272246
0.253497
0.234594
0.215548
0.196372
0.177076
0.157672
0.138173
0.118591
0.0989356
0.0792207
0.0594576
0.0396585
0.0198353
0
0
-0.0194696
-0.0389273
-0.0583614
-0.0777601
-0.0971116
-0.116404
-0.135626
-0.154766
-0.173811
-0.192751
-0.211574
-0.230269
-0.248823
-0.267227
-0.285469
-0.303537
-0.321421
-0.33911
-0.356592
-0.373859
-0.390898
-0.4077
-0.424255
-0.440552
-0.456582
-0.472334
-0.4878
-0.502969
-0.517833
-0.532383
-0.54661
-0.560505
-0.574059
-0.587265
-0.600114
-0.612599
-0.624713
-0.636447
-0.647794
-0.658748
-0.669303
-0.679451
-0.689186
-0.698503
-0.707396
-0.71586
-0.723889
-0.731479
-0.738624
-0.745321
-0.751566
-0.757354
-0.762683
-0.767548
-0.771947
-0.775878
-0.779338
-0.782325
-0.784837
-0.786872
-0.788429
-0.789508
-0.790108
-0.790228
-0.789868
-0.789029
-0.78771
-0.785914
-0.78364
-0.780891
-0.777667
-0.773972
-0.769806
-0.765173
-0.760076
-0.754517
-0.7485
-0.742029
-0.735107
-0.727739
-0.719929
-0.711682
-0.703003
-0.693898
-0.68437
-0.674428
-0.664076
-0.653321
-0.642169
-0.630627
-0.618703
-0.606403
-0.593735
-0.580706
-0.567325
-0.553599
-0.539537
-0.525148
-0.51044
-0.495422
-0.480103
-0.464493
-0.448601
-0.432436
-0.416009
-0.39933
-0.382408
-0.365253
-0.347877
-0.33029
-0.312503
-0.294525
-0.276369
-0.258045
-0.239564
-0.220938
-0.202178
-0.183295
-0.164301
-0.145207
-0.126025
-0.106766
-0.0874425
-0.0680659
-0.0486481
-0.0292007
-0.00973552
0.00973552
0.0292007
0.0486481
0.0680659
0.0874425
0.106766
0.126025
0.145207
0.164301
0.183295
0.202178
0.220938
0.239564
0.258045
0.276369
0.294525
0.312503
0.33029
0.347877
0.365253
0.382408
0.39933
0.416009
0.432436
0.448601
0.464493
0.480103
0.495422
0.51044
0.525148
0.539537
0.553599
0.567325
0.580706
0.593735
0.606403
0.618703
0.630627
0.642169
0.653321
0.664076
0.674428
0.68437
0.693898
0.703003
0.711682
0.719929
0.727739
0.735107
0.742029
0.7485
0.754517
0.760076
0.765173
0.769806
0.773972
0.777667
0.780891
0.78364
0.785914
0.78771
0.789029
0.789868
0.790228
0.790108
0.789508
0.788429
0.786872
0.784837
0.782325
0.779338
0.775878
0.771947
0.767548
0.762683
0.757354
0.751566
0.745321
0.738624
0.731479
0.723889
0.71586
0.707396
0.698503
0.689186
0.679451
0.669303
0.658748
0.647794
0.636447
0.624713
0.612599
0.600114
0.587265
0.574059
0.560505
0.54661
0.532383
0.517833
0.502969
0.4878
0.472334
0.456582
0.440552
0.424255
0.4077
0.390898
0.373859
0.356592
0.33911
0.321421
0.303537
0.285469
0.267227
0.248823
0.230269
0.211574
0.192751
0.173811
0.154766
0.135626
0.116404
0.0971116
0.0777601
0.0583614
0.0389273
0.0194696
0
0
-0.0190921
-0.0381725
-0.0572298
-0.0762524
-0.0952286
-0.114147
-0.132996
-0.151765
-0.170441
-0.189014
-0.207472
-0.225804
-0.243999
-0.262046
-0.279933
-0.297651
-0.315188
-0.332534
-0.349678
-0.36661
-0.383319
-0.399795
-0.416029
-0.43201
-0.447729
-0.463176
-0.478341
-0.493217
-0.507793
-0.52206
-0.536011
-0.549636
-0.562928
-0.575878
-0.588478
-0.600721
-0.6126
-0.624106
-0.635233
-0.645975
-0.656325
-0.666276
-0.675823
-0.684959
-0.69368
-0.70198
-0.709853
-0.717295
-0.724302
-0.730869
-0.736993
-0.742669
-0.747894
-0.752665
-0.756979
-0.760834
-0.764227
-0.767156
-0.769619
-0.771615
-0.773142
-0.7742
-0.774788
-0.774905
-0.774553
-0.77373
-0.772437
-0.770675
-0.768446
-0.765749
-0.762588
-0.758964
-0.75488
-0.750337
-0.745338
-0.739887
-0.733987
-0.727641
-0.720853
-0.713628
-0.70597
-0.697883
-0.689372
-0.680443
-0.671101
-0.661351
-0.6512
-0.640653
-0.629717
-0.6184
-0.606706
-0.594645
-0.582222
-0.569446
-0.556324
-0.542865
-0.529076
-0.514966
-0.500543
-0.485816
-0.470794
-0.455487
-0.439903
-0.424051
-0.407943
-0.391587
-0.374993
-0.358171
-0.341132
-0.323886
-0.306443
-0.288814
-0.27101
-0.253041
-0.234919
-0.216654
-0.198258
-0.179741
-0.161115
-0.142391
-0.123581
-0.104696
-0.085747
-0.0667462
-0.0477048
-0.0286345
-0.00954675
0.00954675
0.0286345
0.0477048
0.0667462
0.085747
0.104696
0.123581
0.142391
0.161115
0.179741
0.198258
0.216654
0.234919
0.253041
0.27101
0.288814
0.306443
0.323886
0.341132
0.358171
0.374993
0.391587
0.407943
0.424051
0.439903
0.455487
0.470794
0.485816
0.500543
0.514966
0.529076
0.542865
0.556324
0.569446
0.582222
0.594645
0.606706
0.6184
0.629717
0.640653
0.6512
0.661351
0.671101
0.680443
0.689372
0.697883
0.70597
0.713628
0.720853
0.727641
0.733987
0.739887
0.745338
0.750337
0.75488
0.758964
0.762588
0.765749
0.768446
0.770675
0.772437
0.77373
0.774553
0.774905
0.774788
0.7742
0.773142
0.771615
0.769619
0.767156
0.764227
0.760834
0.756979
0.752665
0.747894
0.742669
0.736993
0.730869
0.724302
0.717295
0.709853
0.70198
0.69368
0.684959
0.675823
0.666276
0.656325
0.645975
0.635233
0.624106
0.6126
0.600721
0.588478
0.575878
0.562928
0.549636
0.536011
0.52206
0.507793
0.493217
0.478341
0.463176
0.447729
0.43201
0.416029
0.399795
0.383319
0.36661
0.349678
0.332534
0.315188
0.297651
0.279933
0.262046
0.243999
0.225804
0.207472
0.189014
0.170441
0.151765
0.132996
0.114147
0.0952286
0.0762524
0.0572298
0.0381725
0.0190921
0
0
-0.018703
-0.0373946
-0.0560634
-0.0746983
-0.0932878
-0.111821
-0.130286
-0.148672
-0.166967
-0.185161
-0.203243
-0.221202
-0.239026
-0.256705
-0.274228
-0.291585
-0.308765
-0.325757
-0.342552
-0.359138
-0.375507
-0.391647
-0.40755
-0.423205
-0.438604
-0.453736
-0.468593
-0.483165
-0.497444
-0.511421
-0.525087
-0.538435
-0.551455
-0.564141
-0.576485
-0.588478
-0.600114
-0.611386
-0.622287
-0.63281
-0.642949
-0.652697
-0.662049
-0.671
-0.679543
-0.687673
-0.695386
-0.702677
-0.709541
-0.715974
-0.721973
-0.727533
-0.732652
-0.737326
-0.741552
-0.745328
-0.748652
-0.751521
-0.753934
-0.755889
-0.757385
-0.758421
-0.758997
-0.759113
-0.758767
-0.757961
-0.756694
-0.754968
-0.752784
-0.750143
-0.747047
-0.743496
-0.739495
-0.735044
-0.730148
-0.724808
-0.719028
-0.712811
-0.706162
-0.699084
-0.691582
-0.68366
-0.675322
-0.666575
-0.657423
-0.647872
-0.637928
-0.627596
-0.616884
-0.605796
-0.594341
-0.582526
-0.570356
-0.557841
-0.544986
-0.531801
-0.518293
-0.50447
-0.490341
-0.475915
-0.461199
-0.446204
-0.430937
-0.415409
-0.399629
-0.383606
-0.36735
-0.350871
-0.33418
-0.317285
-0.300198
-0.282928
-0.265487
-0.247884
-0.230131
-0.212239
-0.194217
-0.176078
-0.157831
-0.139489
-0.121062
-0.102562
-0.0839994
-0.0653858
-0.0467325
-0.0280509
-0.00935219
0.00935219
0.0280509
0.0467325
0.0653858
0.0839994
0.102562
0.121062
0.139489
0.157831
0.176078
0.194217
0.212239
0.230131
0.247884
0.265487
0.282928
0.300198
0.317285
0.33418
0.350871
0.36735
0.383606
0.399629
0.415409
0.430937
0.446204
0.461199
0.475915
0.490341
0.50447
0.518293
0.531801
0.544986
0.557841
0.570356
0.582526
0.594341
0.605796
0.616884
0.627596
0.637928
0.647872
0.657423
0.666575
0.675322
0.68366
0.691582
0.699084
0.706162
0.712811
0.719028
0.724808
0.730148
0.735044
0.739495
0.743496
0.747047
0.750143
0.752784
0.754968
0.756694
0.757961
0.758767
0.759113
0.758997
0.758421
0.757385
0.755889
0.753934
0.751521
0.748652
0.745328
0.741552
0.737326
0.732652
0.727533
0.721973
0.715974
0.709541
0.702677
0.695386
0.687673
0.679543
0.671
0.662049
0.652697
0.642949
0.63281
0.622287
0.611386
0.600114
0.588478
0.576485
0.564141
0.551455
0.538435
0.525087
0.511421
0.497444
0.483165
0.468593
0.453736
0.438604
0.423205
0.40755
0.391647
0.375507
0.359138
0.342552
0.325757
0.308765
0.291585
0.274228
0.256705
0.239026
0.221202
0.203243
0.185161
0.166967
0.148672
0.130286
0.111821
0.0932878
0.0746983
0.0560634
0.0373946
0.018703
0
0
-0.0183025
-0.0365939
-0.054863
-0.0730989
-0.0912904
-0.109426
-0.127496
-0.145488
-0.163392
-0.181197
-0.198892
-0.216466
-0.233908
-0.251209
-0.268357
-0.285342
-0.302154
-0.318782
-0.335217
-0.351448
-0.367466
-0.383261
-0.398824
-0.414144
-0.429213
-0.444021
-0.458559
-0.472819
-0.486793
-0.50047
-0.513844
-0.526906
-0.539648
-0.552062
-0.564141
-0.575878
-0.587265
-0.598296
-0.608963
-0.619261
-0.629182
-0.638722
-0.647874
-0.656633
-0.664993
-0.672949
-0.680497
-0.687631
-0.694348
-0.700644
-0.706514
-0.711955
-0.716965
-0.721538
-0.725674
-0.729369
-0.732622
-0.735429
-0.737791
-0.739704
-0.741168
-0.742182
-0.742746
-0.742859
-0.742521
-0.741732
-0.740492
-0.738803
-0.736666
-0.734081
-0.731051
-0.727577
-0.723661
-0.719306
-0.714514
-0.709289
-0.703632
-0.697549
-0.691042
-0.684116
-0.676774
-0.669021
-0.660863
-0.652303
-0.643347
-0.634
-0.624269
-0.614158
-0.603675
-0.592825
-0.581616
-0.570053
-0.558144
-0.545896
-0.533317
-0.520414
-0.507196
-0.493669
-0.479842
-0.465725
-0.451324
-0.43665
-0.42171
-0.406515
-0.391072
-0.375392
-0.359485
-0.343359
-0.327024
-0.310491
-0.29377
-0.27687
-0.259802
-0.242577
-0.225204
-0.207694
-0.190059
-0.172308
-0.154452
-0.136503
-0.11847
-0.100366
-0.0822009
-0.0639858
-0.0457319
-0.0274503
-0.00915194
0.00915194
0.0274503
0.0457319
0.0639858
0.0822009
0.100366
0.11847
0.136503
0.154452
0.172308
0.190059
0.207694
0.225204
0.242577
0.259802
0.27687
0.29377
0.310491
0.327024
0.343359
0.359485
0.375392
0.391072
0.406515
0.42171
0.43665
0.451324
0.465725
0.479842
0.493669
0.507196
0.520414
0.533317
0.545896
0.558144
0.570053
0.581616
0.592825
0.603675
0.614158
0.624269
0.634
0.643347
0.652303
0.660863
0.669021
0.676774
0.684116
0.691042
0.697549
0.703632
0.709289
0.714514
0.719306
0.723661
0.727577
0.731051
0.734081
0.736666
0.738803
0.740492
0.741732
0.742521
0.742859
0.742746
0.742182
0.741168
0.739704
0.737791
0.735429
0.732622
0.729369
0.725674
0.721538
0.716965
0.711955
0.706514
0.700644
0.694348
0.687631
0.680497
0.672949
0.664993
0.656633
0.647874
0.638722
0.629182
0.619261
0.608963
0.598296
0.587265
0.575878
0.564141
0.552062
0.539648
0.526906
0.513844
0.50047
0.486793
0.472819
0.458559
0.444021
0.429213
0.414144
0.398824
0.383261
0.367466
0.351448
0.335217
0.318782
0.302154
0.285342
0.268357
0.251209
0.233908
0.216466
0.198892
0.181197
0.163392
0.145488
0.127496
0.109426
0.0912904
0.0730989
0.054863
0.0365939
0.0183025
0
0
-0.0178909
-0.035771
-0.0536293
-0.0714551
-0.0892375
-0.106966
-0.124629
-0.142217
-0.159718
-0.177122
-0.194419
-0.211598
-0.228648
-0.24556
-0.262322
-0.278925
-0.295359
-0.311614
-0.327679
-0.343545
-0.359203
-0.374643
-0.389855
-0.404831
-0.419561
-0.434036
-0.448248
-0.462187
-0.475846
-0.489216
-0.502289
-0.515057
-0.527513
-0.539648
-0.551455
-0.562928
-0.574059
-0.584842
-0.595269
-0.605335
-0.615034
-0.624359
-0.633305
-0.641867
-0.650039
-0.657816
-0.665194
-0.672168
-0.678734
-0.684888
-0.690627
-0.695946
-0.700842
-0.705313
-0.709356
-0.712968
-0.716147
-0.718892
-0.7212
-0.72307
-0.724501
-0.725493
-0.726044
-0.726154
-0.725823
-0.725052
-0.723841
-0.72219
-0.7201
-0.717574
-0.714612
-0.711216
-0.707388
-0.703131
-0.698447
-0.693339
-0.68781
-0.681863
-0.675503
-0.668732
-0.661555
-0.653977
-0.646002
-0.637634
-0.62888
-0.619743
-0.610231
-0.600348
-0.5901
-0.579494
-0.568537
-0.557234
-0.545593
-0.533621
-0.521325
-0.508712
-0.49579
-0.482568
-0.469052
-0.455252
-0.441175
-0.426831
-0.412227
-0.397373
-0.382278
-0.366951
-0.351401
-0.335638
-0.319671
-0.303509
-0.287164
-0.270644
-0.25396
-0.237122
-0.22014
-0.203024
-0.185785
-0.168433
-0.150979
-0.133433
-0.115806
-0.0981091
-0.0803524
-0.062547
-0.0447036
-0.026833
-0.00894614
0.00894614
0.026833
0.0447036
0.062547
0.0803524
0.0981091
0.115806
0.133433
0.150979
0.168433
0.185785
0.203024
0.22014
0.237122
0.25396
0.270644
0.287164
0.303509
0.319671
0.335638
0.351401
0.366951
0.382278
0.397373
0.412227
0.426831
0.441175
0.455252
0.469052
0.482568
0.49579
0.508712
0.521325
0.533621
0.545593
0.557234
0.568537
0.579494
0.5901
0.600348
0.610231
0.619743
0.62888
0.637634
0.646002
0.653977
0.661555
0.668732
0.675503
0.681863
0.68781
0.693339
0.698447
0.703131
0.707388
0.711216
0.714612
0.717574
0.7201
0.72219
0.723841
0.725052
0.725823
0.726154
0.726044
0.725493
0.724501
0.72307
0.7212
0.718892
0.716147
0.712968
0.709356
0.705313
0.700842
0.695946
0.690627
0.684888
0.678734
0.672168
0.665194
0.657816
0.650039
0.641867
0.633305
0.624359
0.615034
0.605335
0.595269
0.584842
0.574059
0.562928
0.551455
0.539648
0.527513
0.515057
0.502289
0.489216
0.475846
0.462187
0.448248
0.434036
0.419561
0.404831
0.389855
0.374643
0.359203
0.343545
0.327679
0.311614
0.295359
0.278925
0.262322
0.24556
0.228648
0.211598
0.194419
0.177122
0.159718
0.142217
0.124629
0.106966
0.0892375
0.0714551
0.0536293
0.035771
0.0178909
0
0
-0.0174685
-0.0349264
-0.0523631
-0.069768
-0.0871305
-0.10444
-0.121686
-0.138859
-0.155947
-0.17294
-0.189829
-0.206602
-0.223249
-0.239762
-0.256128
-0.272339
-0.288385
-0.304256
-0.319942
-0.335434
-0.350722
-0.365797
-0.38065
-0.395272
-0.409654
-0.423788
-0.437664
-0.451274
-0.464611
-0.477665
-0.490429
-0.502896
-0.515057
-0.526906
-0.538435
-0.549637
-0.560505
-0.571033
-0.581214
-0.591042
-0.600512
-0.609617
-0.618352
-0.626711
-0.63469
-0.642284
-0.649488
-0.656297
-0.662708
-0.668717
-0.67432
-0.679513
-0.684294
-0.68866
-0.692607
-0.696134
-0.699238
-0.701918
-0.704171
-0.705997
-0.707395
-0.708363
-0.708901
-0.709008
-0.708686
-0.707933
-0.70675
-0.705138
-0.703098
-0.700631
-0.697739
-0.694423
-0.690686
-0.686529
-0.681955
-0.676968
-0.671569
-0.665763
-0.659553
-0.652942
-0.645935
-0.638536
-0.630749
-0.622579
-0.614031
-0.60511
-0.595822
-0.586173
-0.576167
-0.565812
-0.555113
-0.544077
-0.532711
-0.521021
-0.509015
-0.4967
-0.484084
-0.471174
-0.457977
-0.444503
-0.430758
-0.416753
-0.402494
-0.387991
-0.373252
-0.358287
-0.343104
-0.327713
-0.312123
-0.296343
-0.280384
-0.264254
-0.247964
-0.231523
-0.214942
-0.19823
-0.181398
-0.164456
-0.147414
-0.130282
-0.113072
-0.0957926
-0.0784552
-0.0610701
-0.043648
-0.0261994
-0.00873491
0.00873491
0.0261994
0.043648
0.0610701
0.0784552
0.0957926
0.113072
0.130282
0.147414
0.164456
0.181398
0.19823
0.214942
0.231523
0.247964
0.264254
0.280384
0.296343
0.312123
0.327713
0.343104
0.358287
0.373252
0.387991
0.402494
0.416753
0.430758
0.444503
0.457977
0.471174
0.484084
0.4967
0.509015
0.521021
0.532711
0.544077
0.555113
0.565812
0.576167
0.586173
0.595822
0.60511
0.614031
0.622579
0.630749
0.638536
0.645935
0.652942
0.659553
0.665763
0.671569
0.676968
0.681955
0.686529
0.690686
0.694423
0.697739
0.700631
0.703098
0.705138
0.70675
0.707933
0.708686
0.709008
0.708901
0.708363
0.707395
0.705997
0.704171
0.701918
0.699238
0.696134
0.692607
0.68866
0.684294
0.679513
0.67432
0.668717
0.662708
0.656297
0.649488
0.642284
0.63469
0.626711
0.618352
0.609617
0.600512
0.591042
0.581214
0.571033
0.560505
0.549637
0.538435
0.526906
0.515057
0.502896
0.490429
0.477665
0.464611
0.451274
0.437664
0.423788
0.409654
0.395272
0.38065
0.365797
0.350722
0.335434
0.319942
0.304256
0.288385
0.272339
0.256128
0.239762
0.223249
0.206602
0.189829
0.17294
0.155947
0.138859
0.121686
0.10444
0.0871305
0.069768
0.0523631
0.0349264
0.0174685
0
0
-0.0170355
-0.0340606
-0.051065
-0.0680384
-0.0849706
-0.101851
-0.11867
-0.135416
-0.152081
-0.168653
-0.185123
-0.20148
-0.217715
-0.233818
-0.249779
-0.265588
-0.281236
-0.296714
-0.312011
-0.327118
-0.342028
-0.356729
-0.371214
-0.385474
-0.399499
-0.413282
-0.426814
-0.440087
-0.453093
-0.465824
-0.478272
-0.490429
-0.502289
-0.513844
-0.525087
-0.536011
-0.54661
-0.556877
-0.566806
-0.576391
-0.585625
-0.594505
-0.603023
-0.611175
-0.618957
-0.626362
-0.633387
-0.640028
-0.64628
-0.65214
-0.657604
-0.662668
-0.667331
-0.671588
-0.675437
-0.678877
-0.681904
-0.684517
-0.686715
-0.688496
-0.689859
-0.690803
-0.691327
-0.691432
-0.691118
-0.690383
-0.68923
-0.687658
-0.685668
-0.683263
-0.680442
-0.677208
-0.673564
-0.66951
-0.66505
-0.660186
-0.654922
-0.649259
-0.643203
-0.636756
-0.629923
-0.622707
-0.615113
-0.607145
-0.598809
-0.59011
-0.581052
-0.571642
-0.561884
-0.551785
-0.541352
-0.530589
-0.519505
-0.508105
-0.496397
-0.484387
-0.472084
-0.459493
-0.446624
-0.433484
-0.42008
-0.406421
-0.392516
-0.378373
-0.363999
-0.349405
-0.334598
-0.319589
-0.304385
-0.288997
-0.273433
-0.257703
-0.241817
-0.225784
-0.209614
-0.193316
-0.176901
-0.160379
-0.14376
-0.127053
-0.110269
-0.0934179
-0.0765103
-0.0595562
-0.042566
-0.0255499
-0.00851837
0.00851837
0.0255499
0.042566
0.0595562
0.0765103
0.0934179
0.110269
0.127053
0.14376
0.160379
0.176901
0.193316
0.209614
0.225784
0.241817
0.257703
0.273433
0.288997
0.304385
0.319589
0.334598
0.349405
0.363999
0.378373
0.392516
0.406421
0.42008
0.433484
0.446624
0.459493
0.472084
0.484387
0.496397
0.508105
0.519505
0.530589
0.541352
0.551785
0.561884
0.571642
0.581052
0.59011
0.598809
0.607145
0.615113
0.622707
0.629923
0.636756
0.643203
0.649259
0.654922
0.660186
0.66505
0.66951
0.673564
0.677208
0.680442
0.683263
0.685668
0.687658
0.68923
0.690383
0.691118
0.691432
0.691327
0.690803
0.689859
0.688496
0.686715
0.684517
0.681904
0.678877
0.675437
0.671588
0.667331
0.662668
0.657604
0.65214
0.64628
0.640028
0.633387
0.626362
0.618957
0.611175
0.603023
0.594505
0.585625
0.576391
0.566806
0.556877
0.54661
0.536011
0.525087
0.513844
0.502289
0.490429
0.478272
0.465824
0.453093
0.440087
0.426814
0.413282
0.399499
0.385474
0.371214
0.356729
0.342028
0.327118
0.312011
0.296714
0.281236
0.265588
0.249779
0.233818
0.217715
0.20148
0.185123
0.168653
0.152081
0.135416
0.11867
0.101851
0.0849706
0.0680384
0.051065
0.0340606
0.0170355
0
0
-0.0165921
-0.0331741
-0.0497359
-0.0662676
-0.082759
-0.0992002
-0.115581
-0.131892
-0.148123
-0.164264
-0.180305
-0.196236
-0.212049
-0.227732
-0.243278
-0.258676
-0.273917
-0.288991
-0.30389
-0.318605
-0.333126
-0.347445
-0.361552
-0.375441
-0.389101
-0.402526
-0.415706
-0.428633
-0.4413
-0.4537
-0.465824
-0.477665
-0.489216
-0.50047
-0.511421
-0.522061
-0.532384
-0.542383
-0.552054
-0.561389
-0.570383
-0.579032
-0.587328
-0.595268
-0.602847
-0.61006
-0.616902
-0.62337
-0.629459
-0.635167
-0.640488
-0.645421
-0.649962
-0.654109
-0.657858
-0.661208
-0.664156
-0.666702
-0.668842
-0.670577
-0.671904
-0.672823
-0.673334
-0.673437
-0.67313
-0.672415
-0.671291
-0.66976
-0.667822
-0.665479
-0.662732
-0.659583
-0.656033
-0.652085
-0.647741
-0.643004
-0.637876
-0.632361
-0.626462
-0.620183
-0.613528
-0.6065
-0.599103
-0.591343
-0.583224
-0.574751
-0.565929
-0.556764
-0.54726
-0.537424
-0.527262
-0.51678
-0.505984
-0.494881
-0.483477
-0.47178
-0.459797
-0.447534
-0.435
-0.422201
-0.409147
-0.395844
-0.3823
-0.368525
-0.354525
-0.340311
-0.32589
-0.311271
-0.296463
-0.281475
-0.266316
-0.250996
-0.235523
-0.219907
-0.204158
-0.188285
-0.172297
-0.156205
-0.140018
-0.123746
-0.107399
-0.0909865
-0.074519
-0.0580062
-0.0414582
-0.024885
-0.00829667
0.00829667
0.024885
0.0414582
0.0580062
0.074519
0.0909865
0.107399
0.123746
0.140018
0.156205
0.172297
0.188285
0.204158
0.219907
0.235523
0.250996
0.266316
0.281475
0.296463
0.311271
0.32589
0.340311
0.354525
0.368525
0.3823
0.395844
0.409147
0.422201
0.435
0.447534
0.459797
0.47178
0.483477
0.494881
0.505984
0.51678
0.527262
0.537424
0.54726
0.556764
0.565929
0.574751
0.583224
0.591343
0.599103
0.6065
0.613528
0.620183
0.626462
0.632361
0.637876
0.643004
0.647741
0.652085
0.656033
0.659583
0.662732
0.665479
0.667822
0.66976
0.671291
0.672415
0.67313
0.673437
0.673334
0.672823
0.671904
0.670577
0.668842
0.666702
0.664156
0.661208
0.657858
0.654109
0.649962
0.645421
0.640488
0.635167
0.629459
0.62337
0.616902
0.61006
0.602847
0.595268
0.587328
0.579032
0.570383
0.561389
0.552054
0.542383
0.532384
0.522061
0.511421
0.50047
0.489216
0.477665
0.465824
0.4537
0.4413
0.428633
0.415706
0.402526
0.389101
0.375441
0.361552
0.347445
0.333126
0.318605
0.30389
0.288991
0.273917
0.258676
0.243278
0.227732
0.212049
0.196236
0.180305
0.164264
0.148123
0.131892
0.115581
0.0992002
0.082759
0.0662676
0.0497359
0.0331741
0.0165921
0
0
-0.0161386
-0.0322674
-0.0483767
-0.0644565
-0.0804973
-0.0964891
-0.112422
-0.128287
-0.144075
-0.159774
-0.175377
-0.190873
-0.206254
-0.221509
-0.236629
-0.251606
-0.266431
-0.281093
-0.295585
-0.309897
-0.324022
-0.337949
-0.351671
-0.36518
-0.378467
-0.391525
-0.404345
-0.416919
-0.42924
-0.441301
-0.453093
-0.464611
-0.475846
-0.486793
-0.497444
-0.507793
-0.517834
-0.52756
-0.536966
-0.546047
-0.554795
-0.563207
-0.571277
-0.579
-0.586372
-0.593387
-0.600043
-0.606334
-0.612257
-0.617808
-0.622984
-0.627782
-0.632199
-0.636232
-0.639879
-0.643137
-0.646005
-0.648481
-0.650563
-0.65225
-0.653541
-0.654435
-0.654933
-0.655032
-0.654734
-0.654038
-0.652945
-0.651456
-0.649571
-0.647292
-0.64462
-0.641557
-0.638104
-0.634264
-0.630038
-0.625431
-0.620443
-0.615079
-0.609341
-0.603234
-0.59676
-0.589924
-0.58273
-0.575182
-0.567285
-0.559044
-0.550463
-0.541548
-0.532304
-0.522737
-0.512852
-0.502657
-0.492156
-0.481356
-0.470264
-0.458887
-0.447231
-0.435303
-0.423112
-0.410663
-0.397965
-0.385025
-0.371852
-0.358453
-0.344836
-0.33101
-0.316983
-0.302764
-0.288361
-0.273783
-0.259038
-0.244136
-0.229086
-0.213897
-0.198578
-0.183139
-0.167588
-0.151936
-0.136191
-0.120364
-0.104464
-0.0884999
-0.0724824
-0.0564209
-0.0403251
-0.0242049
-0.00806992
0.00806992
0.0242049
0.0403251
0.0564209
0.0724824
0.0884999
0.104464
0.120364
0.136191
0.151936
0.167588
0.183139
0.198578
0.213897
0.229086
0.244136
0.259038
0.273783
0.288361
0.302764
0.316983
0.33101
0.344836
0.358453
0.371852
0.385025
0.397965
0.410663
0.423112
0.435303
0.447231
0.458887
0.470264
0.481356
0.492156
0.502657
0.512852
0.522737
0.532304
0.541548
0.550463
0.559044
0.567285
0.575182
0.58273
0.589924
0.59676
0.603234
0.609341
0.615079
0.620443
0.625431
0.630038
0.634264
0.638104
0.641557
0.64462
0.647292
0.649571
0.651456
0.652945
0.654038
0.654734
0.655032
0.654933
0.654435
0.653541
0.65225
0.650563
0.648481
0.646005
0.643137
0.639879
0.636232
0.632199
0.627782
0.622984
0.617808
0.612257
0.606334
0.600043
0.593387
0.586372
0.579
0.571277
0.563207
0.554795
0.546047
0.536966
0.52756
0.517834
0.507793
0.497444
0.486793
0.475846
0.464611
0.453093
0.441301
0.42924
0.416919
0.404345
0.391525
0.378467
0.36518
0.351671
0.337949
0.324022
0.309897
0.295585
0.281093
0.266431
0.251606
0.236629
0.221509
0.206254
0.190873
0.175377
0.159774
0.144075
0.128287
0.112422
0.0964891
0.0804973
0.0644565
0.0483767
0.0322674
0.0161386
0
0
-0.0156754
-0.0313412
-0.0469881
-0.0626064
-0.0781866
-0.0937195
-0.109195
-0.124605
-0.139939
-0.155188
-0.170343
-0.185394
-0.200333
-0.21515
-0.229837
-0.244384
-0.258783
-0.273024
-0.2871
-0.301002
-0.314721
-0.328248
-0.341577
-0.354698
-0.367604
-0.380286
-0.392738
-0.404951
-0.416919
-0.428633
-0.440087
-0.451274
-0.462187
-0.47282
-0.483165
-0.493217
-0.50297
-0.512417
-0.521553
-0.530373
-0.53887
-0.54704
-0.554879
-0.56238
-0.56954
-0.576354
-0.582819
-0.588929
-0.594682
-0.600074
-0.605102
-0.609762
-0.614052
-0.617969
-0.621512
-0.624676
-0.627462
-0.629867
-0.631889
-0.633528
-0.634782
-0.63565
-0.636133
-0.63623
-0.63594
-0.635264
-0.634203
-0.632756
-0.630926
-0.628712
-0.626117
-0.623141
-0.619788
-0.616058
-0.611954
-0.607478
-0.602634
-0.597424
-0.591851
-0.585918
-0.579631
-0.572991
-0.566003
-0.558672
-0.551001
-0.542996
-0.534662
-0.526003
-0.517024
-0.507732
-0.498131
-0.488228
-0.478029
-0.467539
-0.456765
-0.445715
-0.434393
-0.422808
-0.410966
-0.398875
-0.386542
-0.373973
-0.361178
-0.348164
-0.334938
-0.321509
-0.307885
-0.294073
-0.280084
-0.265924
-0.251603
-0.237129
-0.222511
-0.207758
-0.192878
-0.177882
-0.162778
-0.147575
-0.132282
-0.116909
-0.101465
-0.0859596
-0.0704018
-0.0548014
-0.0391676
-0.0235101
-0.00783828
0.00783828
0.0235101
0.0391676
0.0548014
0.0704018
0.0859596
0.101465
0.116909
0.132282
0.147575
0.162778
0.177882
0.192878
0.207758
0.222511
0.237129
0.251603
0.265924
0.280084
0.294073
0.307885
0.321509
0.334938
0.348164
0.361178
0.373973
0.386542
0.398875
0.410966
0.422808
0.434393
0.445715
0.456765
0.467539
0.478029
0.488228
0.498131
0.507732
0.517024
0.526003
0.534662
0.542996
0.551001
0.558672
0.566003
0.572991
0.579631
0.585918
0.591851
0.597424
0.602634
0.607478
0.611954
0.616058
0.619788
0.623141
0.626117
0.628712
0.630926
0.632756
0.634203
0.635264
0.63594
0.63623
0.636133
0.63565
0.634782
0.633528
0.631889
0.629867
0.627462
0.624676
0.621512
0.617969
0.614052
0.609762
0.605102
0.600074
0.594682
0.588929
0.582819
0.576354
0.56954
0.56238
0.554879
0.54704
0.53887
0.530373
0.521553
0.512417
0.50297
0.493217
0.483165
0.47282
0.462187
0.451274
0.440087
0.428633
0.416919
0.404951
0.392738
0.380286
0.367604
0.354698
0.341577
0.328248
0.314721
0.301002
0.2871
0.273024
0.258783
0.244384
0.229837
0.21515
0.200333
0.185394
0.170343
0.155188
0.139939
0.124605
0.109195
0.0937195
0.0781866
0.0626064
0.0469881
0.0313412
0.0156754
0
0
-0.0152026
-0.030396
-0.0455709
-0.0607182
-0.0758286
-0.0908929
-0.105902
-0.120847
-0.135718
-0.150508
-0.165205
-0.179803
-0.194291
-0.208661
-0.222905
-0.237013
-0.250978
-0.26479
-0.278441
-0.291924
-0.305229
-0.318348
-0.331275
-0.344
-0.356517
-0.368817
-0.380893
-0.392738
-0.404345
-0.415706
-0.426814
-0.437664
-0.448248
-0.45856
-0.468593
-0.478342
-0.4878
-0.496962
-0.505823
-0.514377
-0.522618
-0.530542
-0.538144
-0.545419
-0.552363
-0.558972
-0.565241
-0.571167
-0.576747
-0.581976
-0.586852
-0.591372
-0.595532
-0.599332
-0.602767
-0.605836
-0.608538
-0.61087
-0.612831
-0.61442
-0.615637
-0.616479
-0.616947
-0.617041
-0.61676
-0.616105
-0.615075
-0.613672
-0.611897
-0.60975
-0.607233
-0.604347
-0.601095
-0.597477
-0.593497
-0.589157
-0.584458
-0.579405
-0.574001
-0.568247
-0.562149
-0.555709
-0.548933
-0.541822
-0.534383
-0.52662
-0.518537
-0.510139
-0.501431
-0.492419
-0.483108
-0.473503
-0.463611
-0.453438
-0.442989
-0.432272
-0.421292
-0.410056
-0.398572
-0.386845
-0.374884
-0.362694
-0.350285
-0.337663
-0.324836
-0.311812
-0.298599
-0.285204
-0.271636
-0.257904
-0.244014
-0.229977
-0.2158
-0.201492
-0.187061
-0.172517
-0.157868
-0.143124
-0.128292
-0.113383
-0.098405
-0.0833671
-0.0682785
-0.0531486
-0.0379863
-0.022801
-0.00760188
0.00760188
0.022801
0.0379863
0.0531486
0.0682785
0.0833671
0.098405
0.113383
0.128292
0.143124
0.157868
0.172517
0.187061
0.201492
0.2158
0.229977
0.244014
0.257904
0.271636
0.285204
0.298599
0.311812
0.324836
0.337663
0.350285
0.362694
0.374884
0.386845
0.398572
0.410056
0.421292
0.432272
0.442989
0.453438
0.463611
0.473503
0.483108
0.492419
0.501431
0.510139
0.518537
0.52662
0.534383
0.541822
0.548933
0.555709
0.562149
0.568247
0.574001
0.579405
0.584458
0.589157
0.593497
0.597477
0.601095
0.604347
0.607233
0.60975
0.611897
0.613672
0.615075
0.616105
0.61676
0.617041
0.616947
0.616479
0.615637
0.61442
0.612831
0.61087
0.608538
0.605836
0.602767
0.599332
0.595532
0.591372
0.586852
0.581976
0.576747
0.571167
0.565241
0.558972
0.552363
0.545419
0.538144
0.530542
0.522618
0.514377
0.505823
0.496962
0.4878
0.478342
0.468593
0.45856
0.448248
0.437664
0.426814
0.415706
0.404345
0.392738
0.380893
0.368817
0.356517
0.344
0.331275
0.318348
0.305229
0.291924
0.278441
0.26479
0.250978
0.237013
0.222905
0.208661
0.194291
0.179803
0.165205
0.150508
0.135718
0.120847
0.105902
0.0908929
0.0758286
0.0607182
0.0455709
0.030396
0.0152026
0
0
-0.0147206
-0.0294323
-0.0441261
-0.0587931
-0.0734244
-0.0880112
-0.102544
-0.117016
-0.131416
-0.145736
-0.159968
-0.174102
-0.188131
-0.202046
-0.215838
-0.229499
-0.243021
-0.256395
-0.269613
-0.282668
-0.295551
-0.308255
-0.320772
-0.333094
-0.345214
-0.357124
-0.368817
-0.380286
-0.391525
-0.402526
-0.413282
-0.423788
-0.434036
-0.444021
-0.453736
-0.463176
-0.472335
-0.481206
-0.489786
-0.498068
-0.506048
-0.513721
-0.521082
-0.528126
-0.53485
-0.54125
-0.54732
-0.553058
-0.558461
-0.563525
-0.568246
-0.572622
-0.576651
-0.58033
-0.583656
-0.586628
-0.589244
-0.591502
-0.593402
-0.59494
-0.596118
-0.596934
-0.597387
-0.597478
-0.597206
-0.596571
-0.595574
-0.594216
-0.592497
-0.590418
-0.587981
-0.585187
-0.582037
-0.578534
-0.57468
-0.570477
-0.565928
-0.561035
-0.555802
-0.550231
-0.544326
-0.538091
-0.531529
-0.524644
-0.517441
-0.509923
-0.502096
-0.493965
-0.485533
-0.476807
-0.467791
-0.458491
-0.448913
-0.439062
-0.428945
-0.418567
-0.407935
-0.397056
-0.385935
-0.37458
-0.362998
-0.351195
-0.339179
-0.326958
-0.314537
-0.301926
-0.289132
-0.276162
-0.263024
-0.249727
-0.236278
-0.222685
-0.208958
-0.195103
-0.18113
-0.167048
-0.152863
-0.138586
-0.124225
-0.109788
-0.0952851
-0.0807239
-0.0661138
-0.0514635
-0.036782
-0.0220781
-0.00736086
0.00736086
0.0220781
0.036782
0.0514635
0.0661138
0.0807239
0.0952851
0.109788
0.124225
0.138586
0.152863
0.167048
0.18113
0.195103
0.208958
0.222685
0.236278
0.249727
0.263024
0.276162
0.289132
0.301926
0.314537
0.326958
0.339179
0.351195
0.362998
0.37458
0.385935
0.397056
0.407935
0.418567
0.428945
0.439062
0.448913
0.458491
0.467791
0.476807
0.485533
0.493965
0.502096
0.509923
0.517441
0.524644
0.531529
0.538091
0.544326
0.550231
0.555802
0.561035
0.565928
0.570477
0.57468
0.578534
0.582037
0.585187
0.587981
0.590418
0.592497
0.594216
0.595574
0.596571
0.597206
0.597478
0.597387
0.596934
0.596118
0.59494
0.593402
0.591502
0.589244
0.586628
0.583656
0.58033
0.576651
0.572622
0.568246
0.563525
0.558461
0.553058
0.54732
0.54125
0.53485
0.528126
0.521082
0.513721
0.506048
0.498068
0.489786
0.481206
0.472335
0.463176
0.453736
0.444021
0.434036
0.423788
0.413282
0.402526
0.391525
0.380286
0.368817
0.357124
0.345214
0.333094
0.320772
0.308255
0.295551
0.282668
0.269613
0.256395
0.243021
0.229499
0.215838
0.202046
0.188131
0.174102
0.159968
0.145736
0.131416
0.117016
0.102544
0.0880112
0.0734244
0.0587931
0.0441261
0.0294323
0.0147206
0
0
-0.0142297
-0.0284507
-0.0426545
-0.0568323
-0.0709757
-0.085076
-0.0991246
-0.113113
-0.127033
-0.140875
-0.154633
-0.168296
-0.181857
-0.195308
-0.20864
-0.221845
-0.234916
-0.247844
-0.260622
-0.273241
-0.285695
-0.297975
-0.310074
-0.321985
-0.333701
-0.345214
-0.356517
-0.367604
-0.378468
-0.389102
-0.399499
-0.409655
-0.419561
-0.429213
-0.438604
-0.447729
-0.456582
-0.465158
-0.473452
-0.481458
-0.489172
-0.496588
-0.503704
-0.510513
-0.517013
-0.523199
-0.529067
-0.534614
-0.539836
-0.544731
-0.549295
-0.553525
-0.55742
-0.560976
-0.564191
-0.567064
-0.569593
-0.571776
-0.573612
-0.575099
-0.576237
-0.577026
-0.577464
-0.577552
-0.577289
-0.576675
-0.575712
-0.574399
-0.572737
-0.570728
-0.568372
-0.565671
-0.562626
-0.55924
-0.555515
-0.551452
-0.547054
-0.542325
-0.537266
-0.531881
-0.526173
-0.520145
-0.513802
-0.507147
-0.500184
-0.492917
-0.485351
-0.477491
-0.46934
-0.460905
-0.45219
-0.4432
-0.433941
-0.424419
-0.414639
-0.404608
-0.39433
-0.383814
-0.373064
-0.362088
-0.350892
-0.339483
-0.327868
-0.316054
-0.304048
-0.291857
-0.279489
-0.266952
-0.254252
-0.241398
-0.228398
-0.215259
-0.201989
-0.188597
-0.17509
-0.161477
-0.147765
-0.133964
-0.120082
-0.106127
-0.0921073
-0.0780318
-0.0639089
-0.0497472
-0.0355553
-0.0213418
-0.00711538
0.00711538
0.0213418
0.0355553
0.0497472
0.0639089
0.0780318
0.0921073
0.106127
0.120082
0.133964
0.147765
0.161477
0.17509
0.188597
0.201989
0.215259
0.228398
0.241398
0.254252
0.266952
0.279489
0.291857
0.304048
0.316054
0.327868
0.339483
0.350892
0.362088
0.373064
0.383814
0.39433
0.404608
0.414639
0.424419
0.433941
0.4432
0.45219
0.460905
0.46934
0.477491
0.485351
0.492917
0.500184
0.507147
0.513802
0.520145
0.526173
0.531881
0.537266
0.542325
0.547054
0.551452
0.555515
0.55924
0.562626
0.565671
0.568372
0.570728
0.572737
0.574399
0.575712
0.576675
0.577289
0.577552
0.577464
0.577026
0.576237
0.575099
0.573612
0.571776
0.569593
0.567064
0.564191
0.560976
0.55742
0.553525
0.549295
0.544731
0.539836
0.534614
0.529067
0.523199
0.517013
0.510513
0.503704
0.496588
0.489172
0.481458
0.473452
0.465158
0.456582
0.447729
0.438604
0.429213
0.419561
0.409655
0.399499
0.389102
0.378468
0.367604
0.356517
0.345214
0.333701
0.321985
0.310074
0.297975
0.285695
0.273241
0.260622
0.247844
0.234916
0.221845
0.20864
0.195308
0.181857
0.168296
0.154633
0.140875
0.127033
0.113113
0.0991246
0.085076
0.0709757
0.0568323
0.0426545
0.0284507
0.0142297
0
0
-0.0137301
-0.0274519
-0.041157
-0.0548371
-0.0684839
-0.0820892
-0.0956446
-0.109142
-0.122573
-0.13593
-0.149204
-0.162387
-0.175472
-0.188451
-0.201315
-0.214057
-0.226669
-0.239143
-0.251472
-0.263648
-0.275665
-0.287514
-0.299188
-0.310681
-0.321985
-0.333094
-0.344
-0.354698
-0.36518
-0.375441
-0.385474
-0.395272
-0.404831
-0.414144
-0.423206
-0.43201
-0.440553
-0.448827
-0.45683
-0.464555
-0.471998
-0.479154
-0.48602
-0.49259
-0.498862
-0.50483
-0.510493
-0.515845
-0.520884
-0.525607
-0.53001
-0.534092
-0.53785
-0.541281
-0.544384
-0.547156
-0.549596
-0.551702
-0.553473
-0.554909
-0.556007
-0.556768
-0.557191
-0.557275
-0.557022
-0.55643
-0.5555
-0.554233
-0.55263
-0.550691
-0.548417
-0.545811
-0.542874
-0.539607
-0.536012
-0.532092
-0.527849
-0.523285
-0.518404
-0.513208
-0.5077
-0.501884
-0.495764
-0.489342
-0.482624
-0.475612
-0.468312
-0.460727
-0.452863
-0.444724
-0.436314
-0.42764
-0.418707
-0.409519
-0.400082
-0.390403
-0.380486
-0.370339
-0.359967
-0.349376
-0.338573
-0.327564
-0.316357
-0.304958
-0.293373
-0.281611
-0.269677
-0.25758
-0.245326
-0.232923
-0.220379
-0.207702
-0.194898
-0.181975
-0.168943
-0.155807
-0.142578
-0.129261
-0.115866
-0.102401
-0.0888736
-0.0752922
-0.0616652
-0.0480007
-0.034307
-0.0205925
-0.00686557
0.00686557
0.0205925
0.034307
0.0480007
0.0616652
0.0752922
0.0888736
0.102401
0.115866
0.129261
0.142578
0.155807
0.168943
0.181975
0.194898
0.207702
0.220379
0.232923
0.245326
0.25758
0.269677
0.281611
0.293373
0.304958
0.316357
0.327564
0.338573
0.349376
0.359967
0.370339
0.380486
0.390403
0.400082
0.409519
0.418707
0.42764
0.436314
0.444724
0.452863
0.460727
0.468312
0.475612
0.482624
0.489342
0.495764
0.501884
0.5077
0.513208
0.518404
0.523285
0.527849
0.532092
0.536012
0.539607
0.542874
0.545811
0.548417
0.550691
0.55263
0.554233
0.5555
0.55643
0.557022
0.557275
0.557191
0.556768
0.556007
0.554909
0.553473
0.551702
0.549596
0.547156
0.544384
0.541281
0.53785
0.534092
0.53001
0.525607
0.520884
0.515845
0.510493
0.50483
0.498862
0.49259
0.48602
0.479154
0.471998
0.464555
0.45683
0.448827
0.440553
0.43201
0.423206
0.414144
0.404831
0.395272
0.385474
0.375441
0.36518
0.354698
0.344
0.333094
0.321985
0.310681
0.299188
0.287514
0.275665
0.263648
0.251472
0.239143
0.226669
0.214057
0.201315
0.188451
0.175472
0.162387
0.149204
0.13593
0.122573
0.109142
0.0956446
0.0820892
0.0684839
0.0548371
0.041157
0.0274519
0.0137301
0
0
-0.0132222
-0.0264364
-0.0396345
-0.0528085
-0.0659505
-0.0790525
-0.0921065
-0.105105
-0.118039
-0.130901
-0.143684
-0.15638
-0.168981
-0.18148
-0.193868
-0.206138
-0.218284
-0.230296
-0.242169
-0.253895
-0.265467
-0.276878
-0.288121
-0.299188
-0.310074
-0.320772
-0.331275
-0.341577
-0.351672
-0.361553
-0.371214
-0.38065
-0.389856
-0.398824
-0.40755
-0.416029
-0.424255
-0.432224
-0.439931
-0.44737
-0.454538
-0.461429
-0.468041
-0.474368
-0.480408
-0.486156
-0.491608
-0.496763
-0.501615
-0.506163
-0.510404
-0.514335
-0.517954
-0.521258
-0.524246
-0.526915
-0.529265
-0.531293
-0.532999
-0.534381
-0.535439
-0.536172
-0.536579
-0.53666
-0.536416
-0.535846
-0.534951
-0.533731
-0.532187
-0.530319
-0.52813
-0.52562
-0.522792
-0.519645
-0.516184
-0.512408
-0.508322
-0.503927
-0.499227
-0.494223
-0.488919
-0.483318
-0.477424
-0.47124
-0.46477
-0.458018
-0.450988
-0.443684
-0.436111
-0.428272
-0.420174
-0.411821
-0.403218
-0.39437
-0.385282
-0.375961
-0.366411
-0.356639
-0.346651
-0.336452
-0.326048
-0.315447
-0.304654
-0.293677
-0.282521
-0.271193
-0.259701
-0.248051
-0.236251
-0.224307
-0.212227
-0.200018
-0.187688
-0.175244
-0.162693
-0.150044
-0.137303
-0.124479
-0.11158
-0.098613
-0.085586
-0.072507
-0.059384
-0.046225
-0.0330379
-0.0198308
-0.0066116
0.0066116
0.0198308
0.0330379
0.046225
0.059384
0.072507
0.085586
0.098613
0.11158
0.124479
0.137303
0.150044
0.162693
0.175244
0.187688
0.200018
0.212227
0.224307
0.236251
0.248051
0.259701
0.271193
0.282521
0.293677
0.304654
0.315447
0.326048
0.336452
0.346651
0.356639
0.366411
0.375961
0.385282
0.39437
0.403218
0.411821
0.420174
0.428272
0.436111
0.443684
0.450988
0.458018
0.46477
0.47124
0.477424
0.483318
0.488919
0.494223
0.499227
0.503927
0.508322
0.512408
0.516184
0.519645
0.522792
0.52562
0.52813
0.530319
0.532187
0.533731
0.534951
0.535846
0.536416
0.53666
0.536579
0.536172
0.535439
0.534381
0.532999
0.531293
0.529265
0.526915
0.524246
0.521258
0.517954
0.514335
0.510404
0.506163
0.501615
0.496763
0.491608
0.486156
0.480408
0.474368
0.468041
0.461429
0.454538
0.44737
0.439931
0.432224
0.424255
0.416029
0.40755
0.398824
0.389856
0.38065
0.371214
0.361553
0.351672
0.341577
0.331275
0.320772
0.310074
0.299188
0.288121
0.276878
0.265467
0.253895
0.242169
0.230296
0.218284
0.206138
0.193868
0.18148
0.168981
0.15638
0.143684
0.130901
0.118039
0.105105
0.0921065
0.0790525
0.0659505
0.0528085
0.0396345
0.0264364
0.0132222
0
0
-0.0127063
-0.0254048
-0.0380879
-0.0507479
-0.0633771
-0.0759678
-0.0885124
-0.101003
-0.113433
-0.125794
-0.138078
-0.150278
-0.162388
-0.174398
-0.186303
-0.198095
-0.209766
-0.22131
-0.23272
-0.243988
-0.255109
-0.266074
-0.276878
-0.287514
-0.297975
-0.308255
-0.318349
-0.328249
-0.337949
-0.347445
-0.356729
-0.365797
-0.374643
-0.383262
-0.391648
-0.399796
-0.407701
-0.415359
-0.422764
-0.429913
-0.436801
-0.443424
-0.449778
-0.455858
-0.461662
-0.467186
-0.472426
-0.477379
-0.482042
-0.486413
-0.490488
-0.494265
-0.497743
-0.500918
-0.503789
-0.506355
-0.508613
-0.510562
-0.512201
-0.513529
-0.514546
-0.51525
-0.515641
-0.51572
-0.515485
-0.514937
-0.514077
-0.512904
-0.51142
-0.509626
-0.507522
-0.505111
-0.502392
-0.499369
-0.496042
-0.492414
-0.488487
-0.484264
-0.479747
-0.474938
-0.469841
-0.464459
-0.458795
-0.452852
-0.446635
-0.440146
-0.43339
-0.426371
-0.419093
-0.411561
-0.403779
-0.395752
-0.387484
-0.378981
-0.370248
-0.361291
-0.352114
-0.342723
-0.333124
-0.323323
-0.313326
-0.303138
-0.292767
-0.282217
-0.271497
-0.260611
-0.249567
-0.238372
-0.227032
-0.215554
-0.203946
-0.192213
-0.180364
-0.168406
-0.156345
-0.144189
-0.131946
-0.119622
-0.107226
-0.094765
-0.0822464
-0.0696778
-0.0570669
-0.0444213
-0.0317488
-0.019057
-0.00635361
0.00635361
0.019057
0.0317488
0.0444213
0.0570669
0.0696778
0.0822464
0.094765
0.107226
0.119622
0.131946
0.144189
0.156345
0.168406
0.180364
0.192213
0.203946
0.215554
0.227032
0.238372
0.249567
0.260611
0.271497
0.282217
0.292767
0.303138
0.313326
0.323323
0.333124
0.342723
0.352114
0.361291
0.370248
0.378981
0.387484
0.395752
0.403779
0.411561
0.419093
0.426371
0.43339
0.440146
0.446635
0.452852
0.458795
0.464459
0.469841
0.474938
0.479747
0.484264
0.488487
0.492414
0.496042
0.499369
0.502392
0.505111
0.507522
0.509626
0.51142
0.512904
0.514077
0.514937
0.515485
0.51572
0.515641
0.51525
0.514546
0.513529
0.512201
0.510562
0.508613
0.506355
0.503789
0.500918
0.497743
0.494265
0.490488
0.486413
0.482042
0.477379
0.472426
0.467186
0.461662
0.455858
0.449778
0.443424
0.436801
0.429913
0.422764
0.415359
0.407701
0.399796
0.391648
0.383262
0.374643
0.365797
0.356729
0.347445
0.337949
0.328249
0.318349
0.308255
0.297975
0.287514
0.276878
0.266074
0.255109
0.243988
0.23272
0.22131
0.209766
0.198095
0.186303
0.174398
0.162388
0.150278
0.138078
0.125794
0.113433
0.101003
0.0885124
0.0759678
0.0633771
0.0507479
0.0380879
0.0254048
0.0127063
0
0
-0.0121826
-0.0243578
-0.0365183
-0.0486565
-0.0607652
-0.0728371
-0.0848647
-0.0968407
-0.108758
-0.120609
-0.132387
-0.144085
-0.155695
-0.167211
-0.178625
-0.189931
-0.201121
-0.21219
-0.223129
-0.233933
-0.244595
-0.255109
-0.265467
-0.275665
-0.285695
-0.295552
-0.305229
-0.314721
-0.324022
-0.333126
-0.342028
-0.350722
-0.359203
-0.367467
-0.375507
-0.383319
-0.390899
-0.398241
-0.405341
-0.412196
-0.4188
-0.42515
-0.431242
-0.437072
-0.442636
-0.447932
-0.452956
-0.457705
-0.462176
-0.466367
-0.470274
-0.473896
-0.47723
-0.480274
-0.483027
-0.485487
-0.487652
-0.489521
-0.491092
-0.492366
-0.493341
-0.494016
-0.494391
-0.494466
-0.494241
-0.493716
-0.492891
-0.491767
-0.490344
-0.488623
-0.486606
-0.484294
-0.481687
-0.478789
-0.475599
-0.472121
-0.468356
-0.464307
-0.459975
-0.455365
-0.450478
-0.445318
-0.439887
-0.434189
-0.428228
-0.422007
-0.415529
-0.4088
-0.401822
-0.3946
-0.387138
-0.379442
-0.371515
-0.363363
-0.35499
-0.346401
-0.337602
-0.328599
-0.319395
-0.309998
-0.300413
-0.290645
-0.280701
-0.270587
-0.260308
-0.249871
-0.239282
-0.228548
-0.217676
-0.206671
-0.195541
-0.184292
-0.172931
-0.161465
-0.149902
-0.138247
-0.126508
-0.114692
-0.102807
-0.0908596
-0.0788568
-0.0668062
-0.054715
-0.0425906
-0.0304403
-0.0182716
-0.00609177
0.00609177
0.0182716
0.0304403
0.0425906
0.054715
0.0668062
0.0788568
0.0908596
0.102807
0.114692
0.126508
0.138247
0.149902
0.161465
0.172931
0.184292
0.195541
0.206671
0.217676
0.228548
0.239282
0.249871
0.260308
0.270587
0.280701
0.290645
0.300413
0.309998
0.319395
0.328599
0.337602
0.346401
0.35499
0.363363
0.371515
0.379442
0.387138
0.3946
0.401822
0.4088
0.415529
0.422007
0.428228
0.434189
0.439887
0.445318
0.450478
0.455365
0.459975
0.464307
0.468356
0.472121
0.475599
0.478789
0.481687
0.484294
0.486606
0.488623
0.490344
0.491767
0.492891
0.493716
0.494241
0.494466
0.494391
0.494016
0.493341
0.492366
0.491092
0.489521
0.487652
0.485487
0.483027
0.480274
0.47723
0.473896
0.470274
0.466367
0.462176
0.457705
0.452956
0.447932
0.442636
0.437072
0.431242
0.42515
0.4188
0.412196
0.405341
0.398241
0.390899
0.383319
0.375507
0.367467
0.359203
0.350722
0.342028
0.333126
0.324022
0.314721
0.305229
0.295552
0.285695
0.275665
0.265467
0.255109
0.244595
0.233933
0.223129
0.21219
0.201121
0.189931
0.178625
0.167211
0.155695
0.144085
0.132387
0.120609
0.108758
0.0968407
0.0848647
0.0728371
0.0607652
0.0486565
0.0365183
0.0243578
0.0121826
0
0
-0.0116516
-0.0232961
-0.0349264
-0.0465355
-0.0581164
-0.0696621
-0.0811654
-0.0926194
-0.104017
-0.115352
-0.126617
-0.137804
-0.148908
-0.159922
-0.170839
-0.181652
-0.192354
-0.20294
-0.213403
-0.223736
-0.233933
-0.243988
-0.253895
-0.263648
-0.273241
-0.282668
-0.291924
-0.301002
-0.309897
-0.318605
-0.327119
-0.335434
-0.343546
-0.351449
-0.359138
-0.36661
-0.373859
-0.380881
-0.387672
-0.394228
-0.400544
-0.406617
-0.412444
-0.418019
-0.423341
-0.428406
-0.433211
-0.437753
-0.44203
-0.446037
-0.449775
-0.453239
-0.456427
-0.459339
-0.461972
-0.464324
-0.466395
-0.468182
-0.469686
-0.470904
-0.471836
-0.472481
-0.47284
-0.472912
-0.472697
-0.472194
-0.471405
-0.47033
-0.46897
-0.467324
-0.465395
-0.463183
-0.460691
-0.457918
-0.454867
-0.451541
-0.44794
-0.444067
-0.439925
-0.435515
-0.430842
-0.425906
-0.420712
-0.415263
-0.409562
-0.403611
-0.397416
-0.39098
-0.384306
-0.377399
-0.370263
-0.362902
-0.355321
-0.347524
-0.339516
-0.331301
-0.322886
-0.314275
-0.305473
-0.296485
-0.287318
-0.277976
-0.268465
-0.258792
-0.248961
-0.238979
-0.228852
-0.218586
-0.208187
-0.197662
-0.187017
-0.176259
-0.165393
-0.154427
-0.143367
-0.13222
-0.120993
-0.109693
-0.0983258
-0.086899
-0.0754194
-0.0638941
-0.05233
-0.0407341
-0.0291134
-0.0174751
-0.00582622
0.00582622
0.0174751
0.0291134
0.0407341
0.05233
0.0638941
0.0754194
0.086899
0.0983258
0.109693
0.120993
0.13222
0.143367
0.154427
0.165393
0.176259
0.187017
0.197662
0.208187
0.218586
0.228852
0.238979
0.248961
0.258792
0.268465
0.277976
0.287318
0.296485
0.305473
0.314275
0.322886
0.331301
0.339516
0.347524
0.355321
0.362902
0.370263
0.377399
0.384306
0.39098
0.397416
0.403611
0.409562
0.415263
0.420712
0.425906
0.430842
0.435515
0.439925
0.444067
0.44794
0.451541
0.454867
0.457918
0.460691
0.463183
0.465395
0.467324
0.46897
0.47033
0.471405
0.472194
0.472697
0.472912
0.47284
0.472481
0.471836
0.470904
0.469686
0.468182
0.466395
0.464324
0.461972
0.459339
0.456427
0.453239
0.449775
0.446037
0.44203
0.437753
0.433211
0.428406
0.423341
0.418019
0.412444
0.406617
0.400544
0.394228
0.387672
0.380881
0.373859
0.36661
0.359138
0.351449
0.343546
0.335434
0.327119
0.318605
0.309897
0.301002
0.291924
0.282668
0.273241
0.263648
0.253895
0.243988
0.233933
0.223736
0.213403
0.20294
0.192354
0.181652
0.170839
0.159922
0.148908
0.137804
0.126617
0.115352
0.104017
0.0926194
0.0811654
0.0696621
0.0581164
0.0465355
0.0349264
0.0232961
0.0116516
0
0
-0.0111134
-0.0222201
-0.0333134
-0.0443863
-0.0554324
-0.0664448
-0.0774168
-0.0883419
-0.0992133
-0.110024
-0.120769
-0.13144
-0.142031
-0.152536
-0.162949
-0.173262
-0.183471
-0.193567
-0.203547
-0.213403
-0.223129
-0.23272
-0.242169
-0.251472
-0.260622
-0.269614
-0.278441
-0.2871
-0.295585
-0.30389
-0.312011
-0.319942
-0.327679
-0.335217
-0.342552
-0.349679
-0.356593
-0.363291
-0.369768
-0.376021
-0.382045
-0.387838
-0.393395
-0.398713
-0.40379
-0.408621
-0.413204
-0.417536
-0.421615
-0.425438
-0.429002
-0.432306
-0.435348
-0.438125
-0.440636
-0.44288
-0.444855
-0.44656
-0.447993
-0.449155
-0.450044
-0.45066
-0.451002
-0.451071
-0.450865
-0.450386
-0.449634
-0.448608
-0.447311
-0.445741
-0.443901
-0.441792
-0.439414
-0.436769
-0.43386
-0.430687
-0.427252
-0.423558
-0.419607
-0.415402
-0.410944
-0.406236
-0.401282
-0.396084
-0.390646
-0.384971
-0.379062
-0.372923
-0.366557
-0.359969
-0.353163
-0.346142
-0.33891
-0.331473
-0.323835
-0.316001
-0.307974
-0.29976
-0.291365
-0.282792
-0.274048
-0.265138
-0.256066
-0.246839
-0.237463
-0.227942
-0.218282
-0.208491
-0.198572
-0.188533
-0.17838
-0.168118
-0.157754
-0.147295
-0.136746
-0.126114
-0.115405
-0.104627
-0.0937847
-0.0828856
-0.0719362
-0.0609432
-0.0499131
-0.0388528
-0.0277689
-0.0166681
-0.00555714
0.00555714
0.0166681
0.0277689
0.0388528
0.0499131
0.0609432
0.0719362
0.0828856
0.0937847
0.104627
0.115405
0.126114
0.136746
0.147295
0.157754
0.168118
0.17838
0.188533
0.198572
0.208491
0.218282
0.227942
0.237463
0.246839
0.256066
0.265138
0.274048
0.282792
0.291365
0.29976
0.307974
0.316001
0.323835
0.331473
0.33891
0.346142
0.353163
0.359969
0.366557
0.372923
0.379062
0.384971
0.390646
0.396084
0.401282
0.406236
0.410944
0.415402
0.419607
0.423558
0.427252
0.430687
0.43386
0.436769
0.439414
0.441792
0.443901
0.445741
0.447311
0.448608
0.449634
0.450386
0.450865
0.451071
0.451002
0.45066
0.450044
0.449155
0.447993
0.44656
0.444855
0.44288
0.440636
0.438125
0.435348
0.432306
0.429002
0.425438
0.421615
0.417536
0.413204
0.408621
0.40379
0.398713
0.393395
0.387838
0.382045
0.376021
0.369768
0.363291
0.356593
0.349679
0.342552
0.335217
0.327679
0.319942
0.312011
0.30389
0.295585
0.2871
0.278441
0.269614
0.260622
0.251472
0.242169
0.23272
0.223129
0.213403
0.203547
0.193567
0.183471
0.173262
0.162949
0.152536
0.142031
0.13144
0.120769
0.110024
0.0992133
0.0883419
0.0774168
0.0664448
0.0554324
0.0443863
0.0333134
0.0222201
0.0111134
0
0
-0.0105686
-0.0211307
-0.0316801
-0.0422102
-0.0527147
-0.0631871
-0.0736212
-0.0840107
-0.0943491
-0.10463
-0.114848
-0.124996
-0.135068
-0.145058
-0.15496
-0.164768
-0.174475
-0.184077
-0.193567
-0.20294
-0.21219
-0.22131
-0.230296
-0.239143
-0.247844
-0.256395
-0.26479
-0.273025
-0.281093
-0.288991
-0.296714
-0.304256
-0.311614
-0.318782
-0.325757
-0.332535
-0.33911
-0.345479
-0.351639
-0.357585
-0.363315
-0.368823
-0.374108
-0.379165
-0.383993
-0.388587
-0.392945
-0.397065
-0.400944
-0.404579
-0.407969
-0.411111
-0.414004
-0.416645
-0.419033
-0.421167
-0.423045
-0.424666
-0.426029
-0.427134
-0.42798
-0.428565
-0.428891
-0.428956
-0.428761
-0.428305
-0.427589
-0.426614
-0.42538
-0.423887
-0.422138
-0.420132
-0.41787
-0.415356
-0.412589
-0.409571
-0.406305
-0.402792
-0.399035
-0.395035
-0.390796
-0.386319
-0.381608
-0.376665
-0.371494
-0.366097
-0.360477
-0.354639
-0.348586
-0.342321
-0.335848
-0.329171
-0.322294
-0.315222
-0.307958
-0.300508
-0.292875
-0.285064
-0.27708
-0.268928
-0.260612
-0.252139
-0.243512
-0.234738
-0.22582
-0.216766
-0.207581
-0.198269
-0.188837
-0.17929
-0.169634
-0.159876
-0.15002
-0.140073
-0.130042
-0.119931
-0.109747
-0.0994972
-0.0891866
-0.0788219
-0.0684094
-0.0579553
-0.047466
-0.0369479
-0.0264074
-0.0158509
-0.00528469
0.00528469
0.0158509
0.0264074
0.0369479
0.047466
0.0579553
0.0684094
0.0788219
0.0891866
0.0994972
0.109747
0.119931
0.130042
0.140073
0.15002
0.159876
0.169634
0.17929
0.188837
0.198269
0.207581
0.216766
0.22582
0.234738
0.243512
0.252139
0.260612
0.268928
0.27708
0.285064
0.292875
0.300508
0.307958
0.315222
0.322294
0.329171
0.335848
0.342321
0.348586
0.354639
0.360477
0.366097
0.371494
0.376665
0.381608
0.386319
0.390796
0.395035
0.399035
0.402792
0.406305
0.409571
0.412589
0.415356
0.41787
0.420132
0.422138
0.423887
0.42538
0.426614
0.427589
0.428305
0.428761
0.428956
0.428891
0.428565
0.42798
0.427134
0.426029
0.424666
0.423045
0.421167
0.419033
0.416645
0.414004
0.411111
0.407969
0.404579
0.400944
0.397065
0.392945
0.388587
0.383993
0.379165
0.374108
0.368823
0.363315
0.357585
0.351639
0.345479
0.33911
0.332535
0.325757
0.318782
0.311614
0.304256
0.296714
0.288991
0.281093
0.273025
0.26479
0.256395
0.247844
0.239143
0.230296
0.22131
0.21219
0.20294
0.193567
0.184077
0.174475
0.164768
0.15496
0.145058
0.135068
0.124996
0.114848
0.10463
0.0943491
0.0840107
0.0736212
0.0631871
0.0527147
0.0422102
0.0316801
0.0211307
0.0105686
0
0
-0.0100173
-0.0200285
-0.0300276
-0.0400084
-0.0499649
-0.0598911
-0.069781
-0.0796285
-0.0894276
-0.0991725
-0.108857
-0.118476
-0.128022
-0.137491
-0.146877
-0.156173
-0.165374
-0.174475
-0.183471
-0.192354
-0.201121
-0.209766
-0.218284
-0.226669
-0.234916
-0.243021
-0.250978
-0.258783
-0.266431
-0.273917
-0.281236
-0.288385
-0.295359
-0.302154
-0.308765
-0.315189
-0.321421
-0.327458
-0.333297
-0.338933
-0.344363
-0.349585
-0.354594
-0.359387
-0.363963
-0.368318
-0.372449
-0.376353
-0.38003
-0.383476
-0.386688
-0.389667
-0.392408
-0.394911
-0.397175
-0.399198
-0.400978
-0.402514
-0.403807
-0.404854
-0.405655
-0.40621
-0.406519
-0.406581
-0.406395
-0.405964
-0.405285
-0.404361
-0.403191
-0.401776
-0.400118
-0.398217
-0.396073
-0.39369
-0.391067
-0.388207
-0.385111
-0.381782
-0.37822
-0.374429
-0.370411
-0.366168
-0.361703
-0.357018
-0.352116
-0.347
-0.341674
-0.33614
-0.330403
-0.324464
-0.318329
-0.312001
-0.305483
-0.298779
-0.291895
-0.284833
-0.277598
-0.270194
-0.262627
-0.2549
-0.247018
-0.238987
-0.23081
-0.222493
-0.214041
-0.205459
-0.196753
-0.187927
-0.178987
-0.169938
-0.160786
-0.151536
-0.142195
-0.132767
-0.123258
-0.113675
-0.104023
-0.0943072
-0.0845345
-0.0747104
-0.064841
-0.0549322
-0.0449901
-0.0350206
-0.0250299
-0.015024
-0.00500903
0.00500903
0.015024
0.0250299
0.0350206
0.0449901
0.0549322
0.064841
0.0747104
0.0845345
0.0943072
0.104023
0.113675
0.123258
0.132767
0.142195
0.151536
0.160786
0.169938
0.178987
0.187927
0.196753
0.205459
0.214041
0.222493
0.23081
0.238987
0.247018
0.2549
0.262627
0.270194
0.277598
0.284833
0.291895
0.298779
0.305483
0.312001
0.318329
0.324464
0.330403
0.33614
0.341674
0.347
0.352116
0.357018
0.361703
0.366168
0.370411
0.374429
0.37822
0.381782
0.385111
0.388207
0.391067
0.39369
0.396073
0.398217
0.400118
0.401776
0.403191
0.404361
0.405285
0.405964
0.406395
0.406581
0.406519
0.40621
0.405655
0.404854
0.403807
0.402514
0.400978
0.399198
0.397175
0.394911
0.392408
0.389667
0.386688
0.383476
0.38003
0.376353
0.372449
0.368318
0.363963
0.359387
0.354594
0.349585
0.344363
0.338933
0.333297
0.327458
0.321421
0.315189
0.308765
0.302154
0.295359
0.288385
0.281236
0.273917
0.266431
0.258783
0.250978
0.243021
0.234916
0.226669
0.218284
0.209766
0.201121
0.192354
0.183471
0.174475
0.165374
0.156173
0.146877
0.137491
0.128022
0.118476
0.108857
0.0991725
0.0894276
0.0796285
0.069781
0.0598911
0.0499649
0.0400084
0.0300276
0.0200285
0.0100173
0
0
-0.00945993
-0.0189141
-0.0283568
-0.0377823
-0.0471849
-0.0565588
-0.0658984
-0.0751979
-0.0844518
-0.0936545
-0.1028
-0.111884
-0.120899
-0.129841
-0.138704
-0.147483
-0.156173
-0.164768
-0.173262
-0.181652
-0.189931
-0.198095
-0.206138
-0.214057
-0.221845
-0.229499
-0.237014
-0.244384
-0.251606
-0.258676
-0.265588
-0.27234
-0.278926
-0.285342
-0.291585
-0.297652
-0.303537
-0.309239
-0.314752
-0.320075
-0.325203
-0.330134
-0.334864
-0.339391
-0.343712
-0.347824
-0.351725
-0.355413
-0.358885
-0.362139
-0.365173
-0.367985
-0.370574
-0.372939
-0.375076
-0.376986
-0.378667
-0.380118
-0.381339
-0.382328
-0.383085
-0.383609
-0.3839
-0.383958
-0.383784
-0.383376
-0.382735
-0.381862
-0.380757
-0.379422
-0.377855
-0.37606
-0.374036
-0.371785
-0.369308
-0.366607
-0.363684
-0.360539
-0.357176
-0.353596
-0.349801
-0.345794
-0.341577
-0.337153
-0.332524
-0.327693
-0.322663
-0.317438
-0.312019
-0.306411
-0.300617
-0.294641
-0.288486
-0.282155
-0.275654
-0.268984
-0.262152
-0.255161
-0.248014
-0.240717
-0.233274
-0.225689
-0.217968
-0.210114
-0.202132
-0.194028
-0.185805
-0.17747
-0.169028
-0.160482
-0.15184
-0.143105
-0.134283
-0.12538
-0.1164
-0.10735
-0.0982348
-0.0890599
-0.0798309
-0.0705535
-0.0612332
-0.0518758
-0.0424868
-0.0330721
-0.0236373
-0.0141881
-0.00473033
0.00473033
0.0141881
0.0236373
0.0330721
0.0424868
0.0518758
0.0612332
0.0705535
0.0798309
0.0890599
0.0982348
0.10735
0.1164
0.12538
0.134283
0.143105
0.15184
0.160482
0.169028
0.17747
0.185805
0.194028
0.202132
0.210114
0.217968
0.225689
0.233274
0.240717
0.248014
0.255161
0.262152
0.268984
0.275654
0.282155
0.288486
0.294641
0.300617
0.306411
0.312019
0.317438
0.322663
0.327693
0.332524
0.337153
0.341577
0.345794
0.349801
0.353596
0.357176
0.360539
0.363684
0.366607
0.369308
0.371785
0.374036
0.37606
0.377855
0.379422
0.380757
0.381862
0.382735
0.383376
0.383784
0.383958
0.3839
0.383609
0.383085
0.382328
0.381339
0.380118
0.378667
0.376986
0.375076
0.372939
0.370574
0.367985
0.365173
0.362139
0.358885
0.355413
0.351725
0.347824
0.343712
0.339391
0.334864
0.330134
0.325203
0.320075
0.314752
0.309239
0.303537
0.297652
0.291585
0.285342
0.278926
0.27234
0.265588
0.258676
0.251606
0.244384
0.237014
0.229499
0.221845
0.214057
0.206138
0.198095
0.189931
0.181652
0.173262
0.164768
0.156173
0.147483
0.138704
0.129841
0.120899
0.111884
0.1028
0.0936545
0.0844518
0.0751979
0.0658984
0.0565588
0.0471849
0.0377823
0.0283568
0.0189141
0.00945993
0
0
-0.00889683
-0.0177883
-0.0266689
-0.0355333
-0.0443762
-0.0531921
-0.0619757
-0.0707217
-0.0794248
-0.0880797
-0.096681
-0.105224
-0.113703
-0.122112
-0.130448
-0.138704
-0.146877
-0.15496
-0.162949
-0.170839
-0.178625
-0.186303
-0.193868
-0.201315
-0.20864
-0.215838
-0.222905
-0.229837
-0.236629
-0.243278
-0.249779
-0.256129
-0.262322
-0.268357
-0.274229
-0.279934
-0.285469
-0.290831
-0.296016
-0.301022
-0.305845
-0.310482
-0.314931
-0.319189
-0.323252
-0.32712
-0.330789
-0.334257
-0.337522
-0.340582
-0.343436
-0.346081
-0.348516
-0.350739
-0.35275
-0.354546
-0.356127
-0.357492
-0.358639
-0.359569
-0.360281
-0.360774
-0.361048
-0.361103
-0.360939
-0.360555
-0.359953
-0.359132
-0.358093
-0.356836
-0.355363
-0.353675
-0.351771
-0.349654
-0.347325
-0.344785
-0.342035
-0.339078
-0.335915
-0.332548
-0.328979
-0.325211
-0.321245
-0.317084
-0.31273
-0.308187
-0.303457
-0.298542
-0.293446
-0.288172
-0.282723
-0.277102
-0.271313
-0.26536
-0.259245
-0.252973
-0.246547
-0.239972
-0.233251
-0.226388
-0.219388
-0.212255
-0.204993
-0.197606
-0.1901
-0.182478
-0.174745
-0.166906
-0.158966
-0.15093
-0.142801
-0.134586
-0.12629
-0.117916
-0.109471
-0.10096
-0.0923874
-0.0837586
-0.075079
-0.0663538
-0.0575883
-0.0487878
-0.0399578
-0.0311035
-0.0222303
-0.0133436
-0.00444875
0.00444875
0.0133436
0.0222303
0.0311035
0.0399578
0.0487878
0.0575883
0.0663538
0.075079
0.0837586
0.0923874
0.10096
0.109471
0.117916
0.12629
0.134586
0.142801
0.15093
0.158966
0.166906
0.174745
0.182478
0.1901
0.197606
0.204993
0.212255
0.219388
0.226388
0.233251
0.239972
0.246547
0.252973
0.259245
0.26536
0.271313
0.277102
0.282723
0.288172
0.293446
0.298542
0.303457
0.308187
0.31273
0.317084
0.321245
0.325211
0.328979
0.332548
0.335915
0.339078
0.342035
0.344785
0.347325
0.349654
0.351771
0.353675
0.355363
0.356836
0.358093
0.359132
0.359953
0.360555
0.360939
0.361103
0.361048
0.360774
0.360281
0.359569
0.358639
0.357492
0.356127
0.354546
0.35275
0.350739
0.348516
0.346081
0.343436
0.340582
0.337522
0.334257
0.330789
0.32712
0.323252
0.319189
0.314931
0.310482
0.305845
0.301022
0.296016
0.290831
0.285469
0.279934
0.274229
0.268357
0.262322
0.256129
0.249779
0.243278
0.236629
0.229837
0.222905
0.215838
0.20864
0.201315
0.193868
0.186303
0.178625
0.170839
0.162949
0.15496
0.146877
0.138704
0.130448
0.122112
0.113703
0.105224
0.096681
0.0880797
0.0794248
0.0707217
0.0619757
0.0531921
0.0443762
0.0355333
0.0266689
0.0177883
0.00889683
0
0
-0.00832832
-0.0166516
-0.0249647
-0.0332627
-0.0415405
-0.0497931
-0.0580155
-0.0662026
-0.0743496
-0.0824514
-0.0905031
-0.0984999
-0.106437
-0.114309
-0.122112
-0.129841
-0.137491
-0.145058
-0.152536
-0.159922
-0.167211
-0.174398
-0.18148
-0.188451
-0.195308
-0.202046
-0.208662
-0.215151
-0.221509
-0.227733
-0.233818
-0.239762
-0.24556
-0.251209
-0.256705
-0.262046
-0.267228
-0.272247
-0.277101
-0.281787
-0.286301
-0.290642
-0.294807
-0.298792
-0.302596
-0.306217
-0.309651
-0.312898
-0.315954
-0.318819
-0.32149
-0.323966
-0.326246
-0.328327
-0.330209
-0.33189
-0.33337
-0.334648
-0.335722
-0.336593
-0.337259
-0.337721
-0.337977
-0.338029
-0.337875
-0.337516
-0.336952
-0.336183
-0.335211
-0.334034
-0.332656
-0.331075
-0.329293
-0.327311
-0.325131
-0.322753
-0.320179
-0.317411
-0.31445
-0.311298
-0.307958
-0.30443
-0.300717
-0.296822
-0.292747
-0.288494
-0.284066
-0.279465
-0.274695
-0.269758
-0.264657
-0.259395
-0.253976
-0.248403
-0.242679
-0.236808
-0.230793
-0.224638
-0.218346
-0.211922
-0.205369
-0.198692
-0.191894
-0.184979
-0.177952
-0.170818
-0.163579
-0.156241
-0.148808
-0.141285
-0.133676
-0.125986
-0.11822
-0.110382
-0.102476
-0.0945087
-0.0864838
-0.0784064
-0.0702814
-0.0621138
-0.0539084
-0.0456703
-0.0374045
-0.0291159
-0.0208097
-0.0124909
-0.00416448
0.00416448
0.0124909
0.0208097
0.0291159
0.0374045
0.0456703
0.0539084
0.0621138
0.0702814
0.0784064
0.0864838
0.0945087
0.102476
0.110382
0.11822
0.125986
0.133676
0.141285
0.148808
0.156241
0.163579
0.170818
0.177952
0.184979
0.191894
0.198692
0.205369
0.211922
0.218346
0.224638
0.230793
0.236808
0.242679
0.248403
0.253976
0.259395
0.264657
0.269758
0.274695
0.279465
0.284066
0.288494
0.292747
0.296822
0.300717
0.30443
0.307958
0.311298
0.31445
0.317411
0.320179
0.322753
0.325131
0.327311
0.329293
0.331075
0.332656
0.334034
0.335211
0.336183
0.336952
0.337516
0.337875
0.338029
0.337977
0.337721
0.337259
0.336593
0.335722
0.334648
0.33337
0.33189
0.330209
0.328327
0.326246
0.323966
0.32149
0.318819
0.315954
0.312898
0.309651
0.306217
0.302596
0.298792
0.294807
0.290642
0.286301
0.281787
0.277101
0.272247
0.267228
0.262046
0.256705
0.251209
0.24556
0.239762
0.233818
0.227733
0.221509
0.215151
0.208662
0.202046
0.195308
0.188451
0.18148
0.174398
0.167211
0.159922
0.152536
0.145058
0.137491
0.129841
0.122112
0.114309
0.106437
0.0984999
0.0905031
0.0824514
0.0743496
0.0662026
0.0580155
0.0497931
0.0415405
0.0332627
0.0249647
0.0166516
0.00832832
0
0
-0.00775475
-0.0155048
-0.0232454
-0.030972
-0.0386797
-0.0463639
-0.05402
-0.0616433
-0.0692292
-0.076773
-0.0842702
-0.0917163
-0.0991067
-0.106437
-0.113703
-0.120899
-0.128022
-0.135068
-0.142031
-0.148908
-0.155695
-0.162388
-0.168981
-0.175472
-0.181857
-0.188131
-0.194291
-0.200333
-0.206254
-0.212049
-0.217715
-0.22325
-0.228648
-0.233908
-0.239026
-0.243999
-0.248824
-0.253497
-0.258017
-0.26238
-0.266584
-0.270626
-0.274504
-0.278215
-0.281757
-0.285128
-0.288326
-0.291349
-0.294195
-0.296862
-0.29935
-0.301655
-0.303777
-0.305715
-0.307468
-0.309033
-0.310411
-0.311601
-0.312601
-0.313412
-0.314032
-0.314462
-0.314701
-0.314749
-0.314605
-0.314271
-0.313746
-0.313031
-0.312125
-0.31103
-0.309746
-0.308274
-0.306615
-0.30477
-0.302739
-0.300525
-0.298129
-0.295551
-0.292794
-0.289859
-0.286749
-0.283464
-0.280007
-0.27638
-0.272586
-0.268626
-0.264502
-0.260219
-0.255777
-0.25118
-0.24643
-0.241531
-0.236485
-0.231296
-0.225966
-0.220499
-0.214898
-0.209167
-0.203309
-0.197327
-0.191226
-0.185008
-0.178678
-0.17224
-0.165697
-0.159054
-0.152313
-0.145481
-0.13856
-0.131555
-0.12447
-0.11731
-0.110078
-0.10278
-0.0954188
-0.088
-0.0805277
-0.0730066
-0.0654412
-0.057836
-0.0501958
-0.042525
-0.0348285
-0.0271108
-0.0193766
-0.0116307
-0.00387767
0.00387767
0.0116307
0.0193766
0.0271108
0.0348285
0.042525
0.0501958
0.057836
0.0654412
0.0730066
0.0805277
0.088
0.0954188
0.10278
0.110078
0.11731
0.12447
0.131555
0.13856
0.145481
0.152313
0.159054
0.165697
0.17224
0.178678
0.185008
0.191226
0.197327
0.203309
0.209167
0.214898
0.220499
0.225966
0.231296
0.236485
0.241531
0.24643
0.25118
0.255777
0.260219
0.264502
0.268626
0.272586
0.27638
0.280007
0.283464
0.286749
0.289859
0.292794
0.295551
0.298129
0.300525
0.302739
0.30477
0.306615
0.308274
0.309746
0.31103
0.312125
0.313031
0.313746
0.314271
0.314605
0.314749
0.314701
0.314462
0.314032
0.313412
0.312601
0.311601
0.310411
0.309033
0.307468
0.305715
0.303777
0.301655
0.29935
0.296862
0.294195
0.291349
0.288326
0.285128
0.281757
0.278215
0.274504
0.270626
0.266584
0.26238
0.258017
0.253497
0.248824
0.243999
0.239026
0.233908
0.228648
0.22325
0.217715
0.212049
0.206254
0.200333
0.194291
0.188131
0.181857
0.175472
0.168981
0.162388
0.155695
0.148908
0.142031
0.135068
0.128022
0.120899
0.113703
0.106437
0.0991067
0.0917163
0.0842702
0.076773
0.0692292
0.0616433
0.05402
0.0463639
0.0386797
0.030972
0.0232454
0.0155048
0.00775475
0
0
-0.00717648
-0.0143486
-0.021512
-0.0286624
-0.0357953
-0.0429066
-0.0499917
-0.0570466
-0.0640667
-0.071048
-0.0779862
-0.084877
-0.0917163
-0.0984999
-0.105224
-0.111884
-0.118476
-0.124996
-0.13144
-0.137804
-0.144085
-0.150278
-0.15638
-0.162387
-0.168296
-0.174102
-0.179803
-0.185394
-0.190873
-0.196236
-0.20148
-0.206602
-0.211598
-0.216466
-0.221202
-0.225804
-0.230269
-0.234594
-0.238777
-0.242815
-0.246705
-0.250446
-0.254034
-0.257468
-0.260746
-0.263866
-0.266825
-0.269623
-0.272257
-0.274725
-0.277027
-0.279161
-0.281125
-0.282918
-0.28454
-0.285989
-0.287264
-0.288365
-0.289291
-0.290041
-0.290615
-0.291013
-0.291234
-0.291278
-0.291145
-0.290836
-0.29035
-0.289688
-0.28885
-0.287836
-0.286648
-0.285286
-0.283751
-0.282043
-0.280164
-0.278115
-0.275897
-0.273512
-0.27096
-0.268245
-0.265366
-0.262326
-0.259127
-0.255771
-0.252259
-0.248594
-0.244778
-0.240814
-0.236703
-0.232449
-0.228054
-0.22352
-0.218851
-0.214048
-0.209116
-0.204057
-0.198873
-0.19357
-0.188148
-0.182613
-0.176966
-0.171212
-0.165354
-0.159396
-0.153341
-0.147193
-0.140955
-0.134632
-0.128228
-0.121745
-0.115188
-0.108562
-0.10187
-0.0951153
-0.0883034
-0.0814378
-0.0745228
-0.0675625
-0.0605612
-0.0535232
-0.0464527
-0.0393539
-0.0322313
-0.0250891
-0.0179317
-0.0107634
-0.00358851
0.00358851
0.0107634
0.0179317
0.0250891
0.0322313
0.0393539
0.0464527
0.0535232
0.0605612
0.0675625
0.0745228
0.0814378
0.0883034
0.0951153
0.10187
0.108562
0.115188
0.121745
0.128228
0.134632
0.140955
0.147193
0.153341
0.159396
0.165354
0.171212
0.176966
0.182613
0.188148
0.19357
0.198873
0.204057
0.209116
0.214048
0.218851
0.22352
0.228054
0.232449
0.236703
0.240814
0.244778
0.248594
0.252259
0.255771
0.259127
0.262326
0.265366
0.268245
0.27096
0.273512
0.275897
0.278115
0.280164
0.282043
0.283751
0.285286
0.286648
0.287836
0.28885
0.289688
0.29035
0.290836
0.291145
0.291278
0.291234
0.291013
0.290615
0.290041
0.289291
0.288365
0.287264
0.285989
0.28454
0.282918
0.281125
0.279161
0.277027
0.274725
0.272257
0.269623
0.266825
0.263866
0.260746
0.257468
0.254034
0.250446
0.246705
0.242815
0.238777
0.234594
0.230269
0.225804
0.221202
0.216466
0.211598
0.206602
0.20148
0.196236
0.190873
0.185394
0.179803
0.174102
0.168296
0.162387
0.15638
0.150278
0.144085
0.137804
0.13144
0.124996
0.118476
0.111884
0.105224
0.0984999
0.0917163
0.084877
0.0779862
0.071048
0.0640667
0.0570466
0.0499917
0.0429066
0.0357953
0.0286624
0.021512
0.0143486
0.00717648
0
0
-0.00659385
-0.0131837
-0.0197656
-0.0263354
-0.0328893
-0.0394231
-0.0459331
-0.0524152
-0.0588654
-0.0652799
-0.0716548
-0.0779862
-0.0842702
-0.0905031
-0.0966811
-0.1028
-0.108857
-0.114848
-0.120769
-0.126617
-0.132387
-0.138078
-0.143685
-0.149204
-0.154633
-0.159968
-0.165206
-0.170343
-0.175377
-0.180305
-0.185123
-0.189829
-0.194419
-0.198892
-0.203244
-0.207472
-0.211574
-0.215548
-0.219392
-0.223102
-0.226676
-0.230113
-0.23341
-0.236566
-0.239577
-0.242444
-0.245163
-0.247733
-0.250153
-0.252422
-0.254536
-0.256497
-0.258301
-0.259949
-0.261439
-0.26277
-0.263942
-0.264954
-0.265804
-0.266494
-0.267021
-0.267387
-0.26759
-0.26763
-0.267508
-0.267224
-0.266778
-0.266169
-0.265399
-0.264468
-0.263376
-0.262125
-0.260714
-0.259145
-0.257419
-0.255536
-0.253498
-0.251307
-0.248962
-0.246467
-0.243822
-0.241029
-0.23809
-0.235006
-0.231779
-0.228412
-0.224906
-0.221263
-0.217487
-0.213578
-0.209539
-0.205373
-0.201083
-0.196671
-0.192139
-0.18749
-0.182728
-0.177854
-0.172873
-0.167787
-0.162599
-0.157312
-0.15193
-0.146455
-0.140892
-0.135243
-0.129512
-0.123702
-0.117817
-0.111861
-0.105837
-0.0997482
-0.0935992
-0.0873933
-0.0811344
-0.0748262
-0.0684726
-0.0620774
-0.0556445
-0.0491779
-0.0426814
-0.0361589
-0.0296146
-0.0230522
-0.0164759
-0.00988953
-0.00329718
0.00329718
0.00988953
0.0164759
0.0230522
0.0296146
0.0361589
0.0426814
0.0491779
0.0556445
0.0620774
0.0684726
0.0748262
0.0811344
0.0873933
0.0935992
0.0997482
0.105837
0.111861
0.117817
0.123702
0.129512
0.135243
0.140892
0.146455
0.15193
0.157312
0.162599
0.167787
0.172873
0.177854
0.182728
0.18749
0.192139
0.196671
0.201083
0.205373
0.209539
0.213578
0.217487
0.221263
0.224906
0.228412
0.231779
0.235006
0.23809
0.241029
0.243822
0.246467
0.248962
0.251307
0.253498
0.255536
0.257419
0.259145
0.260714
0.262125
0.263376
0.264468
0.265399
0.266169
0.266778
0.267224
0.267508
0.26763
0.26759
0.267387
0.267021
0.266494
0.265804
0.264954
0.263942
0.26277
0.261439
0.259949
0.258301
0.256497
0.254536
0.252422
0.250153
0.247733
0.245163
0.242444
0.239577
0.236566
0.23341
0.230113
0.226676
0.223102
0.219392
0.215548
0.211574
0.207472
0.203244
0.198892
0.194419
0.189829
0.185123
0.180305
0.175377
0.170343
0.165206
0.159968
0.154633
0.149204
0.143685
0.138078
0.132387
0.126617
0.120769
0.114848
0.108857
0.1028
0.0966811
0.0905031
0.0842702
0.0779862
0.0716548
0.0652799
0.0588654
0.0524152
0.0459331
0.0394231
0.0328893
0.0263354
0.0197656
0.0131837
0.00659385
0
0
-0.00600722
-0.0120108
-0.0180071
-0.0239924
-0.0299632
-0.0359158
-0.0418466
-0.047752
-0.0536284
-0.0594722
-0.0652799
-0.071048
-0.076773
-0.0824514
-0.0880797
-0.0936545
-0.0991725
-0.10463
-0.110024
-0.115352
-0.120609
-0.125794
-0.130901
-0.13593
-0.140876
-0.145736
-0.150508
-0.155188
-0.159774
-0.164264
-0.168653
-0.17294
-0.177123
-0.181197
-0.185162
-0.189014
-0.192751
-0.196372
-0.199873
-0.203253
-0.206509
-0.209641
-0.212644
-0.215519
-0.218263
-0.220874
-0.223352
-0.225693
-0.227898
-0.229964
-0.231891
-0.233677
-0.235321
-0.236822
-0.23818
-0.239393
-0.24046
-0.241382
-0.242157
-0.242785
-0.243265
-0.243598
-0.243783
-0.24382
-0.243709
-0.24345
-0.243043
-0.242489
-0.241788
-0.240939
-0.239945
-0.238804
-0.237519
-0.23609
-0.234517
-0.232802
-0.230945
-0.228949
-0.226813
-0.22454
-0.22213
-0.219585
-0.216908
-0.214098
-0.211158
-0.208091
-0.204897
-0.201578
-0.198137
-0.194576
-0.190897
-0.187102
-0.183193
-0.179173
-0.175045
-0.17081
-0.166471
-0.162031
-0.157493
-0.15286
-0.148133
-0.143317
-0.138413
-0.133426
-0.128357
-0.123211
-0.11799
-0.112697
-0.107336
-0.101909
-0.0964208
-0.090874
-0.085272
-0.0796182
-0.0739161
-0.0681692
-0.0623808
-0.0565546
-0.050694
-0.0448027
-0.0388842
-0.032942
-0.0269799
-0.0210013
-0.0150101
-0.00900969
-0.00300384
0.00300384
0.00900969
0.0150101
0.0210013
0.0269799
0.032942
0.0388842
0.0448027
0.050694
0.0565546
0.0623808
0.0681692
0.0739161
0.0796182
0.085272
0.090874
0.0964208
0.101909
0.107336
0.112697
0.11799
0.123211
0.128357
0.133426
0.138413
0.143317
0.148133
0.15286
0.157493
0.162031
0.166471
0.17081
0.175045
0.179173
0.183193
0.187102
0.190897
0.194576
0.198137
0.201578
0.204897
0.208091
0.211158
0.214098
0.216908
0.219585
0.22213
0.22454
0.226813
0.228949
0.230945
0.232802
0.234517
0.23609
0.237519
0.238804
0.239945
0.240939
0.241788
0.242489
0.243043
0.24345
0.243709
0.24382
0.243783
0.243598
0.243265
0.242785
0.242157
0.241382
0.24046
0.239393
0.23818
0.236822
0.235321
0.233677
0.231891
0.229964
0.227898
0.225693
0.223352
0.220874
0.218263
0.215519
0.212644
0.209641
0.206509
0.203253
0.199873
0.196372
0.192751
0.189014
0.185162
0.181197
0.177123
0.17294
0.168653
0.164264
0.159774
0.155188
0.150508
0.145736
0.140876
0.13593
0.130901
0.125794
0.120609
0.115352
0.110024
0.10463
0.0991725
0.0936545
0.0880797
0.0824514
0.076773
0.071048
0.0652799
0.0594722
0.0536284
0.047752
0.0418466
0.0359158
0.0299632
0.0239924
0.0180071
0.0120108
0.00600722
0
0
-0.00541694
-0.0108306
-0.0162377
-0.0216349
-0.027019
-0.0323867
-0.0377347
-0.0430598
-0.0483588
-0.0536284
-0.0588654
-0.0640668
-0.0692292
-0.0743496
-0.0794248
-0.0844519
-0.0894276
-0.0943491
-0.0992133
-0.104017
-0.108758
-0.113433
-0.118039
-0.122573
-0.127033
-0.131416
-0.135719
-0.139939
-0.144075
-0.148123
-0.152081
-0.155947
-0.159718
-0.163392
-0.166967
-0.170441
-0.173811
-0.177076
-0.180233
-0.183281
-0.186217
-0.189041
-0.19175
-0.194342
-0.196816
-0.199171
-0.201405
-0.203516
-0.205504
-0.207368
-0.209105
-0.210716
-0.212198
-0.213552
-0.214776
-0.21587
-0.216832
-0.217663
-0.218362
-0.218928
-0.219362
-0.219662
-0.219829
-0.219862
-0.219762
-0.219528
-0.219162
-0.218662
-0.218029
-0.217264
-0.216367
-0.215339
-0.21418
-0.212891
-0.211473
-0.209926
-0.208252
-0.206452
-0.204526
-0.202476
-0.200303
-0.198009
-0.195594
-0.19306
-0.19041
-0.187643
-0.184763
-0.181771
-0.178668
-0.175457
-0.172139
-0.168717
-0.165192
-0.161568
-0.157845
-0.154026
-0.150113
-0.14611
-0.142018
-0.137839
-0.133577
-0.129234
-0.124812
-0.120315
-0.115745
-0.111104
-0.106396
-0.101623
-0.0967886
-0.0918953
-0.0869463
-0.0819446
-0.076893
-0.0717948
-0.066653
-0.0614708
-0.0562512
-0.0509974
-0.0457127
-0.0404003
-0.0350633
-0.0297051
-0.0243288
-0.0189377
-0.0135352
-0.00812439
-0.00270868
0.00270868
0.00812439
0.0135352
0.0189377
0.0243288
0.0297051
0.0350633
0.0404003
0.0457127
0.0509974
0.0562512
0.0614708
0.066653
0.0717948
0.076893
0.0819446
0.0869463
0.0918953
0.0967886
0.101623
0.106396
0.111104
0.115745
0.120315
0.124812
0.129234
0.133577
0.137839
0.142018
0.14611
0.150113
0.154026
0.157845
0.161568
0.165192
0.168717
0.172139
0.175457
0.178668
0.181771
0.184763
0.187643
0.19041
0.19306
0.195594
0.198009
0.200303
0.202476
0.204526
0.206452
0.208252
0.209926
0.211473
0.212891
0.21418
0.215339
0.216367
0.217264
0.218029
0.218662
0.219162
0.219528
0.219762
0.219862
0.219829
0.219662
0.219362
0.218928
0.218362
0.217663
0.216832
0.21587
0.214776
0.213552
0.212198
0.210716
0.209105
0.207368
0.205504
0.203516
0.201405
0.199171
0.196816
0.194342
0.19175
0.189041
0.186217
0.183281
0.180233
0.177076
0.173811
0.170441
0.166967
0.163392
0.159718
0.155947
0.152081
0.148123
0.144075
0.139939
0.135719
0.131416
0.127033
0.122573
0.118039
0.113433
0.108758
0.104017
0.0992133
0.0943491
0.0894276
0.0844519
0.0794248
0.0743496
0.0692292
0.0640668
0.0588654
0.0536284
0.0483588
0.0430598
0.0377347
0.0323867
0.027019
0.0216349
0.0162377
0.0108306
0.00541694
0
0
-0.00482337
-0.00964382
-0.0144584
-0.0192642
-0.0240583
-0.0288379
-0.0335999
-0.0383415
-0.0430598
-0.047752
-0.0524152
-0.0570466
-0.0616433
-0.0662026
-0.0707218
-0.075198
-0.0796285
-0.0840107
-0.0883419
-0.0926195
-0.0968408
-0.101003
-0.105105
-0.109142
-0.113113
-0.117016
-0.120847
-0.124605
-0.128288
-0.131892
-0.135417
-0.138859
-0.142217
-0.145488
-0.148672
-0.151765
-0.154766
-0.157673
-0.160484
-0.163198
-0.165812
-0.168327
-0.170738
-0.173047
-0.17525
-0.177347
-0.179336
-0.181216
-0.182986
-0.184645
-0.186192
-0.187626
-0.188946
-0.190152
-0.191242
-0.192215
-0.193073
-0.193812
-0.194435
-0.194939
-0.195325
-0.195592
-0.195741
-0.19577
-0.195681
-0.195473
-0.195147
-0.194702
-0.194138
-0.193457
-0.192659
-0.191743
-0.190711
-0.189563
-0.188301
-0.186923
-0.185433
-0.18383
-0.182115
-0.180289
-0.178355
-0.176312
-0.174161
-0.171906
-0.169545
-0.167082
-0.164518
-0.161853
-0.15909
-0.156231
-0.153277
-0.15023
-0.147091
-0.143864
-0.140549
-0.137148
-0.133665
-0.1301
-0.126456
-0.122735
-0.11894
-0.115073
-0.111136
-0.107131
-0.103062
-0.0989296
-0.0947373
-0.0904875
-0.0861828
-0.0818258
-0.0774191
-0.0729654
-0.0684674
-0.0639278
-0.0593494
-0.054735
-0.0500874
-0.0454093
-0.0407037
-0.0359734
-0.0312212
-0.0264501
-0.0216629
-0.0168626
-0.012052
-0.00723415
-0.00241187
0.00241187
0.00723415
0.012052
0.0168626
0.0216629
0.0264501
0.0312212
0.0359734
0.0407037
0.0454093
0.0500874
0.054735
0.0593494
0.0639278
0.0684674
0.0729654
0.0774191
0.0818258
0.0861828
0.0904875
0.0947373
0.0989296
0.103062
0.107131
0.111136
0.115073
0.11894
0.122735
0.126456
0.1301
0.133665
0.137148
0.140549
0.143864
0.147091
0.15023
0.153277
0.156231
0.15909
0.161853
0.164518
0.167082
0.169545
0.171906
0.174161
0.176312
0.178355
0.180289
0.182115
0.18383
0.185433
0.186923
0.188301
0.189563
0.190711
0.191743
0.192659
0.193457
0.194138
0.194702
0.195147
0.195473
0.195681
0.19577
0.195741
0.195592
0.195325
0.194939
0.194435
0.193812
0.193073
0.192215
0.191242
0.190152
0.188946
0.187626
0.186192
0.184645
0.182986
0.181216
0.179336
0.177347
0.17525
0.173047
0.170738
0.168327
0.165812
0.163198
0.160484
0.157673
0.154766
0.151765
0.148672
0.145488
0.142217
0.138859
0.135417
0.131892
0.128288
0.124605
0.120847
0.117016
0.113113
0.109142
0.105105
0.101003
0.0968408
0.0926195
0.0883419
0.0840107
0.0796285
0.075198
0.0707218
0.0662026
0.0616433
0.0570466
0.0524152
0.047752
0.0430598
0.0383415
0.0335999
0.0288379
0.0240583
0.0192642
0.0144584
0.00964382
0.00482337
0
0
-0.00422688
-0.00845119
-0.0126704
-0.0168819
-0.0210831
-0.0252715
-0.0294446
-0.0335999
-0.0377347
-0.0418466
-0.0459331
-0.0499917
-0.05402
-0.0580155
-0.0619757
-0.0658984
-0.069781
-0.0736213
-0.0774168
-0.0811654
-0.0848647
-0.0885125
-0.0921065
-0.0956446
-0.0991247
-0.102545
-0.105902
-0.109196
-0.112423
-0.115581
-0.11867
-0.121687
-0.124629
-0.127496
-0.130286
-0.132996
-0.135626
-0.138174
-0.140637
-0.143015
-0.145307
-0.14751
-0.149624
-0.151646
-0.153577
-0.155414
-0.157158
-0.158805
-0.160357
-0.161811
-0.163166
-0.164423
-0.16558
-0.166636
-0.167591
-0.168445
-0.169196
-0.169844
-0.170389
-0.170831
-0.171169
-0.171404
-0.171534
-0.17156
-0.171482
-0.1713
-0.171013
-0.170623
-0.17013
-0.169533
-0.168833
-0.168031
-0.167126
-0.16612
-0.165014
-0.163807
-0.162501
-0.161096
-0.159593
-0.157993
-0.156298
-0.154507
-0.152623
-0.150646
-0.148578
-0.146419
-0.144172
-0.141837
-0.139416
-0.13691
-0.134322
-0.131651
-0.128901
-0.126072
-0.123167
-0.120187
-0.117135
-0.114011
-0.110817
-0.107557
-0.104231
-0.100842
-0.097392
-0.0938827
-0.0903163
-0.0866952
-0.0830214
-0.0792971
-0.0755248
-0.0717066
-0.0678448
-0.0639419
-0.0600002
-0.056022
-0.0520098
-0.0479661
-0.0438932
-0.0397937
-0.03567
-0.0315246
-0.0273602
-0.0231791
-0.0189839
-0.0147772
-0.0105616
-0.00633951
-0.0021136
0.0021136
0.00633951
0.0105616
0.0147772
0.0189839
0.0231791
0.0273602
0.0315246
0.03567
0.0397937
0.0438932
0.0479661
0.0520098
0.056022
0.0600002
0.0639419
0.0678448
0.0717066
0.0755248
0.0792971
0.0830214
0.0866952
0.0903163
0.0938827
0.097392
0.100842
0.104231
0.107557
0.110817
0.114011
0.117135
0.120187
0.123167
0.126072
0.128901
0.131651
0.134322
0.13691
0.139416
0.141837
0.144172
0.146419
0.148578
0.150646
0.152623
0.154507
0.156298
0.157993
0.159593
0.161096
0.162501
0.163807
0.165014
0.16612
0.167126
0.168031
0.168833
0.169533
0.17013
0.170623
0.171013
0.1713
0.171482
0.17156
0.171534
0.171404
0.171169
0.170831
0.170389
0.169844
0.169196
0.168445
0.167591
0.166636
0.16558
0.164423
0.163166
0.161811
0.160357
0.158805
0.157158
0.155414
0.153577
0.151646
0.149624
0.14751
0.145307
0.143015
0.140637
0.138174
0.135626
0.132996
0.130286
0.127496
0.124629
0.121687
0.11867
0.115581
0.112423
0.109196
0.105902
0.102545
0.0991247
0.0956446
0.0921065
0.0885125
0.0848647
0.0811654
0.0774168
0.0736213
0.069781
0.0658984
0.0619757
0.0580155
0.05402
0.0499917
0.0459331
0.0418466
0.0377347
0.0335999
0.0294446
0.0252715
0.0210831
0.0168819
0.0126704
0.00845119
0.00422688
0
0
-0.00362782
-0.00725343
-0.0108746
-0.0144892
-0.0180951
-0.0216899
-0.0252715
-0.0288379
-0.0323867
-0.0359158
-0.0394232
-0.0429066
-0.0463639
-0.0497931
-0.0531921
-0.0565588
-0.0598912
-0.0631872
-0.0664448
-0.0696621
-0.0728371
-0.0759679
-0.0790525
-0.0820892
-0.085076
-0.0880112
-0.090893
-0.0937196
-0.0964892
-0.0992003
-0.101851
-0.10444
-0.106966
-0.109427
-0.111821
-0.114147
-0.116404
-0.118591
-0.120705
-0.122746
-0.124713
-0.126604
-0.128418
-0.130154
-0.131811
-0.133388
-0.134884
-0.136298
-0.13763
-0.138878
-0.140041
-0.14112
-0.142113
-0.143019
-0.143839
-0.144571
-0.145216
-0.145773
-0.146241
-0.14662
-0.14691
-0.147111
-0.147223
-0.147245
-0.147178
-0.147022
-0.146776
-0.146441
-0.146018
-0.145505
-0.144905
-0.144216
-0.14344
-0.142577
-0.141627
-0.140591
-0.13947
-0.138264
-0.136974
-0.135602
-0.134146
-0.13261
-0.130992
-0.129296
-0.127521
-0.125668
-0.123739
-0.121735
-0.119657
-0.117506
-0.115285
-0.112993
-0.110632
-0.108204
-0.105711
-0.103154
-0.100533
-0.0978522
-0.0951116
-0.0923133
-0.0894589
-0.0865502
-0.083589
-0.080577
-0.0775161
-0.0744081
-0.071255
-0.0680586
-0.0648209
-0.0615438
-0.0582294
-0.0548796
-0.0514965
-0.0480822
-0.0446386
-0.041168
-0.0376723
-0.0341538
-0.0306146
-0.0270568
-0.0234825
-0.019894
-0.0162934
-0.0126829
-0.00906472
-0.00544103
-0.00181405
0.00181405
0.00544103
0.00906472
0.0126829
0.0162934
0.019894
0.0234825
0.0270568
0.0306146
0.0341538
0.0376723
0.041168
0.0446386
0.0480822
0.0514965
0.0548796
0.0582294
0.0615438
0.0648209
0.0680586
0.071255
0.0744081
0.0775161
0.080577
0.083589
0.0865502
0.0894589
0.0923133
0.0951116
0.0978522
0.100533
0.103154
0.105711
0.108204
0.110632
0.112993
0.115285
0.117506
0.119657
0.121735
0.123739
0.125668
0.127521
0.129296
0.130992
0.13261
0.134146
0.135602
0.136974
0.138264
0.13947
0.140591
0.141627
0.142577
0.14344
0.144216
0.144905
0.145505
0.146018
0.146441
0.146776
0.147022
0.147178
0.147245
0.147223
0.147111
0.14691
0.14662
0.146241
0.145773
0.145216
0.144571
0.143839
0.143019
0.142113
0.14112
0.140041
0.138878
0.13763
0.136298
0.134884
0.133388
0.131811
0.130154
0.128418
0.126604
0.124713
0.122746
0.120705
0.118591
0.116404
0.114147
0.111821
0.109427
0.106966
0.10444
0.101851
0.0992003
0.0964892
0.0937196
0.090893
0.0880112
0.085076
0.0820892
0.0790525
0.0759679
0.0728371
0.0696621
0.0664448
0.0631872
0.0598912
0.0565588
0.0531921
0.0497931
0.0463639
0.0429066
0.0394232
0.0359158
0.0323867
0.0288379
0.0252715
0.0216899
0.0180951
0.0144892
0.0108746
0.00725343
0.00362782
0
0
-0.00302655
-0.00605126
-0.0090723
-0.0120878
-0.015096
-0.0180951
-0.0210831
-0.0240583
-0.027019
-0.0299632
-0.0328893
-0.0357953
-0.0386797
-0.0415405
-0.0443762
-0.0471849
-0.049965
-0.0527147
-0.0554324
-0.0581165
-0.0607653
-0.0633772
-0.0659506
-0.068484
-0.0709758
-0.0734245
-0.0758286
-0.0781867
-0.0804974
-0.0827591
-0.0849707
-0.0871306
-0.0892376
-0.0912905
-0.093288
-0.0952288
-0.0971118
-0.0989358
-0.1007
-0.102403
-0.104043
-0.105621
-0.107134
-0.108583
-0.109965
-0.111281
-0.112529
-0.113709
-0.114819
-0.11586
-0.116831
-0.117731
-0.118559
-0.119316
-0.119999
-0.120611
-0.121148
-0.121613
-0.122003
-0.122319
-0.122562
-0.122729
-0.122823
-0.122841
-0.122785
-0.122655
-0.12245
-0.122171
-0.121817
-0.12139
-0.120889
-0.120314
-0.119667
-0.118946
-0.118154
-0.11729
-0.116355
-0.115349
-0.114273
-0.113127
-0.111913
-0.110631
-0.109282
-0.107867
-0.106386
-0.10484
-0.103231
-0.101559
-0.0998254
-0.0980312
-0.0961776
-0.0942655
-0.0922962
-0.0902709
-0.0881908
-0.0860572
-0.0838713
-0.0816344
-0.0793481
-0.0770135
-0.0746322
-0.0722056
-0.0697352
-0.0672224
-0.0646688
-0.0620759
-0.0594454
-0.0567787
-0.0540776
-0.0513437
-0.0485786
-0.045784
-0.0429616
-0.0401132
-0.0372403
-0.0343449
-0.0314286
-0.0284933
-0.0255406
-0.0225724
-0.0195906
-0.0165968
-0.013593
-0.0105809
-0.00756236
-0.00453925
-0.00151339
0.00151339
0.00453925
0.00756236
0.0105809
0.013593
0.0165968
0.0195906
0.0225724
0.0255406
0.0284933
0.0314286
0.0343449
0.0372403
0.0401132
0.0429616
0.045784
0.0485786
0.0513437
0.0540776
0.0567787
0.0594454
0.0620759
0.0646688
0.0672224
0.0697352
0.0722056
0.0746322
0.0770135
0.0793481
0.0816344
0.0838713
0.0860572
0.0881908
0.0902709
0.0922962
0.0942655
0.0961776
0.0980312
0.0998254
0.101559
0.103231
0.10484
0.106386
0.107867
0.109282
0.110631
0.111913
0.113127
0.114273
0.115349
0.116355
0.11729
0.118154
0.118946
0.119667
0.120314
0.120889
0.12139
0.121817
0.122171
0.12245
0.122655
0.122785
0.122841
0.122823
0.122729
0.122562
0.122319
0.122003
0.121613
0.121148
0.120611
0.119999
0.119316
0.118559
0.117731
0.116831
0.11586
0.114819
0.113709
0.112529
0.111281
0.109965
0.108583
0.107134
0.105621
0.104043
0.102403
0.1007
0.0989358
0.0971118
0.0952288
0.093288
0.0912905
0.0892376
0.0871306
0.0849707
0.0827591
0.0804974
0.0781867
0.0758286
0.0734245
0.0709758
0.068484
0.0659506
0.0633772
0.0607653
0.0581165
0.0554324
0.0527147
0.049965
0.0471849
0.0443762
0.0415405
0.0386797
0.0357953
0.0328893
0.0299632
0.027019
0.0240583
0.0210831
0.0180951
0.015096
0.0120878
0.0090723
0.00605126
0.00302655
0
0
-0.00242345
-0.00484543
-0.00726446
-0.00967909
-0.0120878
-0.0144892
-0.0168819
-0.0192642
-0.0216349
-0.0239924
-0.0263354
-0.0286624
-0.030972
-0.0332627
-0.0355333
-0.0377823
-0.0400084
-0.0422102
-0.0443864
-0.0465356
-0.0486565
-0.050748
-0.0528086
-0.0548371
-0.0568324
-0.0587931
-0.0607182
-0.0626064
-0.0644566
-0.0662677
-0.0680385
-0.069768
-0.0714552
-0.073099
-0.0746984
-0.0762525
-0.0777603
-0.0792208
-0.0806333
-0.0819968
-0.0833106
-0.0845737
-0.0857855
-0.0869453
-0.0880522
-0.0891057
-0.0901051
-0.0910498
-0.0919392
-0.0927728
-0.0935501
-0.0942706
-0.0949339
-0.0955395
-0.0960871
-0.0965764
-0.0970071
-0.0973788
-0.0976915
-0.0979448
-0.0981387
-0.098273
-0.0983476
-0.0983626
-0.0983178
-0.0982133
-0.0980492
-0.0978256
-0.0975426
-0.0972003
-0.0967991
-0.0963391
-0.0958206
-0.0952439
-0.0946094
-0.0939175
-0.0931685
-0.092363
-0.0915015
-0.0905843
-0.0896122
-0.0885857
-0.0875054
-0.086372
-0.0851861
-0.0839485
-0.08266
-0.0813212
-0.0799331
-0.0784965
-0.0770122
-0.0754812
-0.0739043
-0.0722826
-0.070617
-0.0689085
-0.0671582
-0.0653671
-0.0635363
-0.061667
-0.0597602
-0.0578172
-0.055839
-0.0538269
-0.0517822
-0.049706
-0.0475997
-0.0454644
-0.0433016
-0.0411124
-0.0388983
-0.0366606
-0.0344006
-0.0321198
-0.0298194
-0.027501
-0.0251658
-0.0228154
-0.0204511
-0.0180744
-0.0156867
-0.0132895
-0.0108843
-0.00847242
-0.0060554
-0.00363471
-0.00121182
0.00121182
0.00363471
0.0060554
0.00847242
0.0108843
0.0132895
0.0156867
0.0180744
0.0204511
0.0228154
0.0251658
0.027501
0.0298194
0.0321198
0.0344006
0.0366606
0.0388983
0.0411124
0.0433016
0.0454644
0.0475997
0.049706
0.0517822
0.0538269
0.055839
0.0578172
0.0597602
0.061667
0.0635363
0.0653671
0.0671582
0.0689085
0.070617
0.0722826
0.0739043
0.0754812
0.0770122
0.0784965
0.0799331
0.0813212
0.08266
0.0839485
0.0851861
0.086372
0.0875054
0.0885857
0.0896122
0.0905843
0.0915015
0.092363
0.0931685
0.0939175
0.0946094
0.0952439
0.0958206
0.0963391
0.0967991
0.0972003
0.0975426
0.0978256
0.0980492
0.0982133
0.0983178
0.0983626
0.0983476
0.098273
0.0981387
0.0979448
0.0976915
0.0973788
0.0970071
0.0965764
0.0960871
0.0955395
0.0949339
0.0942706
0.0935501
0.0927728
0.0919392
0.0910498
0.0901051
0.0891057
0.0880522
0.0869453
0.0857855
0.0845737
0.0833106
0.0819968
0.0806333
0.0792208
0.0777603
0.0762525
0.0746984
0.073099
0.0714552
0.069768
0.0680385
0.0662677
0.0644566
0.0626064
0.0607182
0.0587931
0.0568324
0.0548371
0.0528086
0.050748
0.0486565
0.0465356
0.0443864
0.0422102
0.0400084
0.0377823
0.0355333
0.0332627
0.030972
0.0286624
0.0263354
0.0239924
0.0216349
0.0192642
0.0168819
0.0144892
0.0120878
0.00967909
0.00726446
0.00484543
0.00242345
0
0
-0.00181887
-0.00363665
-0.00545221
-0.00726446
-0.0090723
-0.0108746
-0.0126704
-0.0144584
-0.0162377
-0.0180071
-0.0197656
-0.021512
-0.0232454
-0.0249647
-0.0266689
-0.0283568
-0.0300276
-0.0316801
-0.0333134
-0.0349264
-0.0365183
-0.038088
-0.0396345
-0.041157
-0.0426545
-0.0441261
-0.0455709
-0.0469881
-0.0483767
-0.049736
-0.0510651
-0.0523631
-0.0536294
-0.0548631
-0.0560635
-0.0572299
-0.0583615
-0.0594577
-0.0605178
-0.0615412
-0.0625272
-0.0634753
-0.0643848
-0.0652552
-0.066086
-0.0668767
-0.0676267
-0.0683358
-0.0690033
-0.069629
-0.0702123
-0.0707531
-0.0712509
-0.0717054
-0.0721164
-0.0724837
-0.0728069
-0.0730859
-0.0733205
-0.0735107
-0.0736562
-0.073757
-0.073813
-0.0738242
-0.0737906
-0.0737122
-0.073589
-0.0734212
-0.0732088
-0.0729519
-0.0726508
-0.0723055
-0.0719164
-0.0714836
-0.0710074
-0.0704881
-0.0699259
-0.0693214
-0.0686747
-0.0679864
-0.0672568
-0.0664864
-0.0656756
-0.0648249
-0.0639349
-0.063006
-0.0620389
-0.0610342
-0.0599923
-0.0589141
-0.0578001
-0.056651
-0.0554675
-0.0542504
-0.0530003
-0.051718
-0.0504044
-0.0490601
-0.047686
-0.046283
-0.0448519
-0.0433936
-0.0419089
-0.0403988
-0.0388642
-0.0373059
-0.0357251
-0.0341225
-0.0324992
-0.0308562
-0.0291944
-0.027515
-0.0258188
-0.0241069
-0.0223804
-0.0206404
-0.0188878
-0.0171237
-0.0153492
-0.0135654
-0.0117734
-0.00997423
-0.008169
-0.00635882
-0.00454477
-0.00272797
-0.000909506
0.000909506
0.00272797
0.00454477
0.00635882
0.008169
0.00997423
0.0117734
0.0135654
0.0153492
0.0171237
0.0188878
0.0206404
0.0223804
0.0241069
0.0258188
0.027515
0.0291944
0.0308562
0.0324992
0.0341225
0.0357251
0.0373059
0.0388642
0.0403988
0.0419089
0.0433936
0.0448519
0.046283
0.047686
0.0490601
0.0504044
0.051718
0.0530003
0.0542504
0.0554675
0.056651
0.0578001
0.0589141
0.0599923
0.0610342
0.0620389
0.063006
0.0639349
0.0648249
0.0656756
0.0664864
0.0672568
0.0679864
0.0686747
0.0693214
0.0699259
0.0704881
0.0710074
0.0714836
0.0719164
0.0723055
0.0726508
0.0729519
0.0732088
0.0734212
0.073589
0.0737122
0.0737906
0.0738242
0.073813
0.073757
0.0736562
0.0735107
0.0733205
0.0730859
0.0728069
0.0724837
0.0721164
0.0717054
0.0712509
0.0707531
0.0702123
0.069629
0.0690033
0.0683358
0.0676267
0.0668767
0.066086
0.0652552
0.0643848
0.0634753
0.0625272
0.0615412
0.0605178
0.0594577
0.0583615
0.0572299
0.0560635
0.0548631
0.0536294
0.0523631
0.0510651
0.049736
0.0483767
0.0469881
0.0455709
0.0441261
0.0426545
0.041157
0.0396345
0.038088
0.0365183
0.0349264
0.0333134
0.0316801
0.0300276
0.0283568
0.0266689
0.0249647
0.0232454
0.021512
0.0197656
0.0180071
0.0162377
0.0144584
0.0126704
0.0108746
0.0090723
0.00726446
0.00545221
0.00363665
0.00181887
0
0
-0.0012132
-0.00242566
-0.00363665
-0.00484543
-0.00605126
-0.00725343
-0.00845119
-0.00964382
-0.0108306
-0.0120108
-0.0131837
-0.0143486
-0.0155048
-0.0166516
-0.0177883
-0.0189141
-0.0200285
-0.0211308
-0.0222202
-0.0232961
-0.0243578
-0.0254048
-0.0264364
-0.0274519
-0.0284507
-0.0294323
-0.030396
-0.0313413
-0.0322675
-0.0331741
-0.0340606
-0.0349264
-0.035771
-0.0365939
-0.0373946
-0.0381726
-0.0389274
-0.0396586
-0.0403657
-0.0410482
-0.0417059
-0.0423383
-0.0429449
-0.0435255
-0.0440796
-0.044607
-0.0451073
-0.0455802
-0.0460255
-0.0464428
-0.0468319
-0.0471926
-0.0475246
-0.0478278
-0.048102
-0.0483469
-0.0485625
-0.0487486
-0.0489051
-0.0490319
-0.049129
-0.0491962
-0.0492336
-0.0492411
-0.0492186
-0.0491663
-0.0490842
-0.0489722
-0.0488306
-0.0486592
-0.0484584
-0.0482281
-0.0479685
-0.0476798
-0.0473622
-0.0470158
-0.0466409
-0.0462377
-0.0458063
-0.0453472
-0.0448606
-0.0443467
-0.0438059
-0.0432385
-0.0426448
-0.0420253
-0.0413802
-0.04071
-0.0400151
-0.039296
-0.0385529
-0.0377865
-0.0369971
-0.0361852
-0.0353514
-0.0344961
-0.0336199
-0.0327233
-0.0318068
-0.030871
-0.0299164
-0.0289437
-0.0279534
-0.0269462
-0.0259226
-0.0248832
-0.0238288
-0.0227598
-0.0216771
-0.0205812
-0.0194728
-0.0183526
-0.0172212
-0.0160794
-0.0149278
-0.0137672
-0.0125982
-0.0114216
-0.010238
-0.00904819
-0.00785291
-0.00665285
-0.00544876
-0.00424136
-0.00303138
-0.00181957
-0.000606645
0.000606645
0.00181957
0.00303138
0.00424136
0.00544876
0.00665285
0.00785291
0.00904819
0.010238
0.0114216
0.0125982
0.0137672
0.0149278
0.0160794
0.0172212
0.0183526
0.0194728
0.0205812
0.0216771
0.0227598
0.0238288
0.0248832
0.0259226
0.0269462
0.0279534
0.0289437
0.0299164
0.030871
0.0318068
0.0327233
0.0336199
0.0344961
0.0353514
0.0361852
0.0369971
0.0377865
0.0385529
0.039296
0.0400151
0.04071
0.0413802
0.0420253
0.0426448
0.0432385
0.0438059
0.0443467
0.0448606
0.0453472
0.0458063
0.0462377
0.0466409
0.0470158
0.0473622
0.0476798
0.0479685
0.0482281
0.0484584
0.0486592
0.0488306
0.0489722
0.0490842
0.0491663
0.0492186
0.0492411
0.0492336
0.0491962
0.049129
0.0490319
0.0489051
0.0487486
0.0485625
0.0483469
0.048102
0.0478278
0.0475246
0.0471926
0.0468319
0.0464428
0.0460255
0.0455802
0.0451073
0.044607
0.0440796
0.0435255
0.0429449
0.0423383
0.0417059
0.0410482
0.0403657
0.0396586
0.0389274
0.0381726
0.0373946
0.0365939
0.035771
0.0349264
0.0340606
0.0331741
0.0322675
0.0313413
0.030396
0.0294323
0.0284507
0.0274519
0.0264364
0.0254048
0.0243578
0.0232961
0.0222202
0.0211308
0.0200285
0.0189141
0.0177883
0.0166516
0.0155048
0.0143486
0.0131837
0.0120108
0.0108306
0.00964382
0.00845119
0.00725343
0.00605126
0.00484543
0.00363665
0.00242566
0.0012132
0
0
-0.000606783
-0.0012132
-0.00181887
-0.00242345
-0.00302655
-0.00362782
-0.00422688
-0.00482337
-0.00541694
-0.00600722
-0.00659385
-0.00717648
-0.00775476
-0.00832832
-0.00889683
-0.00945994
-0.0100173
-0.0105686
-0.0111135
-0.0116516
-0.0121826
-0.0127063
-0.0132222
-0.0137301
-0.0142297
-0.0147206
-0.0152026
-0.0156754
-0.0161386
-0.0165921
-0.0170355
-0.0174685
-0.0178909
-0.0183025
-0.018703
-0.0190921
-0.0194696
-0.0198353
-0.020189
-0.0205304
-0.0208593
-0.0211756
-0.021479
-0.0217693
-0.0220465
-0.0223103
-0.0225605
-0.022797
-0.0230197
-0.0232285
-0.0234231
-0.0236035
-0.0237695
-0.0239212
-0.0240583
-0.0241808
-0.0242886
-0.0243817
-0.02446
-0.0245234
-0.024572
-0.0246056
-0.0246243
-0.024628
-0.0246168
-0.0245906
-0.0245495
-0.0244936
-0.0244227
-0.024337
-0.0242365
-0.0241214
-0.0239915
-0.0238472
-0.0236883
-0.0235151
-0.0233275
-0.0231258
-0.0229101
-0.0226805
-0.0224371
-0.0221801
-0.0219096
-0.0216258
-0.0213289
-0.021019
-0.0206964
-0.0203612
-0.0200136
-0.0196539
-0.0192823
-0.018899
-0.0185042
-0.0180981
-0.0176811
-0.0172533
-0.0168151
-0.0163666
-0.0159082
-0.0154402
-0.0149628
-0.0144763
-0.013981
-0.0134772
-0.0129652
-0.0124454
-0.011918
-0.0113834
-0.0108418
-0.0102937
-0.00973936
-0.00917908
-0.00861323
-0.00804215
-0.00746619
-0.00688569
-0.00630102
-0.00571252
-0.00512055
-0.00452547
-0.00392764
-0.00332744
-0.00272521
-0.00212132
-0.00151615
-0.000910059
-0.000303414
0.000303414
0.000910059
0.00151615
0.00212132
0.00272521
0.00332744
0.00392764
0.00452547
0.00512055
0.00571252
0.00630102
0.00688569
0.00746619
0.00804215
0.00861323
0.00917908
0.00973936
0.0102937
0.0108418
0.0113834
0.011918
0.0124454
0.0129652
0.0134772
0.013981
0.0144763
0.0149628
0.0154402
0.0159082
0.0163666
0.0168151
0.0172533
0.0176811
0.0180981
0.0185042
0.018899
0.0192823
0.0196539
0.0200136
0.0203612
0.0206964
0.021019
0.0213289
0.0216258
0.0219096
0.0221801
0.0224371
0.0226805
0.0229101
0.0231258
0.0233275
0.0235151
0.0236883
0.0238472
0.0239915
0.0241214
0.0242365
0.024337
0.0244227
0.0244936
0.0245495
0.0245906
0.0246168
0.024628
0.0246243
0.0246056
0.024572
0.0245234
0.02446
0.0243817
0.0242886
0.0241808
0.0240583
0.0239212
0.0237695
0.0236035
0.0234231
0.0232285
0.0230197
0.022797
0.0225605
0.0223103
0.0220465
0.0217693
0.021479
0.0211756
0.0208593
0.0205304
0.020189
0.0198353
0.0194696
0.0190921
0.018703
0.0183025
0.0178909
0.0174685
0.0170355
0.0165921
0.0161386
0.0156754
0.0152026
0.0147206
0.0142297
0.0137301
0.0132222
0.0127063
0.0121826
0.0116516
0.0111135
0.0105686
0.0100173
0.00945994
0.00889683
0.00832832
0.00775476
0.00717648
0.00659385
0.00600722
0.00541694
0.00482337
0.00422688
0.00362782
0.00302655
0.00242345
0.00181887
0.0012132
0.000606783
0
0
0
0
0
0
0
0
0
0
0
0
0
0
0
0
0
0
0
0
0
0
0
0
0
0
0
0
0
0
0
0
0
0
0
0
0
0
0
0
0
0
0
0
0
0
0
0
0
0
0
0
0
0
0
0
0
0
0
0
0
0
0
0
0
0
0
0
0
0
0
0
0
0
0
0
0
0
0
0
0
0
0
0
0
0
0
0
0
0
0
0
0
0
0
0
0
0
0
0
0
0
0
0
0
0
0
0
0
0
0
0
0
0
0
0
0
0
0
0
0
0
0
0
0
0
0
0
0
0
0
0
0
0
0
0
0
0
0
0
0
0
0
0
0
0
0
0
0
0
0
0
0
0
0
0
0
0
0
0
0
0
0
0
0
0
0
0
0
0
0
0
0
0
0
0
0
0
0
0
0
0
0
0
0
0
0
0
0
0
0
0
0
0
0
0
0
0
0
0
0
0
0
0
0
0
0
0
0
0
0
0
0
0
0
0
0
0
0
0
0
0
0
0
0
0
0
0
0
0
0
0
0
0
0
0
0
0
0
0
0
0
0
0
0
0
0
0
0
0
0
0
0
0
0
0
0
